# Blender 4.3.2
# www.blender.org
mtllib tank.mtl
o Cube
v 0.661105 0.226914 2.915392
v 0.660703 0.207046 2.935897
v 0.682330 0.207050 2.915392
v 0.655060 -0.074348 2.935897
v 0.654665 -0.094216 2.915392
v 0.676687 -0.074350 2.915392
v 0.661105 0.226913 1.553754
v 0.682329 0.207049 1.553754
v 0.660703 0.207045 1.533248
v 0.654665 -0.094216 1.553754
v 0.655060 -0.074348 1.533249
v 0.676686 -0.074351 1.553754
v -0.069345 0.226894 2.915392
v -0.090568 0.207029 2.915392
v -0.068941 0.207026 2.935897
v -0.062877 -0.094235 2.915392
v -0.063273 -0.074367 2.935897
v -0.084900 -0.074371 2.915392
v -0.069345 0.226894 1.553754
v -0.068941 0.207026 1.533249
v -0.090568 0.207029 1.553754
v -0.062877 -0.094235 1.553754
v -0.084900 -0.074371 1.553754
v -0.063273 -0.074367 1.533249
v -0.150960 0.226040 2.915392
v -0.150559 0.206175 2.935897
v -0.128937 0.206411 2.915392
v -0.144867 -0.075222 2.935897
v -0.144464 -0.095087 2.915392
v -0.123245 -0.074988 2.915392
v -0.150960 0.226039 1.553754
v -0.128937 0.206411 1.553754
v -0.150559 0.206174 1.533249
v -0.144464 -0.095087 1.553754
v -0.144867 -0.075222 1.533249
v -0.123245 -0.074989 1.553754
v -0.870548 0.218193 2.915392
v -0.892307 0.198090 2.915392
v -0.870682 0.198322 2.935898
v -0.872777 -0.102973 2.915392
v -0.872635 -0.083102 2.935898
v -0.894261 -0.083340 2.915392
v -0.870548 0.218193 1.553754
v -0.870682 0.198322 1.533249
v -0.892307 0.198090 1.553754
v -0.872777 -0.102973 1.553754
v -0.894261 -0.083340 1.553754
v -0.872635 -0.083102 1.533249
v -0.951437 0.219163 2.915392
v -0.951672 0.199286 2.935898
v -0.930058 0.198455 2.915392
v -0.954849 -0.082103 2.935898
v -0.955062 -0.101981 2.915392
v -0.933235 -0.082967 2.915392
v -0.951437 0.219163 1.553754
v -0.930058 0.198455 1.553754
v -0.951672 0.199286 1.533249
v -0.955062 -0.101982 1.553754
v -0.954849 -0.082104 1.533249
v -0.933235 -0.082968 1.553754
v -1.652263 0.246439 2.915393
v -1.676782 0.227593 2.915393
v -1.655097 0.226663 2.935898
v -1.699493 -0.072582 2.915393
v -1.696474 -0.052815 2.935898
v -1.718182 -0.052042 2.915393
v -1.652263 0.246438 1.553754
v -1.655097 0.226663 1.533249
v -1.676782 0.227592 1.553754
v -1.699493 -0.072583 1.553754
v -1.718181 -0.052043 1.553754
v -1.696474 -0.052816 1.533249
v -1.731294 0.254835 2.915392
v -1.734474 0.235151 2.935898
v -1.713257 0.231156 2.915392
v -1.779045 -0.044020 2.935898
v -1.782147 -0.063725 2.915393
v -1.757856 -0.048189 2.915393
v -1.731294 0.254835 1.553754
v -1.713257 0.231156 1.553754
v -1.734474 0.235151 1.533249
v -1.782147 -0.063726 1.553754
v -1.779044 -0.044021 1.533249
v -1.757855 -0.048189 1.553754
v -2.371983 0.376499 2.915393
v -2.403309 0.362977 2.915393
v -2.381670 0.358050 2.935898
v -2.541101 0.084137 2.915393
v -2.529686 0.102223 2.935898
v -2.552104 0.105802 2.915393
v -2.371983 0.376498 1.553755
v -2.381670 0.358050 1.533249
v -2.403309 0.362976 1.553755
v -2.541101 0.084137 1.553755
v -2.552104 0.105801 1.553755
v -2.529686 0.102223 1.533249
v -2.441323 0.402809 2.915393
v -2.452473 0.385407 2.935898
v -2.435556 0.372515 2.915393
v -2.607857 0.131696 2.935898
v -2.618335 0.113694 2.915393
v -2.591517 0.117864 2.915393
v -2.441323 0.402808 1.553754
v -2.435556 0.372514 1.553754
v -2.452473 0.385406 1.533249
v -2.618335 0.113694 1.553754
v -2.607857 0.131695 1.533249
v -2.591517 0.117864 1.553754
v -2.829284 0.710387 2.915393
v -2.866141 0.717006 2.915393
v -2.850432 0.700911 2.935898
v -3.208846 0.592425 2.915393
v -3.182723 0.597742 2.935898
v -3.204575 0.611930 2.915393
v -2.829284 0.710386 1.553755
v -2.850432 0.700911 1.533249
v -2.866141 0.717005 1.553755
v -3.208846 0.592424 1.553755
v -3.204575 0.611929 1.553755
v -3.182723 0.597742 1.533249
v -2.858213 0.764554 2.915393
v -2.879886 0.759545 2.935898
v -2.879132 0.739023 2.915393
v -3.221808 0.666098 2.935898
v -3.243499 0.659256 2.915393
v -3.222966 0.645053 2.915393
v -2.858213 0.764554 1.553754
v -2.879133 0.739022 1.553754
v -2.879886 0.759545 1.533249
v -3.243499 0.659256 1.553754
v -3.221808 0.666098 1.533249
v -3.222966 0.645053 1.553754
v -2.853886 1.208816 2.915393
v -2.874334 1.234603 2.915393
v -2.875458 1.214112 2.935898
v -3.237092 1.318719 2.915393
v -3.215536 1.311646 2.935898
v -3.216257 1.332666 2.915393
v -2.853886 1.208816 1.553755
v -2.875458 1.214112 1.533249
v -2.874334 1.234603 1.553755
v -3.237092 1.318719 1.553755
v -3.216258 1.332666 1.553755
v -3.215536 1.311646 1.533249
v -2.824482 1.262795 2.915393
v -2.845489 1.272547 2.935898
v -2.861451 1.256655 2.915393
v -3.175685 1.379665 2.935898
v -3.201736 1.385307 2.915393
v -3.197757 1.365755 2.915393
v -2.824482 1.262795 1.553755
v -2.861451 1.256655 1.553755
v -2.845490 1.272546 1.533249
v -3.201736 1.385307 1.553755
v -3.175686 1.379665 1.533249
v -3.197757 1.365755 1.553755
v -2.429868 1.566385 2.915392
v -2.423728 1.596539 2.915392
v -2.440820 1.583872 2.935898
v -2.603918 1.856592 2.915393
v -2.593607 1.838541 2.935898
v -2.577069 1.852129 2.915393
v -2.429868 1.566385 1.553755
v -2.440820 1.583872 1.533249
v -2.423728 1.596539 1.553755
v -2.603919 1.856591 1.553755
v -2.577069 1.852129 1.553755
v -2.593608 1.838541 1.533249
v -2.360319 1.592423 2.915393
v -2.369847 1.610920 2.935898
v -2.391492 1.606099 2.915393
v -2.515259 1.867684 2.935898
v -2.526455 1.885838 2.915393
v -2.537644 1.864170 2.915393
v -2.360320 1.592423 1.553754
v -2.391493 1.606099 1.553754
v -2.369848 1.610920 1.533249
v -2.526455 1.885838 1.553754
v -2.515259 1.867684 1.533249
v -2.537644 1.864170 1.553754
v -1.718017 1.712095 2.915392
v -1.699881 1.735713 2.915392
v -1.721114 1.731791 2.935898
v -1.767534 2.030792 2.915392
v -1.764514 2.011076 2.935898
v -1.743307 2.015167 2.915392
v -1.718017 1.712095 1.553754
v -1.721115 1.731791 1.533249
v -1.699882 1.735713 1.553754
v -1.767534 2.030792 1.553754
v -1.743307 2.015167 1.553754
v -1.764514 2.011075 1.533249
v -1.638968 1.720390 2.915393
v -1.641723 1.740171 2.935898
v -1.663406 1.739280 2.915393
v -1.681928 2.019757 2.935898
v -1.684860 2.039531 2.915393
v -1.703632 2.019016 2.915393
v -1.638969 1.720390 1.553754
v -1.663407 1.739280 1.553754
v -1.641723 1.740171 1.533249
v -1.684861 2.039531 1.553754
v -1.681928 2.019757 1.533249
v -1.703633 2.019016 1.553754
v -0.937626 1.746568 2.915393
v -0.916213 1.767242 2.915393
v -0.937830 1.766445 2.935898
v -0.940739 2.067716 2.915393
v -0.940557 2.047838 2.935898
v -0.918941 2.048667 2.915393
v -0.937626 1.746568 1.553754
v -0.937830 1.766445 1.533249
v -0.916214 1.767242 1.553754
v -0.940739 2.067716 1.553754
v -0.918942 2.048667 1.553754
v -0.940558 2.047838 1.533249
v -0.856735 1.747494 2.915393
v -0.856838 1.767365 2.935898
v -0.878463 1.767608 2.915393
v -0.858343 2.048791 2.935898
v -0.858452 2.068662 2.915393
v -0.879967 2.049039 2.915393
v -0.856736 1.747494 1.553754
v -0.878463 1.767608 1.553754
v -0.856838 1.767365 1.533249
v -0.858453 2.068662 1.553754
v -0.858343 2.048791 1.533249
v -0.879968 2.049039 1.553754
v -0.136887 1.739307 2.915393
v -0.114865 1.758926 2.915393
v -0.136486 1.759172 2.935898
v -0.130402 2.060434 2.915393
v -0.130803 2.040569 2.935898
v -0.109182 2.040325 2.915393
v -0.136887 1.739307 1.553754
v -0.136487 1.759172 1.533249
v -0.114865 1.758926 1.553754
v -0.130402 2.060434 1.553754
v -0.109182 2.040325 1.553754
v -0.130804 2.040569 1.533249
v -0.055272 1.738455 2.915392
v -0.054868 1.758323 2.935898
v -0.076495 1.758307 2.915392
v -0.049210 2.039716 2.935898
v -0.048814 2.059584 2.915393
v -0.070837 2.039707 2.915393
v -0.055272 1.738455 1.553754
v -0.076495 1.758307 1.553754
v -0.054869 1.758323 1.533249
v -0.048815 2.059584 1.553754
v -0.049210 2.039716 1.533249
v -0.070837 2.039707 1.553754
v 0.675177 1.738863 2.915392
v 0.696401 1.758740 2.915392
v 0.674775 1.758731 2.935898
v 0.668727 2.059992 2.915392
v 0.669123 2.040124 2.935898
v 0.690749 2.040140 2.915392
v 0.675177 1.738863 1.553754
v 0.674774 1.758731 1.533249
v 0.696401 1.758740 1.553754
v 0.668727 2.059992 1.553754
v 0.690749 2.040140 1.553754
v 0.669123 2.040124 1.533249
v 0.756793 1.739716 2.915392
v 0.756393 1.759581 2.935898
v 0.734771 1.759356 2.915392
v 0.750716 2.040977 2.935898
v 0.750315 2.060843 2.915392
v 0.729094 2.040756 2.915392
v 0.756793 1.739715 1.553754
v 0.734770 1.759356 1.553754
v 0.756393 1.759580 1.533249
v 0.750315 2.060843 1.553754
v 0.750716 2.040977 1.533249
v 0.729094 2.040755 1.553754
v 1.476117 1.747178 2.915393
v 1.497910 1.767269 2.915393
v 1.476284 1.767049 2.935898
v 1.478895 2.068341 2.915393
v 1.478719 2.048470 2.935898
v 1.500345 2.048696 2.915393
v 1.476116 1.747177 1.553754
v 1.476284 1.767049 1.533249
v 1.497910 1.767269 1.553754
v 1.478895 2.068341 1.553754
v 1.500345 2.048696 1.553754
v 1.478719 2.048470 1.533249
v 1.557005 1.746159 2.915392
v 1.557275 1.766035 2.935898
v 1.535661 1.766902 2.915392
v 1.560933 2.047420 2.935898
v 1.561180 2.067298 2.915392
v 1.539320 2.048322 2.915392
v 1.557005 1.746158 1.553754
v 1.535661 1.766902 1.553754
v 1.557275 1.766035 1.533249
v 1.561180 2.067298 1.553754
v 1.560933 2.047420 1.533249
v 1.539320 2.048322 1.553754
v 2.257295 1.717720 2.915392
v 2.281898 1.736519 2.915392
v 2.260211 1.737489 2.935898
v 2.305933 2.036610 2.915392
v 2.302821 2.016850 2.935898
v 2.324533 2.016044 2.915392
v 2.257294 1.717720 1.553754
v 2.260211 1.737489 1.533249
v 2.281898 1.736519 1.553754
v 2.305932 2.036610 1.553754
v 2.324533 2.016044 1.553754
v 2.302821 2.016850 1.533249
v 2.336309 1.709213 2.915392
v 2.339575 1.728885 2.935898
v 2.318376 1.732957 2.915392
v 2.385379 2.007933 2.935898
v 2.388567 2.027627 2.915392
v 2.364209 2.012184 2.915392
v 2.336309 1.709213 1.553754
v 2.318375 1.732957 1.553754
v 2.339575 1.728885 1.533249
v 2.388567 2.027627 1.553754
v 2.385379 2.007933 1.533249
v 2.364209 2.012184 1.553754
v 2.975306 1.585458 2.915393
v 3.006790 1.598817 2.915393
v 2.985160 1.603854 2.935898
v 3.147551 1.876691 2.915393
v 3.135905 1.858679 2.935898
v 3.158358 1.855032 2.915393
v 2.975306 1.585458 1.553754
v 2.985160 1.603854 1.533249
v 3.006790 1.598817 1.553754
v 3.147551 1.876691 1.553754
v 3.158358 1.855032 1.553754
v 3.135905 1.858679 1.533249
v 3.044419 1.558863 2.915393
v 3.055777 1.576173 2.935898
v 3.039049 1.589300 2.915393
v 3.213885 1.828856 2.935898
v 3.224539 1.846807 2.915393
v 3.197758 1.842944 2.915393
v 3.044419 1.558863 1.553754
v 3.039049 1.589300 1.553754
v 3.055777 1.576173 1.533249
v 3.224539 1.846807 1.553754
v 3.213885 1.828856 1.533249
v 3.197758 1.842944 1.553754
v 3.425422 1.247101 2.915393
v 3.462152 1.239978 2.915393
v 3.446714 1.256283 2.935898
v 3.807327 1.360229 2.915393
v 3.781134 1.355253 2.935898
v 3.802748 1.340776 2.915393
v 3.425422 1.247100 1.553755
v 3.446714 1.256283 1.533249
v 3.462152 1.239978 1.553755
v 3.807327 1.360229 1.553754
v 3.802748 1.340776 1.553754
v 3.781134 1.355253 1.533249
v 3.453846 1.192742 2.915393
v 3.475620 1.197446 2.935898
v 3.475260 1.217996 2.915393
v 3.819400 1.286551 2.935898
v 3.841231 1.293148 2.915393
v 3.821023 1.307615 2.915393
v 3.453846 1.192742 1.553755
v 3.475260 1.217996 1.553755
v 3.475620 1.197446 1.533249
v 3.841231 1.293148 1.553754
v 3.819400 1.286551 1.533249
v 3.821023 1.307615 1.553754
v 3.440347 0.748464 2.915393
v 3.460290 0.722413 2.915393
v 3.461808 0.742864 2.935898
v 3.821241 0.633689 2.915393
v 3.799831 0.641008 2.935898
v 3.800093 0.620020 2.915393
v 3.440347 0.748464 1.553755
v 3.461808 0.742864 1.533249
v 3.460290 0.722413 1.553755
v 3.821241 0.633689 1.553755
v 3.800093 0.620020 1.553755
v 3.799831 0.641008 1.533249
v 3.410444 0.694693 2.915393
v 3.431295 0.684650 2.935898
v 3.447523 0.700322 2.915393
v 3.759176 0.573356 2.935898
v 3.785143 0.567369 2.915393
v 3.781476 0.586967 2.915393
v 3.410445 0.694693 1.553755
v 3.447524 0.700322 1.553755
v 3.431296 0.684649 1.533249
v 3.785143 0.567369 1.553755
v 3.759177 0.573356 1.533249
v 3.781476 0.586967 1.553755
v 3.008682 0.395373 2.915393
v 3.002147 0.365371 2.915393
v 3.019422 0.377796 2.935898
v 3.179558 0.104020 2.915393
v 3.169426 0.122123 2.935898
v 3.152681 0.108795 2.915393
v 3.008682 0.395373 1.553755
v 3.019422 0.377796 1.533249
v 3.002147 0.365371 1.553755
v 3.179558 0.104020 1.553755
v 3.152681 0.108795 1.553755
v 3.169427 0.122122 1.533249
v 2.938916 0.369624 2.915393
v 2.948273 0.351076 2.935898
v 2.969924 0.355785 2.915393
v 3.090892 0.093331 2.935898
v 3.101853 0.075105 2.915393
v 3.113243 0.096776 2.915393
v 2.938916 0.369624 1.553755
v 2.969925 0.355785 1.553755
v 2.948273 0.351076 1.533249
v 3.101854 0.075104 1.553755
v 3.090892 0.093330 1.533249
v 3.113243 0.096776 1.553755
v 2.294887 0.252082 2.915393
v 2.276647 0.228531 2.915393
v 2.297897 0.232375 2.935898
v 2.342979 -0.066755 2.915393
v 2.340046 -0.047028 2.935898
v 2.318821 -0.051036 2.915393
v 2.294887 0.252081 1.553755
v 2.297897 0.232375 1.533250
v 2.276647 0.228531 1.553755
v 2.342979 -0.066755 1.553755
v 2.318821 -0.051036 1.553755
v 2.340047 -0.047028 1.533250
v 2.215820 0.243894 2.915393
v 2.218490 0.224107 2.935898
v 2.240171 0.224957 2.915393
v 2.257443 -0.055591 2.935898
v 2.260282 -0.075372 2.915393
v 2.279144 -0.054883 2.915393
v 2.215820 0.243894 1.553755
v 2.240171 0.224957 1.553755
v 2.218490 0.224106 1.533250
v 2.260282 -0.075373 1.553755
v 2.257443 -0.055592 1.533250
v 2.279144 -0.054884 1.553755
v 1.513921 0.218879 2.915393
v 1.492474 0.198241 2.915393
v 1.514091 0.199002 2.935898
v 1.516498 -0.102273 2.915393
v 1.516350 -0.082395 2.935899
v 1.494732 -0.083187 2.915393
v 1.513921 0.218878 1.553755
v 1.514091 0.199001 1.533250
v 1.492474 0.198241 1.553755
v 1.516498 -0.102273 1.553755
v 1.494732 -0.083187 1.553755
v 1.516350 -0.082395 1.533250
v 1.433028 0.217996 2.915393
v 1.433099 0.198126 2.935898
v 1.454723 0.197872 2.915393
v 1.434133 -0.083303 2.935899
v 1.434209 -0.103173 2.915393
v 1.455757 -0.083560 2.915393
v 1.433028 0.217996 1.553755
v 1.454723 0.197872 1.553755
v 1.433099 0.198125 1.533250
v 1.434209 -0.103174 1.553755
v 1.434133 -0.083303 1.533250
v 1.455757 -0.083560 1.553755
v 0.712895 0.226521 2.915394
v 0.690875 0.206912 2.915394
v 0.712496 0.206656 2.935899
v 0.706449 -0.094607 2.915394
v 0.706848 -0.074742 2.935899
v 0.685226 -0.074488 2.915394
v 0.712895 0.226521 1.553755
v 0.712496 0.206656 1.533250
v 0.690875 0.206912 1.553755
v 0.706449 -0.094607 1.553755
v 0.685226 -0.074488 1.553755
v 0.706848 -0.074742 1.533250
v 0.661105 0.226914 -3.148426
v 0.660703 0.207046 -3.168931
v 0.682330 0.207050 -3.148426
v 0.655060 -0.074348 -3.168931
v 0.654665 -0.094216 -3.148426
v 0.676687 -0.074350 -3.148426
v 0.661105 0.226913 -1.786787
v 0.682329 0.207049 -1.786787
v 0.660703 0.207045 -1.766282
v 0.654665 -0.094216 -1.786788
v 0.655060 -0.074348 -1.766282
v 0.676686 -0.074351 -1.786788
v -0.069345 0.226894 -3.148426
v -0.090568 0.207029 -3.148426
v -0.068941 0.207026 -3.168931
v -0.062877 -0.094235 -3.148426
v -0.063273 -0.074367 -3.168931
v -0.084900 -0.074371 -3.148426
v -0.069345 0.226894 -1.786788
v -0.068941 0.207026 -1.766282
v -0.090568 0.207029 -1.786788
v -0.062877 -0.094235 -1.786788
v -0.084900 -0.074371 -1.786788
v -0.063273 -0.074367 -1.766282
v -0.150960 0.226040 -3.148426
v -0.150559 0.206175 -3.168931
v -0.128937 0.206411 -3.148426
v -0.144867 -0.075222 -3.168931
v -0.144464 -0.095087 -3.148426
v -0.123245 -0.074988 -3.148426
v -0.150960 0.226039 -1.786788
v -0.128937 0.206411 -1.786788
v -0.150559 0.206174 -1.766282
v -0.144464 -0.095087 -1.786788
v -0.144867 -0.075222 -1.766282
v -0.123245 -0.074989 -1.786788
v -0.870548 0.218193 -3.148426
v -0.892307 0.198090 -3.148426
v -0.870682 0.198322 -3.168931
v -0.872777 -0.102973 -3.148426
v -0.872635 -0.083102 -3.168931
v -0.894261 -0.083340 -3.148426
v -0.870548 0.218193 -1.786788
v -0.870682 0.198322 -1.766283
v -0.892307 0.198090 -1.786788
v -0.872777 -0.102973 -1.786788
v -0.894261 -0.083340 -1.786788
v -0.872635 -0.083102 -1.766282
v -0.951437 0.219163 -3.148426
v -0.951672 0.199286 -3.168931
v -0.930058 0.198455 -3.148426
v -0.954849 -0.082103 -3.168931
v -0.955062 -0.101981 -3.148426
v -0.933235 -0.082967 -3.148426
v -0.951437 0.219163 -1.786788
v -0.930058 0.198455 -1.786788
v -0.951672 0.199286 -1.766283
v -0.955062 -0.101982 -1.786788
v -0.954849 -0.082104 -1.766283
v -0.933235 -0.082968 -1.786788
v -1.652263 0.246439 -3.148426
v -1.676782 0.227593 -3.148426
v -1.655097 0.226663 -3.168931
v -1.699493 -0.072582 -3.148426
v -1.696474 -0.052815 -3.168931
v -1.718182 -0.052042 -3.148426
v -1.652263 0.246438 -1.786788
v -1.655097 0.226663 -1.766283
v -1.676782 0.227592 -1.786788
v -1.699493 -0.072583 -1.786788
v -1.718181 -0.052043 -1.786788
v -1.696474 -0.052816 -1.766283
v -1.731294 0.254835 -3.148426
v -1.734474 0.235151 -3.168931
v -1.713257 0.231156 -3.148426
v -1.779045 -0.044020 -3.168931
v -1.782147 -0.063725 -3.148426
v -1.757856 -0.048189 -3.148426
v -1.731294 0.254835 -1.786788
v -1.713257 0.231156 -1.786788
v -1.734474 0.235151 -1.766283
v -1.782147 -0.063726 -1.786788
v -1.779044 -0.044021 -1.766283
v -1.757855 -0.048189 -1.786788
v -2.371983 0.376499 -3.148426
v -2.403309 0.362977 -3.148426
v -2.381670 0.358050 -3.168931
v -2.541101 0.084137 -3.148426
v -2.529686 0.102223 -3.168931
v -2.552104 0.105802 -3.148426
v -2.371983 0.376498 -1.786788
v -2.381670 0.358050 -1.766283
v -2.403309 0.362976 -1.786788
v -2.541101 0.084137 -1.786788
v -2.552104 0.105801 -1.786788
v -2.529686 0.102223 -1.766283
v -2.441323 0.402809 -3.148426
v -2.452473 0.385407 -3.168931
v -2.435556 0.372515 -3.148426
v -2.607857 0.131696 -3.168931
v -2.618335 0.113694 -3.148426
v -2.591517 0.117864 -3.148426
v -2.441323 0.402808 -1.786788
v -2.435556 0.372514 -1.786788
v -2.452473 0.385406 -1.766283
v -2.618335 0.113694 -1.786788
v -2.607857 0.131695 -1.766283
v -2.591517 0.117864 -1.786788
v -2.829284 0.710387 -3.148426
v -2.866141 0.717006 -3.148426
v -2.850432 0.700911 -3.168931
v -3.208846 0.592425 -3.148426
v -3.182723 0.597742 -3.168931
v -3.204575 0.611930 -3.148426
v -2.829284 0.710386 -1.786788
v -2.850432 0.700911 -1.766283
v -2.866141 0.717005 -1.786788
v -3.208846 0.592424 -1.786788
v -3.204575 0.611929 -1.786788
v -3.182723 0.597742 -1.766283
v -2.858213 0.764554 -3.148426
v -2.879886 0.759545 -3.168931
v -2.879132 0.739023 -3.148426
v -3.221808 0.666098 -3.168932
v -3.243499 0.659256 -3.148427
v -3.222966 0.645053 -3.148427
v -2.858213 0.764554 -1.786788
v -2.879133 0.739022 -1.786788
v -2.879886 0.759545 -1.766283
v -3.243499 0.659256 -1.786788
v -3.221808 0.666098 -1.766283
v -3.222966 0.645053 -1.786788
v -2.853886 1.208816 -3.148426
v -2.874334 1.234603 -3.148426
v -2.875458 1.214112 -3.168931
v -3.237092 1.318719 -3.148426
v -3.215536 1.311646 -3.168931
v -3.216257 1.332666 -3.148426
v -2.853886 1.208816 -1.786788
v -2.875458 1.214112 -1.766283
v -2.874334 1.234603 -1.786788
v -3.237092 1.318719 -1.786788
v -3.216258 1.332666 -1.786788
v -3.215536 1.311646 -1.766283
v -2.824482 1.262795 -3.148426
v -2.845489 1.272547 -3.168931
v -2.861451 1.256655 -3.148426
v -3.175685 1.379665 -3.168931
v -3.201736 1.385307 -3.148426
v -3.197757 1.365755 -3.148426
v -2.824482 1.262795 -1.786788
v -2.861451 1.256655 -1.786788
v -2.845490 1.272546 -1.766283
v -3.201736 1.385307 -1.786788
v -3.175686 1.379665 -1.766283
v -3.197757 1.365755 -1.786788
v -2.429868 1.566385 -3.148426
v -2.423728 1.596539 -3.148426
v -2.440820 1.583872 -3.168931
v -2.603918 1.856592 -3.148426
v -2.593607 1.838541 -3.168931
v -2.577069 1.852129 -3.148426
v -2.429868 1.566385 -1.786788
v -2.440820 1.583872 -1.766283
v -2.423728 1.596539 -1.786788
v -2.603919 1.856591 -1.786788
v -2.577069 1.852129 -1.786788
v -2.593608 1.838541 -1.766283
v -2.360319 1.592423 -3.148426
v -2.369847 1.610920 -3.168931
v -2.391492 1.606099 -3.148426
v -2.515259 1.867684 -3.168931
v -2.526455 1.885838 -3.148426
v -2.537644 1.864170 -3.148426
v -2.360320 1.592423 -1.786788
v -2.391493 1.606099 -1.786788
v -2.369848 1.610920 -1.766283
v -2.526455 1.885838 -1.786788
v -2.515259 1.867684 -1.766283
v -2.537644 1.864170 -1.786788
v -1.718017 1.712095 -3.148426
v -1.699881 1.735713 -3.148426
v -1.721114 1.731791 -3.168931
v -1.767534 2.030792 -3.148426
v -1.764514 2.011076 -3.168931
v -1.743307 2.015167 -3.148426
v -1.718017 1.712095 -1.786788
v -1.721115 1.731791 -1.766283
v -1.699882 1.735713 -1.786788
v -1.767534 2.030792 -1.786788
v -1.743307 2.015167 -1.786788
v -1.764514 2.011075 -1.766283
v -1.638968 1.720390 -3.148426
v -1.641723 1.740171 -3.168931
v -1.663406 1.739280 -3.148426
v -1.681928 2.019757 -3.168931
v -1.684860 2.039531 -3.148426
v -1.703632 2.019016 -3.148426
v -1.638969 1.720390 -1.786788
v -1.663407 1.739280 -1.786788
v -1.641723 1.740171 -1.766283
v -1.684861 2.039531 -1.786788
v -1.681928 2.019757 -1.766283
v -1.703633 2.019016 -1.786788
v -0.937626 1.746568 -3.148426
v -0.916213 1.767242 -3.148426
v -0.937830 1.766445 -3.168931
v -0.940739 2.067716 -3.148426
v -0.940557 2.047838 -3.168931
v -0.918941 2.048667 -3.148426
v -0.937626 1.746568 -1.786788
v -0.937830 1.766445 -1.766283
v -0.916214 1.767242 -1.786788
v -0.940739 2.067716 -1.786788
v -0.918942 2.048667 -1.786788
v -0.940558 2.047838 -1.766283
v -0.856735 1.747494 -3.148426
v -0.856838 1.767365 -3.168931
v -0.878463 1.767608 -3.148426
v -0.858343 2.048791 -3.168931
v -0.858452 2.068662 -3.148426
v -0.879967 2.049039 -3.148426
v -0.856736 1.747494 -1.786788
v -0.878463 1.767608 -1.786788
v -0.856838 1.767365 -1.766283
v -0.858453 2.068662 -1.786788
v -0.858343 2.048791 -1.766283
v -0.879968 2.049039 -1.786788
v -0.136887 1.739307 -3.148426
v -0.114865 1.758926 -3.148426
v -0.136486 1.759172 -3.168931
v -0.130402 2.060434 -3.148426
v -0.130803 2.040569 -3.168931
v -0.109182 2.040325 -3.148426
v -0.136887 1.739307 -1.786788
v -0.136487 1.759172 -1.766283
v -0.114865 1.758926 -1.786788
v -0.130402 2.060434 -1.786788
v -0.109182 2.040325 -1.786788
v -0.130804 2.040569 -1.766283
v -0.055272 1.738455 -3.148426
v -0.054868 1.758323 -3.168931
v -0.076495 1.758307 -3.148426
v -0.049210 2.039716 -3.168931
v -0.048814 2.059584 -3.148426
v -0.070837 2.039707 -3.148426
v -0.055272 1.738455 -1.786788
v -0.076495 1.758307 -1.786788
v -0.054869 1.758323 -1.766283
v -0.048815 2.059584 -1.786788
v -0.049210 2.039716 -1.766283
v -0.070837 2.039707 -1.786788
v 0.675177 1.738863 -3.148426
v 0.696401 1.758740 -3.148426
v 0.674775 1.758731 -3.168931
v 0.668727 2.059992 -3.148426
v 0.669123 2.040124 -3.168931
v 0.690749 2.040140 -3.148426
v 0.675177 1.738863 -1.786788
v 0.674774 1.758731 -1.766283
v 0.696401 1.758740 -1.786788
v 0.668727 2.059992 -1.786788
v 0.690749 2.040140 -1.786788
v 0.669123 2.040124 -1.766283
v 0.756793 1.739716 -3.148426
v 0.756393 1.759581 -3.168931
v 0.734771 1.759356 -3.148426
v 0.750716 2.040977 -3.168931
v 0.750315 2.060843 -3.148426
v 0.729094 2.040756 -3.148426
v 0.756793 1.739715 -1.786788
v 0.734770 1.759356 -1.786788
v 0.756393 1.759580 -1.766283
v 0.750315 2.060843 -1.786788
v 0.750716 2.040977 -1.766283
v 0.729094 2.040755 -1.786788
v 1.476117 1.747178 -3.148426
v 1.497910 1.767269 -3.148426
v 1.476284 1.767049 -3.168931
v 1.478895 2.068341 -3.148426
v 1.478719 2.048470 -3.168931
v 1.500345 2.048696 -3.148426
v 1.476116 1.747177 -1.786788
v 1.476284 1.767049 -1.766283
v 1.497910 1.767269 -1.786788
v 1.478895 2.068341 -1.786788
v 1.500345 2.048696 -1.786788
v 1.478719 2.048470 -1.766282
v 1.557005 1.746159 -3.148426
v 1.557275 1.766035 -3.168931
v 1.535661 1.766902 -3.148426
v 1.560933 2.047420 -3.168931
v 1.561180 2.067298 -3.148426
v 1.539320 2.048322 -3.148426
v 1.557005 1.746158 -1.786788
v 1.535661 1.766902 -1.786788
v 1.557275 1.766035 -1.766283
v 1.561180 2.067298 -1.786788
v 1.560933 2.047420 -1.766283
v 1.539320 2.048322 -1.786788
v 2.257295 1.717720 -3.148426
v 2.281898 1.736519 -3.148426
v 2.260211 1.737489 -3.168931
v 2.305933 2.036610 -3.148426
v 2.302821 2.016850 -3.168931
v 2.324533 2.016044 -3.148426
v 2.257294 1.717720 -1.786788
v 2.260211 1.737489 -1.766283
v 2.281898 1.736519 -1.786788
v 2.305932 2.036610 -1.786788
v 2.324533 2.016044 -1.786788
v 2.302821 2.016850 -1.766283
v 2.336309 1.709213 -3.148426
v 2.339575 1.728885 -3.168931
v 2.318376 1.732957 -3.148426
v 2.385379 2.007933 -3.168931
v 2.388567 2.027627 -3.148426
v 2.364209 2.012184 -3.148426
v 2.336309 1.709213 -1.786788
v 2.318375 1.732957 -1.786788
v 2.339575 1.728885 -1.766283
v 2.388567 2.027627 -1.786788
v 2.385379 2.007933 -1.766283
v 2.364209 2.012184 -1.786788
v 2.975306 1.585458 -3.148426
v 3.006790 1.598817 -3.148426
v 2.985160 1.603854 -3.168931
v 3.147551 1.876691 -3.148426
v 3.135905 1.858679 -3.168931
v 3.158358 1.855032 -3.148426
v 2.975306 1.585458 -1.786788
v 2.985160 1.603854 -1.766283
v 3.006790 1.598817 -1.786788
v 3.147551 1.876691 -1.786788
v 3.158358 1.855032 -1.786788
v 3.135905 1.858679 -1.766283
v 3.044419 1.558863 -3.148426
v 3.055777 1.576173 -3.168931
v 3.039049 1.589300 -3.148426
v 3.213885 1.828856 -3.168931
v 3.224539 1.846807 -3.148426
v 3.197758 1.842944 -3.148426
v 3.044419 1.558863 -1.786788
v 3.039049 1.589300 -1.786788
v 3.055777 1.576173 -1.766283
v 3.224539 1.846807 -1.786788
v 3.213885 1.828856 -1.766283
v 3.197758 1.842944 -1.786788
v 3.425422 1.247101 -3.148426
v 3.462152 1.239978 -3.148426
v 3.446714 1.256283 -3.168931
v 3.807327 1.360229 -3.148426
v 3.781134 1.355253 -3.168931
v 3.802748 1.340776 -3.148426
v 3.425422 1.247100 -1.786788
v 3.446714 1.256283 -1.766283
v 3.462152 1.239978 -1.786788
v 3.807327 1.360229 -1.786788
v 3.802748 1.340776 -1.786788
v 3.781134 1.355253 -1.766283
v 3.453846 1.192742 -3.148426
v 3.475620 1.197446 -3.168931
v 3.475260 1.217996 -3.148426
v 3.819400 1.286551 -3.168931
v 3.841231 1.293148 -3.148426
v 3.821023 1.307615 -3.148426
v 3.453846 1.192742 -1.786788
v 3.475260 1.217996 -1.786788
v 3.475620 1.197446 -1.766283
v 3.841231 1.293148 -1.786788
v 3.819400 1.286551 -1.766283
v 3.821023 1.307615 -1.786788
v 3.440347 0.748464 -3.148426
v 3.460290 0.722413 -3.148426
v 3.461808 0.742864 -3.168931
v 3.821241 0.633689 -3.148426
v 3.799831 0.641008 -3.168931
v 3.800093 0.620020 -3.148426
v 3.440347 0.748464 -1.786788
v 3.461808 0.742864 -1.766283
v 3.460290 0.722413 -1.786788
v 3.821241 0.633689 -1.786788
v 3.800093 0.620020 -1.786788
v 3.799831 0.641008 -1.766283
v 3.410444 0.694693 -3.148426
v 3.431295 0.684650 -3.168931
v 3.447523 0.700322 -3.148426
v 3.759176 0.573356 -3.168931
v 3.785143 0.567369 -3.148426
v 3.781476 0.586967 -3.148426
v 3.410445 0.694693 -1.786788
v 3.447524 0.700322 -1.786788
v 3.431296 0.684649 -1.766283
v 3.785143 0.567369 -1.786788
v 3.759177 0.573356 -1.766283
v 3.781476 0.586967 -1.786788
v 3.008682 0.395373 -3.148427
v 3.002147 0.365371 -3.148427
v 3.019422 0.377796 -3.168932
v 3.179558 0.104020 -3.148427
v 3.169426 0.122123 -3.168932
v 3.152681 0.108795 -3.148427
v 3.008682 0.395373 -1.786788
v 3.019422 0.377796 -1.766283
v 3.002147 0.365371 -1.786788
v 3.179558 0.104020 -1.786788
v 3.152681 0.108795 -1.786788
v 3.169427 0.122122 -1.766283
v 2.938916 0.369624 -3.148427
v 2.948273 0.351076 -3.168932
v 2.969924 0.355785 -3.148427
v 3.090892 0.093331 -3.168932
v 3.101853 0.075105 -3.148427
v 3.113243 0.096776 -3.148427
v 2.938916 0.369624 -1.786788
v 2.969925 0.355785 -1.786788
v 2.948273 0.351076 -1.766283
v 3.101854 0.075104 -1.786788
v 3.090892 0.093330 -1.766283
v 3.113243 0.096776 -1.786788
v 2.294887 0.252082 -3.148427
v 2.276647 0.228531 -3.148427
v 2.297897 0.232375 -3.168932
v 2.342979 -0.066755 -3.148427
v 2.340046 -0.047028 -3.168932
v 2.318821 -0.051036 -3.148427
v 2.294887 0.252081 -1.786789
v 2.297897 0.232375 -1.766283
v 2.276647 0.228531 -1.786789
v 2.342979 -0.066755 -1.786789
v 2.318821 -0.051036 -1.786789
v 2.340047 -0.047028 -1.766284
v 2.215820 0.243894 -3.148427
v 2.218490 0.224107 -3.168932
v 2.240171 0.224957 -3.148427
v 2.257443 -0.055591 -3.168932
v 2.260282 -0.075372 -3.148427
v 2.279144 -0.054883 -3.148427
v 2.215820 0.243894 -1.786789
v 2.240171 0.224957 -1.786789
v 2.218490 0.224106 -1.766283
v 2.260282 -0.075373 -1.786789
v 2.257443 -0.055592 -1.766284
v 2.279144 -0.054884 -1.786789
v 1.513921 0.218879 -3.148427
v 1.492474 0.198241 -3.148427
v 1.514091 0.199002 -3.168932
v 1.516498 -0.102273 -3.148427
v 1.516350 -0.082395 -3.168932
v 1.494732 -0.083187 -3.148427
v 1.513921 0.218878 -1.786789
v 1.514091 0.199001 -1.766284
v 1.492474 0.198241 -1.786789
v 1.516498 -0.102273 -1.786789
v 1.494732 -0.083187 -1.786789
v 1.516350 -0.082395 -1.766284
v 1.433028 0.217996 -3.148427
v 1.433099 0.198126 -3.168932
v 1.454723 0.197872 -3.148427
v 1.434133 -0.083303 -3.168932
v 1.434209 -0.103173 -3.148427
v 1.455757 -0.083560 -3.148427
v 1.433028 0.217996 -1.786789
v 1.454723 0.197872 -1.786789
v 1.433099 0.198125 -1.766284
v 1.434209 -0.103174 -1.786789
v 1.434133 -0.083303 -1.766284
v 1.455757 -0.083560 -1.786789
v 0.712895 0.226521 -3.148427
v 0.690875 0.206912 -3.148427
v 0.712496 0.206656 -3.168932
v 0.706449 -0.094607 -3.148427
v 0.706848 -0.074742 -3.168932
v 0.685226 -0.074488 -3.148427
v 0.712895 0.226521 -1.786789
v 0.712496 0.206656 -1.766284
v 0.690875 0.206912 -1.786789
v 0.706449 -0.094607 -1.786789
v 0.685226 -0.074488 -1.786789
v 0.706848 -0.074742 -1.766284
vn -0.0000 -0.0000 1.0000
vn -0.9998 -0.0201 -0.0000
vn -0.0109 0.9999 -0.0000
vn -0.0000 -1.0000 -0.0000
vn 0.9998 -0.0200 -0.0000
vn -0.0000 -0.0000 -1.0000
vn -1.0000 0.0069 -0.0000
vn 0.0389 0.9992 -0.0000
vn 0.0108 -0.9999 -0.0000
vn 0.9998 0.0202 -0.0000
vn -0.9892 0.1465 -0.0000
vn 0.1866 0.9824 -0.0000
vn -0.0395 -0.9992 -0.0000
vn 0.9999 -0.0113 -0.0000
vn -0.8656 0.5008 -0.0000
vn 0.6213 0.7836 -0.0000
vn -0.1912 -0.9815 -0.0000
vn 0.9875 -0.1577 -0.0000
vn -0.2965 0.9550 -0.0000
vn 1.0000 -0.0097 -0.0000
vn -0.6298 -0.7768 -0.0000
vn 0.8528 -0.5223 -0.0000
vn 0.2757 0.9612 -0.0000
vn 0.6098 -0.7926 -0.0000
vn -1.0000 0.0097 -0.0000
vn 0.2636 -0.9646 -0.0000
vn 0.8575 0.5145 -0.0000
vn 0.1832 -0.9831 -0.0000
vn -0.6191 0.7853 -0.0000
vn -0.3086 -0.9512 -0.0000
vn 0.9881 0.1536 -0.0000
vn 0.0373 -0.9993 -0.0000
vn -0.1876 0.9822 -0.0000
vn -0.8701 -0.4928 -0.0000
vn 1.0000 0.0097 -0.0000
vn -0.0114 -0.9999 -0.0000
vn -0.0379 0.9993 -0.0000
vn -0.9898 -0.1423 -0.0000
vn 0.9998 -0.0202 -0.0000
vn 0.0006 -1.0000 -0.0000
vn 0.0113 0.9999 -0.0000
vn -1.0000 -0.0053 -0.0000
vn 0.9998 0.0201 -0.0000
vn 0.0104 -0.9999 -0.0000
vn -0.0006 1.0000 -0.0000
vn -0.9998 0.0201 -0.0000
vn 1.0000 -0.0087 -0.0000
vn -0.0406 -0.9992 -0.0000
vn -0.0103 0.9999 -0.0000
vn -0.9998 -0.0202 -0.0000
vn 0.9886 -0.1508 -0.0000
vn -0.1901 -0.9818 -0.0000
vn 0.0412 0.9992 -0.0000
vn -0.9999 0.0130 -0.0000
vn 0.8607 -0.5091 -0.0000
vn -0.6333 -0.7739 -0.0000
vn 0.1950 0.9808 -0.0000
vn -0.9868 0.1620 -0.0000
vn 0.2838 -0.9589 -0.0000
vn -0.9995 0.0304 -0.0000
vn 0.6409 0.7676 -0.0000
vn -0.8477 0.5304 -0.0000
vn -0.2885 -0.9575 -0.0000
vn -0.5974 0.8019 -0.0000
vn 0.9995 -0.0303 -0.0000
vn -0.2509 0.9680 -0.0000
vn -0.8625 -0.5060 -0.0000
vn -0.1795 0.9837 -0.0000
vn 0.6077 -0.7942 -0.0000
vn 0.3214 0.9469 -0.0000
vn -0.9888 -0.1492 -0.0000
vn -0.0356 0.9994 -0.0000
vn 0.1838 -0.9830 -0.0000
vn 0.8750 0.4842 -0.0000
vn -1.0000 -0.0080 -0.0000
vn 0.0118 0.9999 -0.0000
vn 0.0361 -0.9993 -0.0000
vn 0.9904 0.1379 -0.0000
vn -0.0118 -0.9999 -0.0000
vn 1.0000 0.0037 -0.0000
vn 0.5543 0.5923 0.5847
vn 0.5470 -0.6064 0.5770
vn 0.5543 0.5923 -0.5847
vn 0.5471 -0.6064 -0.5771
vn -0.5544 0.5922 0.5848
vn -0.5470 -0.6065 0.5770
vn -0.5544 0.5922 -0.5848
vn -0.5470 -0.6065 -0.5770
vn 0.5425 0.6087 0.5790
vn 0.5589 -0.5901 0.5826
vn 0.5425 0.6086 -0.5790
vn 0.5589 -0.5901 -0.5826
vn -0.5540 0.5996 0.5775
vn -0.5475 -0.5991 0.5843
vn -0.5540 0.5997 -0.5775
vn -0.5475 -0.5991 -0.5843
vn 0.5688 0.5873 0.5758
vn 0.5320 -0.6107 0.5865
vn 0.5688 0.5873 -0.5758
vn 0.5320 -0.6107 -0.5865
vn -0.5038 0.6555 0.5625
vn -0.5895 -0.5364 0.6039
vn -0.5038 0.6555 -0.5625
vn -0.5896 -0.5364 -0.6039
vn 0.6501 0.4953 0.5762
vn 0.4356 -0.6811 0.5886
vn 0.6501 0.4952 -0.5762
vn 0.4356 -0.6811 -0.5886
vn -0.3340 0.7737 0.5383
vn -0.6641 -0.3373 0.6672
vn -0.3340 0.7737 -0.5383
vn -0.6641 -0.3373 -0.6672
vn 0.8075 0.1537 0.5695
vn 0.1206 -0.7757 0.6194
vn 0.8075 0.1537 -0.5695
vn 0.1206 -0.7758 -0.6194
vn 0.1491 0.8301 0.5373
vn -0.6288 0.1377 0.7653
vn 0.1491 0.8301 -0.5373
vn -0.6288 0.1377 -0.7653
vn 0.6448 -0.5283 0.5524
vn -0.4279 -0.6186 0.6590
vn 0.6448 -0.5283 -0.5524
vn -0.4279 -0.6186 -0.6590
vn 0.6528 0.5176 0.5531
vn -0.4194 0.6265 0.6570
vn 0.6528 0.5176 -0.5531
vn -0.4194 0.6265 -0.6570
vn 0.1382 -0.8320 0.5373
vn -0.6304 -0.1283 0.7656
vn 0.1382 -0.8320 -0.5373
vn -0.6304 -0.1283 -0.7656
vn 0.8052 -0.1640 0.5699
vn 0.1289 0.7756 0.6179
vn 0.8052 -0.1640 -0.5699
vn 0.1289 0.7756 -0.6179
vn -0.3385 -0.7715 0.5387
vn -0.6633 0.3425 0.6654
vn -0.3385 -0.7715 -0.5387
vn -0.6633 0.3425 -0.6654
vn 0.6483 -0.4978 0.5761
vn 0.4381 0.6793 0.5887
vn 0.6483 -0.4978 -0.5761
vn 0.4381 0.6793 -0.5887
vn -0.5055 -0.6539 0.5629
vn -0.5884 0.5384 0.6033
vn -0.5055 -0.6539 -0.5629
vn -0.5884 0.5384 -0.6033
vn 0.5679 -0.5882 0.5758
vn 0.5330 0.6099 0.5865
vn 0.5679 -0.5882 -0.5758
vn 0.5330 0.6099 -0.5865
vn -0.5545 -0.5990 0.5777
vn -0.5470 0.5997 0.5841
vn -0.5545 -0.5990 -0.5777
vn -0.5470 0.5997 -0.5841
vn 0.5423 -0.6087 0.5791
vn 0.5591 0.5900 0.5825
vn 0.5423 -0.6087 -0.5791
vn 0.5591 0.5900 -0.5825
vn -0.5541 -0.5924 0.5849
vn -0.5473 0.6063 0.5769
vn -0.5541 -0.5924 -0.5849
vn -0.5473 0.6063 -0.5769
vn 0.5546 -0.5922 0.5846
vn 0.5468 0.6066 0.5772
vn 0.5546 -0.5922 -0.5846
vn 0.5468 0.6066 -0.5772
vn -0.5427 -0.6085 0.5789
vn -0.5587 0.5902 0.5827
vn -0.5427 -0.6085 -0.5789
vn -0.5587 0.5902 -0.5827
vn 0.5535 -0.6004 0.5773
vn 0.5480 0.5983 0.5845
vn 0.5535 -0.6004 -0.5773
vn 0.5480 0.5983 -0.5845
vn -0.5698 -0.5863 0.5758
vn -0.5310 0.6116 0.5865
vn -0.5698 -0.5863 -0.5758
vn -0.5310 0.6116 -0.5865
vn 0.5021 -0.6572 0.5621
vn 0.5908 0.5343 0.6045
vn 0.5021 -0.6572 -0.5621
vn 0.5908 0.5343 -0.6045
vn -0.6521 -0.4925 0.5764
vn -0.4329 0.6828 0.5885
vn -0.6521 -0.4925 -0.5764
vn -0.4329 0.6828 -0.5885
vn 0.3292 -0.7760 0.5380
vn 0.6650 0.3318 0.6691
vn 0.3292 -0.7760 -0.5380
vn 0.6650 0.3318 -0.6691
vn -0.8097 -0.1429 0.5691
vn -0.1119 0.7758 0.6210
vn -0.8097 -0.1429 -0.5691
vn -0.1119 0.7758 -0.6210
vn -0.1605 -0.8279 0.5374
vn 0.6269 -0.1476 0.7650
vn -0.1605 -0.8279 -0.5374
vn 0.6269 -0.1476 -0.7650
vn -0.6361 0.5394 0.5517
vn 0.4367 0.6100 0.6612
vn -0.6361 0.5394 -0.5517
vn 0.4367 0.6100 -0.6612
vn -0.6612 -0.5061 0.5538
vn 0.4102 -0.6347 0.6549
vn -0.6612 -0.5061 -0.5538
vn 0.4102 -0.6347 -0.6549
vn -0.1266 0.8339 0.5372
vn 0.6321 0.1182 0.7658
vn -0.1266 0.8339 -0.5372
vn 0.6321 0.1183 -0.7659
vn -0.8026 0.1748 0.5703
vn -0.1377 -0.7753 0.6164
vn -0.8026 0.1748 -0.5703
vn -0.1377 -0.7753 -0.6164
vn 0.3433 0.7691 0.5391
vn 0.6623 -0.3481 0.6634
vn 0.3433 0.7691 -0.5391
vn 0.6623 -0.3481 -0.6635
vn -0.6463 0.5006 0.5759
vn -0.4408 -0.6775 0.5887
vn -0.6463 0.5006 -0.5759
vn -0.4408 -0.6775 -0.5887
vn 0.5072 0.6522 0.5633
vn 0.5871 -0.5405 0.6027
vn 0.5072 0.6522 -0.5633
vn 0.5871 -0.5405 -0.6027
vn -0.5669 0.5891 0.5758
vn -0.5340 -0.6090 0.5865
vn -0.5669 0.5891 -0.5758
vn -0.5340 -0.6090 -0.5865
vn 0.5550 0.5983 0.5779
vn 0.5465 -0.6004 0.5838
vn 0.5550 0.5983 -0.5779
vn 0.5465 -0.6004 -0.5838
vn -0.5421 0.6088 0.5792
vn -0.5593 -0.5899 0.5824
vn -0.5421 0.6088 -0.5792
vn -0.5593 -0.5899 -0.5824
vn 0.6833 0.7301 -0.0000
vn 0.6880 -0.0138 0.7256
vn 0.6698 -0.7425 -0.0000
vn 0.6880 -0.0138 -0.7256
vn -0.0000 0.7182 -0.6959
vn -0.0000 -0.7182 -0.6959
vn -0.6880 -0.0139 -0.7256
vn -0.6834 0.7301 -0.0000
vn -0.6698 -0.7426 -0.0000
vn -0.6880 -0.0139 0.7256
vn -0.0000 0.7182 0.6959
vn -0.0000 -0.7182 0.6959
vn 0.6654 0.7465 -0.0000
vn 0.6880 0.0139 0.7256
vn 0.6877 -0.7260 -0.0000
vn 0.6880 0.0139 -0.7256
vn -0.0078 0.7181 -0.6959
vn 0.0078 -0.7181 -0.6959
vn -0.6881 0.0048 -0.7256
vn -0.6786 0.7345 -0.0000
vn -0.6746 -0.7382 -0.0000
vn -0.6881 0.0048 0.7256
vn -0.0078 0.7181 0.6959
vn 0.0078 -0.7181 0.6959
vn 0.6957 0.7183 -0.0000
vn 0.6881 -0.0078 0.7256
vn 0.6568 -0.7540 -0.0000
vn 0.6881 -0.0078 -0.7256
vn 0.0279 0.7176 -0.6959
vn -0.0283 -0.7176 -0.6959
vn -0.6813 0.1009 -0.7250
vn -0.6094 0.7929 -0.0000
vn -0.7397 -0.6730 -0.0000
vn -0.6813 0.1009 0.7250
vn 0.0279 0.7176 0.6959
vn -0.0283 -0.7176 0.6959
vn 0.7955 0.6060 -0.0000
vn 0.6802 -0.1086 0.7250
vn 0.5388 -0.8424 -0.0000
vn 0.6802 -0.1086 -0.7250
vn 0.1338 0.7045 -0.6970
vn -0.1371 -0.7038 -0.6971
vn -0.6018 0.3482 -0.7187
vn -0.3963 0.9181 -0.0000
vn -0.8916 -0.4528 -0.0000
vn -0.6018 0.3482 0.7187
vn 0.1338 0.7045 0.6970
vn -0.1371 -0.7038 0.6971
vn 0.9824 0.1870 -0.0000
vn 0.5935 -0.3635 0.7181
vn 0.1536 -0.9881 -0.0000
vn 0.5935 -0.3635 -0.7181
vn 0.4387 0.5533 -0.7081
vn -0.4445 -0.5483 -0.7084
vn -0.2121 0.6832 -0.6987
vn 0.1768 0.9843 -0.0000
vn -0.9769 0.2139 -0.0000
vn -0.2121 0.6832 0.6987
vn 0.4387 0.5533 0.7081
vn -0.4445 -0.5483 0.7084
vn 0.7735 -0.6338 -0.0000
vn 0.1887 -0.6906 0.6981
vn -0.5689 -0.8224 -0.0000
vn 0.1887 -0.6906 -0.6981
vn 0.6881 -0.0067 -0.7256
vn -0.6881 0.0067 -0.7256
vn 0.1973 0.6880 -0.6983
vn 0.7836 0.6213 -0.0000
vn -0.5563 0.8310 -0.0000
vn 0.1973 0.6880 0.6984
vn 0.6881 -0.0067 0.7256
vn -0.6881 0.0067 0.7256
vn 0.1638 -0.9865 -0.0000
vn -0.2207 -0.6802 0.6990
vn -0.9799 -0.1994 -0.0000
vn -0.2207 -0.6802 -0.6990
vn 0.4308 -0.5600 -0.7077
vn -0.4372 0.5546 -0.7080
vn 0.5966 0.3579 -0.7183
vn 0.9799 -0.1995 -0.0000
vn 0.1639 0.9865 -0.0000
vn 0.5966 0.3579 0.7183
vn 0.4308 -0.5600 0.7077
vn -0.4372 0.5546 0.7080
vn -0.4018 -0.9157 -0.0000
vn -0.6048 -0.3425 0.7190
vn -0.8885 0.4588 -0.0000
vn -0.6048 -0.3425 -0.7190
vn 0.1313 -0.7050 -0.6970
vn -0.1345 0.7043 -0.6970
vn 0.6806 0.1058 -0.7250
vn 0.7931 -0.6090 -0.0000
vn 0.5420 0.8404 -0.0000
vn 0.6806 0.1058 0.7250
vn 0.1313 -0.7050 0.6970
vn -0.1345 0.7043 0.6970
vn -0.6116 -0.7912 -0.0000
vn -0.6817 -0.0980 0.7251
vn -0.7378 0.6751 -0.0000
vn -0.6817 -0.0980 -0.7251
vn 0.0268 -0.7176 -0.6959
vn -0.0272 0.7176 -0.6959
vn 0.6881 0.0067 -0.7256
vn 0.6946 -0.7194 -0.0000
vn 0.6580 0.7530 -0.0000
vn 0.6881 0.0067 0.7256
vn 0.0268 -0.7176 0.6959
vn -0.0272 0.7176 0.6959
vn -0.6793 -0.7338 -0.0000
vn -0.6881 -0.0037 0.7256
vn -0.6739 0.7388 -0.0000
vn -0.6881 -0.0037 -0.7256
vn -0.0082 -0.7181 -0.6959
vn 0.0081 0.7181 -0.6959
vn 0.6880 -0.0139 -0.7256
vn 0.6652 -0.7467 -0.0000
vn 0.6878 0.7259 -0.0000
vn 0.6880 -0.0139 0.7256
vn -0.0082 -0.7181 0.6959
vn 0.0081 0.7181 0.6959
vn -0.6831 -0.7303 -0.0000
vn -0.6880 0.0138 0.7256
vn -0.6700 0.7423 -0.0000
vn -0.6880 0.0138 -0.7256
vn 0.0004 -0.7182 -0.6959
vn -0.0004 0.7182 -0.6959
vn 0.6880 0.0138 -0.7256
vn 0.6836 -0.7299 -0.0000
vn 0.6696 0.7427 -0.0000
vn 0.6880 0.0138 0.7256
vn 0.0004 -0.7182 0.6959
vn -0.0004 0.7182 0.6959
vn -0.6656 -0.7463 -0.0000
vn -0.6874 0.7262 -0.0000
vn 0.0074 -0.7181 -0.6959
vn -0.0074 0.7181 -0.6959
vn 0.6881 -0.0060 -0.7256
vn 0.6778 -0.7352 -0.0000
vn 0.6754 0.7375 -0.0000
vn 0.6881 -0.0060 0.7256
vn 0.0074 -0.7181 0.6959
vn -0.0074 0.7181 0.6959
vn -0.6970 -0.7171 -0.0000
vn -0.6880 0.0089 0.7256
vn -0.6556 0.7552 -0.0000
vn -0.6881 0.0089 -0.7256
vn -0.0291 -0.7175 -0.6959
vn 0.0296 0.7175 -0.6959
vn 0.6809 -0.1039 -0.7250
vn 0.6071 -0.7946 -0.0000
vn 0.7417 0.6708 -0.0000
vn 0.6809 -0.1039 0.7250
vn -0.0291 -0.7175 0.6959
vn 0.0296 0.7175 0.6959
vn -0.7980 -0.6027 -0.0000
vn -0.6797 0.1116 0.7249
vn -0.5354 0.8446 -0.0000
vn -0.6797 0.1116 -0.7249
vn -0.1363 -0.7039 -0.6971
vn 0.1398 0.7032 -0.6971
vn 0.5986 -0.3541 -0.7185
vn 0.3906 -0.9206 -0.0000
vn 0.8948 0.4465 -0.0000
vn 0.5986 -0.3541 0.7185
vn -0.1363 -0.7039 0.6971
vn 0.1398 0.7032 0.6971
vn -0.9848 -0.1738 -0.0000
vn -0.5902 0.3693 0.7179
vn -0.1428 0.9898 -0.0000
vn -0.5902 0.3693 -0.7179
vn -0.4469 -0.5461 -0.7086
vn 0.4521 0.5414 -0.7089
vn 0.2031 -0.6862 -0.6985
vn -0.1904 -0.9817 -0.0000
vn 0.9734 -0.2291 -0.0000
vn 0.2031 -0.6862 0.6985
vn -0.4469 -0.5461 0.7086
vn 0.4521 0.5414 0.7089
vn -0.7627 0.6467 -0.0000
vn -0.1797 0.6933 0.6979
vn 0.5821 0.8131 -0.0000
vn -0.1797 0.6933 -0.6979
vn -0.6878 0.0209 -0.7256
vn 0.6878 -0.0208 -0.7256
vn -0.2064 -0.6851 -0.6986
vn -0.7940 -0.6079 -0.0000
vn 0.5428 -0.8398 -0.0000
vn -0.2064 -0.6851 0.6986
vn -0.6878 0.0209 0.7256
vn 0.6878 -0.0208 0.7256
vn -0.1501 0.9887 -0.0000
vn 0.2298 0.6770 0.6992
vn 0.9829 0.1839 -0.0000
vn 0.2298 0.6770 -0.6992
vn -0.4224 0.5669 -0.7072
vn 0.4294 -0.5612 -0.7076
vn -0.5998 -0.3519 -0.7186
vn -0.9771 0.2128 -0.0000
vn -0.1749 -0.9846 -0.0000
vn -0.5998 -0.3519 0.7186
vn -0.4224 0.5669 0.7072
vn 0.4294 -0.5612 0.7076
vn 0.4076 0.9132 -0.0000
vn 0.6079 0.3364 0.7192
vn 0.8852 -0.4652 -0.0000
vn 0.6079 0.3364 -0.7192
vn -0.1288 0.7055 -0.6969
vn 0.1318 -0.7049 -0.6970
vn -0.6810 -0.1027 -0.7250
vn -0.7906 0.6123 -0.0000
vn -0.5454 -0.8382 -0.0000
vn -0.6810 -0.1027 0.7250
vn -0.1288 0.7055 0.6969
vn 0.1318 -0.7049 0.6970
vn 0.6139 0.7894 -0.0000
vn 0.6821 0.0950 0.7251
vn 0.7357 -0.6773 -0.0000
vn 0.6821 0.0950 -0.7251
vn -0.0256 0.7177 -0.6959
vn 0.0260 -0.7177 -0.6959
vn -0.6881 -0.0055 -0.7256
vn -0.6934 0.7206 -0.0000
vn -0.6593 -0.7519 -0.0000
vn -0.6881 -0.0055 0.7256
vn -0.0256 0.7177 0.6959
vn 0.0260 -0.7177 0.6959
vn 0.6801 0.7331 -0.0000
vn 0.6881 0.0025 0.7256
vn 0.6731 -0.7395 -0.0000
vn 0.6881 0.0025 -0.7256
vn 0.0085 0.7181 -0.6959
vn -0.0085 -0.7181 -0.6959
vn -0.6650 0.7468 -0.0000
vn -0.6880 -0.7257 -0.0000
vn 0.0085 0.7181 0.6959
vn -0.0085 -0.7181 0.6959
vn -0.0000 1.0000 -0.0000
vn 0.5470 -0.6064 -0.5770
vn 0.5471 -0.6064 0.5771
vn 0.5425 0.6087 -0.5790
vn 0.5425 0.6086 0.5790
vn -0.5540 0.5996 -0.5775
vn -0.5540 0.5997 0.5775
vn -0.5895 -0.5364 -0.6039
vn -0.5896 -0.5364 0.6039
vn 0.6501 0.4953 -0.5762
vn 0.6501 0.4952 0.5762
vn 0.1206 -0.7757 -0.6194
vn 0.1206 -0.7758 0.6194
vn 0.6321 0.1182 -0.7658
vn 0.6321 0.1183 0.7658
vn 0.6623 -0.3481 -0.6634
vn 0.6623 -0.3481 0.6635
vn -0.4445 -0.5482 -0.7084
vn 0.1973 0.6880 -0.6984
vn -0.6880 0.0089 -0.7256
vn -0.6881 0.0089 0.7256
vn -0.4224 0.5670 -0.7072
vt 0.390467 0.757017
vt 0.609533 0.757076
vt 0.609533 0.992924
vt 0.390467 0.992983
vt 0.390465 0.503655
vt 0.609535 0.503655
vt 0.609535 0.746345
vt 0.390465 0.746345
vt 0.132086 0.503655
vt 0.367914 0.503655
vt 0.367914 0.746345
vt 0.132086 0.746345
vt 0.632106 0.503655
vt 0.867895 0.503655
vt 0.867895 0.746345
vt 0.632105 0.746345
vt 0.390465 0.003655
vt 0.609535 0.003655
vt 0.609535 0.246345
vt 0.390465 0.246345
vt 0.390467 0.257017
vt 0.609533 0.257076
vt 0.609533 0.492924
vt 0.390467 0.492983
vt 0.390468 0.757067
vt 0.609532 0.757026
vt 0.609535 0.992974
vt 0.390465 0.992934
vt 0.390465 0.503655
vt 0.609535 0.503655
vt 0.609535 0.746345
vt 0.390465 0.746345
vt 0.132259 0.503655
vt 0.367741 0.503655
vt 0.367741 0.746345
vt 0.132259 0.746345
vt 0.632006 0.503655
vt 0.867994 0.503655
vt 0.867994 0.746345
vt 0.632006 0.746345
vt 0.390465 0.003655
vt 0.609535 0.003655
vt 0.609535 0.246345
vt 0.390465 0.246345
vt 0.390465 0.257066
vt 0.609535 0.257026
vt 0.609532 0.492973
vt 0.390468 0.492933
vt 0.390492 0.757176
vt 0.609508 0.756975
vt 0.609524 0.993044
vt 0.390476 0.992843
vt 0.390428 0.503655
vt 0.609572 0.503655
vt 0.609572 0.746345
vt 0.390428 0.746345
vt 0.132751 0.503655
vt 0.367250 0.503655
vt 0.367249 0.746345
vt 0.132751 0.746345
vt 0.631857 0.503655
vt 0.868143 0.503655
vt 0.868143 0.746345
vt 0.631857 0.746345
vt 0.390465 0.003655
vt 0.609535 0.003655
vt 0.609535 0.246345
vt 0.390465 0.246345
vt 0.390476 0.257157
vt 0.609524 0.256956
vt 0.609508 0.493025
vt 0.390492 0.492824
vt 0.390607 0.757646
vt 0.609400 0.757062
vt 0.609529 0.993128
vt 0.390470 0.992552
vt 0.390006 0.503655
vt 0.609994 0.503655
vt 0.609994 0.746345
vt 0.390006 0.746345
vt 0.134729 0.503655
vt 0.365271 0.503655
vt 0.365271 0.746345
vt 0.134729 0.746345
vt 0.631600 0.503655
vt 0.868400 0.503655
vt 0.868400 0.746345
vt 0.631600 0.746345
vt 0.390422 0.003655
vt 0.609578 0.003655
vt 0.609578 0.246345
vt 0.390422 0.246345
vt 0.390470 0.257448
vt 0.609529 0.256872
vt 0.609400 0.492938
vt 0.390607 0.492354
vt 0.390582 0.759570
vt 0.609447 0.757863
vt 0.609670 0.992794
vt 0.390322 0.991143
vt 0.388498 0.503655
vt 0.611502 0.503655
vt 0.611502 0.746345
vt 0.388498 0.746345
vt 0.135262 0.503655
vt 0.364738 0.503655
vt 0.364738 0.746345
vt 0.135262 0.746345
vt 0.631507 0.503655
vt 0.868493 0.503655
vt 0.868493 0.746345
vt 0.631507 0.746345
vt 0.389964 0.003655
vt 0.610036 0.003655
vt 0.610036 0.246345
vt 0.389964 0.246345
vt 0.390322 0.258857
vt 0.609670 0.257206
vt 0.609447 0.492137
vt 0.390582 0.490430
vt 0.389068 0.759580
vt 0.610932 0.757876
vt 0.610932 0.992117
vt 0.389068 0.990412
vt 0.388466 0.503655
vt 0.611534 0.503655
vt 0.611534 0.746345
vt 0.388466 0.746345
vt 0.134689 0.503655
vt 0.365311 0.503655
vt 0.365311 0.746345
vt 0.134689 0.746345
vt 0.632104 0.503655
vt 0.867896 0.503655
vt 0.867896 0.746345
vt 0.632104 0.746345
vt 0.388448 0.003655
vt 0.611552 0.003655
vt 0.611552 0.246345
vt 0.388448 0.246345
vt 0.389068 0.259588
vt 0.610932 0.257883
vt 0.610932 0.492124
vt 0.389068 0.490420
vt 0.390325 0.758826
vt 0.609667 0.757195
vt 0.609423 0.992141
vt 0.390608 0.990452
vt 0.389979 0.503655
vt 0.610021 0.503655
vt 0.610021 0.746345
vt 0.389980 0.746345
vt 0.132738 0.503655
vt 0.367262 0.503655
vt 0.367262 0.746345
vt 0.132738 0.746345
vt 0.631505 0.503655
vt 0.868494 0.503655
vt 0.868494 0.746345
vt 0.631506 0.746345
vt 0.388518 0.003655
vt 0.611482 0.003655
vt 0.611482 0.246345
vt 0.388518 0.246345
vt 0.390608 0.259548
vt 0.609423 0.257859
vt 0.609667 0.492805
vt 0.390325 0.491174
vt 0.390471 0.757440
vt 0.609528 0.756873
vt 0.609405 0.992944
vt 0.390601 0.992369
vt 0.390424 0.503655
vt 0.609576 0.503655
vt 0.609576 0.746345
vt 0.390424 0.746345
vt 0.132254 0.503655
vt 0.367746 0.503655
vt 0.367746 0.746345
vt 0.132254 0.746345
vt 0.631605 0.503655
vt 0.868395 0.503655
vt 0.868395 0.746345
vt 0.631605 0.746345
vt 0.390022 0.003655
vt 0.609978 0.003655
vt 0.609978 0.246345
vt 0.390022 0.246345
vt 0.390601 0.257630
vt 0.609405 0.257056
vt 0.609528 0.493127
vt 0.390471 0.492560
vt 0.390475 0.757155
vt 0.609525 0.756958
vt 0.609509 0.993025
vt 0.390491 0.992827
vt 0.390465 0.503655
vt 0.609535 0.503655
vt 0.609535 0.746345
vt 0.390465 0.746345
vt 0.132083 0.503655
vt 0.367917 0.503655
vt 0.367916 0.746345
vt 0.132083 0.746345
vt 0.631860 0.503655
vt 0.868140 0.503655
vt 0.868140 0.746345
vt 0.631860 0.746345
vt 0.390430 0.003655
vt 0.609570 0.003655
vt 0.609570 0.246345
vt 0.390430 0.246345
vt 0.390491 0.257173
vt 0.609509 0.256975
vt 0.609525 0.493042
vt 0.390475 0.492845
vt 0.390465 0.757065
vt 0.609535 0.757027
vt 0.609533 0.992972
vt 0.390467 0.992935
vt 0.390465 0.503655
vt 0.609535 0.503655
vt 0.609535 0.746345
vt 0.390465 0.746345
vt 0.131987 0.503655
vt 0.368013 0.503655
vt 0.368013 0.746345
vt 0.131987 0.746345
vt 0.632008 0.503655
vt 0.867992 0.503655
vt 0.867992 0.746345
vt 0.632008 0.746345
vt 0.390465 0.003655
vt 0.609535 0.003655
vt 0.609535 0.246345
vt 0.390465 0.246345
vt 0.390467 0.257065
vt 0.609533 0.257028
vt 0.609535 0.492973
vt 0.390465 0.492935
vt 0.390467 0.757017
vt 0.609533 0.757076
vt 0.609533 0.992924
vt 0.390467 0.992983
vt 0.132088 0.503655
vt 0.367912 0.503655
vt 0.367912 0.746345
vt 0.132088 0.746345
vt 0.867895 0.503655
vt 0.390465 0.003655
vt 0.609535 0.003655
vt 0.609535 0.246345
vt 0.390465 0.246345
vt 0.390467 0.257017
vt 0.609533 0.257076
vt 0.609533 0.492924
vt 0.390467 0.492983
vt 0.390468 0.757068
vt 0.609532 0.757025
vt 0.609535 0.992975
vt 0.390465 0.992933
vt 0.390465 0.503655
vt 0.609535 0.503655
vt 0.609535 0.746345
vt 0.390465 0.746345
vt 0.132264 0.503655
vt 0.367736 0.503655
vt 0.367736 0.746345
vt 0.132264 0.746345
vt 0.632003 0.503655
vt 0.867997 0.503655
vt 0.867997 0.746345
vt 0.632003 0.746345
vt 0.390465 0.003655
vt 0.609535 0.003655
vt 0.609535 0.246345
vt 0.390465 0.257067
vt 0.609535 0.257025
vt 0.609532 0.492975
vt 0.390468 0.492932
vt 0.390493 0.757179
vt 0.609507 0.756974
vt 0.609524 0.993045
vt 0.390476 0.992840
vt 0.390426 0.503655
vt 0.609574 0.503655
vt 0.609574 0.746345
vt 0.390426 0.746345
vt 0.132764 0.503655
vt 0.367236 0.503655
vt 0.367236 0.746345
vt 0.132764 0.746345
vt 0.631854 0.503655
vt 0.868146 0.503655
vt 0.868146 0.746345
vt 0.631854 0.746345
vt 0.390465 0.003655
vt 0.609535 0.003655
vt 0.390465 0.246345
vt 0.390476 0.257160
vt 0.609524 0.256955
vt 0.609507 0.493026
vt 0.390493 0.492820
vt 0.390612 0.757662
vt 0.609395 0.757067
vt 0.609531 0.993130
vt 0.390469 0.992544
vt 0.389990 0.503655
vt 0.610010 0.503655
vt 0.610010 0.746345
vt 0.389990 0.746345
vt 0.134768 0.503655
vt 0.365232 0.503655
vt 0.365232 0.746345
vt 0.134768 0.746345
vt 0.631594 0.503655
vt 0.868406 0.503655
vt 0.868406 0.746345
vt 0.631594 0.746345
vt 0.390420 0.003655
vt 0.609580 0.003655
vt 0.609580 0.246345
vt 0.390420 0.246345
vt 0.390469 0.257456
vt 0.609530 0.256870
vt 0.609395 0.492933
vt 0.390612 0.492338
vt 0.390554 0.759592
vt 0.609471 0.757865
vt 0.609672 0.992785
vt 0.390320 0.991112
vt 0.388478 0.503655
vt 0.611522 0.503655
vt 0.611522 0.746345
vt 0.388478 0.746345
vt 0.135258 0.503655
vt 0.364742 0.503655
vt 0.364742 0.746345
vt 0.135258 0.746345
vt 0.631508 0.503655
vt 0.868492 0.503655
vt 0.868492 0.746345
vt 0.631508 0.746345
vt 0.389947 0.003655
vt 0.610053 0.003655
vt 0.610053 0.246345
vt 0.389947 0.246345
vt 0.390320 0.258888
vt 0.609672 0.257216
vt 0.609471 0.492135
vt 0.390554 0.490408
vt 0.389069 0.759569
vt 0.610931 0.757866
vt 0.610930 0.992112
vt 0.389070 0.990407
vt 0.388486 0.503655
vt 0.611514 0.503655
vt 0.611514 0.746345
vt 0.388486 0.746345
vt 0.134645 0.503655
vt 0.365355 0.503655
vt 0.365355 0.746345
vt 0.134645 0.746345
vt 0.632101 0.503655
vt 0.867899 0.503655
vt 0.867899 0.746345
vt 0.632101 0.746345
vt 0.388431 0.003655
vt 0.611570 0.003655
vt 0.611570 0.246345
vt 0.388431 0.246345
vt 0.389070 0.259593
vt 0.610930 0.257889
vt 0.610931 0.492134
vt 0.389069 0.490431
vt 0.390327 0.758791
vt 0.609664 0.757183
vt 0.609398 0.992147
vt 0.390636 0.990479
vt 0.389996 0.503655
vt 0.610004 0.503655
vt 0.610004 0.746345
vt 0.389996 0.746345
vt 0.132724 0.503655
vt 0.367276 0.503655
vt 0.367276 0.746345
vt 0.132724 0.746345
vt 0.631503 0.503655
vt 0.868497 0.503655
vt 0.868497 0.746345
vt 0.631503 0.746345
vt 0.388539 0.003655
vt 0.611461 0.003655
vt 0.611461 0.246345
vt 0.388540 0.246345
vt 0.390636 0.259521
vt 0.609398 0.257853
vt 0.609664 0.492817
vt 0.390327 0.491209
vt 0.390473 0.757432
vt 0.609527 0.756875
vt 0.609411 0.992950
vt 0.390596 0.992386
vt 0.390427 0.503655
vt 0.609573 0.503655
vt 0.609573 0.746345
vt 0.390427 0.746345
vt 0.132250 0.503655
vt 0.367750 0.503655
vt 0.367750 0.746345
vt 0.132249 0.746345
vt 0.631611 0.503655
vt 0.868389 0.503655
vt 0.868389 0.746345
vt 0.631611 0.746345
vt 0.390038 0.003655
vt 0.609962 0.003655
vt 0.609962 0.246345
vt 0.390038 0.246345
vt 0.390595 0.257614
vt 0.609411 0.257050
vt 0.609527 0.493125
vt 0.390473 0.492568
vt 0.390475 0.757152
vt 0.609525 0.756959
vt 0.609510 0.993024
vt 0.390490 0.992831
vt 0.390465 0.503655
vt 0.609535 0.503655
vt 0.609535 0.746345
vt 0.390465 0.746345
vt 0.132081 0.503655
vt 0.367919 0.503655
vt 0.367919 0.746345
vt 0.132081 0.746345
vt 0.631864 0.503655
vt 0.868136 0.503655
vt 0.868136 0.746345
vt 0.631864 0.746345
vt 0.390432 0.003655
vt 0.609568 0.003655
vt 0.609568 0.246345
vt 0.390432 0.246345
vt 0.390490 0.257169
vt 0.609510 0.256976
vt 0.609525 0.493041
vt 0.390475 0.492848
vt 0.390465 0.757063
vt 0.609535 0.757028
vt 0.609533 0.992971
vt 0.390467 0.992936
vt 0.609535 0.503655
vt 0.632011 0.503655
vt 0.867989 0.503655
vt 0.867989 0.746345
vt 0.632011 0.746345
vt 0.390465 0.003655
vt 0.609535 0.003655
vt 0.390465 0.246345
vt 0.390467 0.257064
vt 0.609533 0.257029
vt 0.609535 0.492972
vt 0.390465 0.492937
vt 0.375000 0.993013
vt 0.390465 1.000000
vt 0.868024 0.750000
vt 0.875000 0.746345
vt 0.375000 0.256987
vt 0.390465 0.250000
vt 0.868024 0.500000
vt 0.875000 0.503655
vt 0.375286 0.746345
vt 0.390753 0.750000
vt 0.631975 0.750000
vt 0.625000 0.746345
vt 0.375286 0.503655
vt 0.390753 0.500000
vt 0.625000 0.503655
vt 0.631975 0.500000
vt 0.375000 0.992914
vt 0.867946 0.750000
vt 0.874952 0.746345
vt 0.375000 0.257086
vt 0.867946 0.500000
vt 0.874952 0.503655
vt 0.375000 0.746345
vt 0.390186 0.750000
vt 0.632134 0.750000
vt 0.625127 0.746345
vt 0.375000 0.503655
vt 0.390186 0.500000
vt 0.625127 0.503655
vt 0.632134 0.500000
vt 0.375000 0.003655
vt 0.389979 0.000000
vt 0.867916 0.750000
vt 0.874777 0.746345
vt 0.375000 0.246345
vt 0.389979 0.250000
vt 0.867916 0.500000
vt 0.874777 0.503655
vt 0.375000 0.757259
vt 0.390428 0.750000
vt 0.632521 0.750000
vt 0.625632 0.746345
vt 0.375000 0.492741
vt 0.390428 0.500000
vt 0.625632 0.503655
vt 0.632520 0.500000
vt 0.389550 0.000000
vt 0.867969 0.750000
vt 0.874583 0.746345
vt 0.389550 0.250000
vt 0.867969 0.500000
vt 0.874583 0.503655
vt 0.375000 0.757751
vt 0.390006 0.750000
vt 0.633762 0.750000
vt 0.626822 0.746345
vt 0.375000 0.492250
vt 0.390006 0.500000
vt 0.626822 0.503655
vt 0.633762 0.500000
vt 0.387243 0.000000
vt 0.606503 0.000000
vt 0.621875 0.003655
vt 0.387243 0.250000
vt 0.621875 0.246345
vt 0.606503 0.250000
vt 0.375000 0.759729
vt 0.388498 0.750000
vt 0.636249 0.750000
vt 0.628244 0.746345
vt 0.375000 0.490271
vt 0.388498 0.500000
vt 0.628244 0.503655
vt 0.636249 0.500000
vt 0.375000 0.003655
vt 0.384937 0.000000
vt 0.606800 0.000000
vt 0.621051 0.003655
vt 0.384937 0.250000
vt 0.621051 0.246345
vt 0.606800 0.250000
vt 0.375000 0.746345
vt 0.367382 0.750000
vt 0.634569 0.750000
vt 0.627056 0.746345
vt 0.367382 0.500000
vt 0.625000 0.492896
vt 0.611534 0.500000
vt 0.382708 0.000000
vt 0.601622 0.000000
vt 0.618256 0.003655
vt 0.382708 0.250000
vt 0.618256 0.246345
vt 0.601622 0.250000
vt 0.375000 0.746345
vt 0.367023 0.750000
vt 0.625000 0.756506
vt 0.610021 0.750000
vt 0.367023 0.500000
vt 0.375000 0.503655
vt 0.625000 0.493494
vt 0.610021 0.500000
vt 0.130828 0.750000
vt 0.125000 0.746345
vt 0.605157 0.000000
vt 0.620923 0.003655
vt 0.125000 0.503655
vt 0.130828 0.500000
vt 0.620923 0.246345
vt 0.605157 0.250000
vt 0.367700 0.750000
vt 0.625000 0.756605
vt 0.609576 0.750000
vt 0.367700 0.500000
vt 0.375000 0.503655
vt 0.625000 0.493395
vt 0.609576 0.500000
vt 0.131624 0.750000
vt 0.608112 0.000000
vt 0.623611 0.003655
vt 0.131624 0.500000
vt 0.623611 0.246345
vt 0.608112 0.250000
vt 0.367972 0.750000
vt 0.625000 0.756860
vt 0.609535 0.750000
vt 0.367972 0.500000
vt 0.625000 0.493140
vt 0.609535 0.500000
vt 0.131962 0.750000
vt 0.625000 0.992992
vt 0.609535 1.000000
vt 0.131962 0.500000
vt 0.625000 0.257008
vt 0.609535 0.250000
vt 0.367960 0.750000
vt 0.624903 0.746345
vt 0.609438 0.750000
vt 0.367960 0.500000
vt 0.624903 0.503655
vt 0.609438 0.500000
vt 0.132122 0.750000
vt 0.125133 0.746345
vt 0.609828 0.000000
vt 0.625000 0.003655
vt 0.125133 0.503655
vt 0.132122 0.500000
vt 0.625000 0.246345
vt 0.609828 0.250000
vt 0.374875 0.746345
vt 0.367887 0.750000
vt 0.625000 0.757105
vt 0.609535 0.750000
vt 0.367887 0.500000
vt 0.374875 0.503655
vt 0.625000 0.492895
vt 0.609535 0.500000
vt 0.132037 0.750000
vt 0.609422 0.000000
vt 0.624887 0.003655
vt 0.132037 0.500000
vt 0.624887 0.246345
vt 0.609421 0.250000
vt 0.368047 0.750000
vt 0.625000 0.757003
vt 0.609535 0.750000
vt 0.368047 0.500000
vt 0.625000 0.492997
vt 0.132033 0.750000
vt 0.625000 0.993146
vt 0.609535 1.000000
vt 0.132033 0.500000
vt 0.625000 0.256854
vt 0.609535 0.250000
vt 0.368396 0.750000
vt 0.623546 0.746345
vt 0.608044 0.750000
vt 0.368396 0.500000
vt 0.623546 0.503655
vt 0.608044 0.500000
vt 0.132326 0.750000
vt 0.625000 0.993406
vt 0.609580 1.000000
vt 0.132326 0.500000
vt 0.625000 0.256594
vt 0.609580 0.250000
vt 0.369216 0.750000
vt 0.620789 0.746345
vt 0.604994 0.750000
vt 0.369216 0.500000
vt 0.620789 0.503655
vt 0.604994 0.500000
vt 0.132939 0.750000
vt 0.625000 0.993492
vt 0.610053 1.000000
vt 0.132939 0.500000
vt 0.625000 0.256508
vt 0.610053 0.250000
vt 0.382710 0.750000
vt 0.618284 0.746345
vt 0.601708 0.750000
vt 0.382710 0.500000
vt 0.618284 0.503655
vt 0.601708 0.500000
vt 0.375000 0.989742
vt 0.388430 1.000000
vt 0.865342 0.750000
vt 0.872883 0.746345
vt 0.375000 0.260258
vt 0.388430 0.250000
vt 0.625000 0.257101
vt 0.611570 0.250000
vt 0.385059 0.750000
vt 0.621156 0.746345
vt 0.606920 0.750000
vt 0.385060 0.500000
vt 0.621156 0.503655
vt 0.606920 0.500000
vt 0.375000 0.990355
vt 0.388539 1.000000
vt 0.863750 0.750000
vt 0.871754 0.746345
vt 0.375000 0.259645
vt 0.388539 0.250000
vt 0.863750 0.500000
vt 0.871754 0.503655
vt 0.387426 0.750000
vt 0.622021 0.746345
vt 0.606660 0.750000
vt 0.387426 0.500000
vt 0.622022 0.503655
vt 0.606660 0.500000
vt 0.375000 0.992276
vt 0.390038 1.000000
vt 0.866314 0.750000
vt 0.873239 0.746345
vt 0.375000 0.257724
vt 0.390038 0.250000
vt 0.866314 0.500000
vt 0.873239 0.503655
vt 0.389552 0.750000
vt 0.632041 0.750000
vt 0.625416 0.746345
vt 0.389552 0.500000
vt 0.625416 0.503655
vt 0.632041 0.500000
vt 0.375000 0.992750
vt 0.390432 1.000000
vt 0.867505 0.750000
vt 0.874397 0.746345
vt 0.375000 0.257250
vt 0.390432 0.250000
vt 0.867505 0.500000
vt 0.874397 0.503655
vt 0.389987 0.750000
vt 0.632087 0.750000
vt 0.625219 0.746345
vt 0.389987 0.500000
vt 0.625219 0.503655
vt 0.632087 0.500000
vt 0.390216 0.000000
vt 0.867875 0.750000
vt 0.874886 0.746345
vt 0.390216 0.250000
vt 0.867875 0.500000
vt 0.874887 0.503655
vt 0.375000 0.757081
vt 0.390465 0.750000
vt 0.632050 0.750000
vt 0.625039 0.746345
vt 0.375000 0.492919
vt 0.390465 0.500000
vt 0.625039 0.503655
vt 0.632050 0.500000
vt 0.609535 1.000000
vt 0.375000 0.493013
vt 0.368013 0.746345
vt 0.368013 0.503655
vt 0.375000 0.756987
vt 0.609535 1.000000
vt 0.875000 0.503655
vt 0.375000 0.492914
vt 0.375000 0.757086
vt 0.609023 0.000000
vt 0.875000 0.503655
vt 0.875000 0.746345
vt 0.375000 0.257259
vt 0.375000 0.992741
vt 0.608570 0.000000
vt 0.375000 0.257750
vt 0.375000 0.992249
vt 0.625000 0.003655
vt 0.625000 0.246345
vt 0.375000 0.259729
vt 0.866957 0.500000
vt 0.375000 0.990271
vt 0.866957 0.750000
vt 0.625000 0.003655
vt 0.132583 0.500000
vt 0.625000 0.257104
vt 0.132583 0.750000
vt 0.865387 0.750000
vt 0.625000 0.003655
vt 0.130525 0.500000
vt 0.625000 0.256506
vt 0.130525 0.750000
vt 0.625000 0.993494
vt 0.386314 0.000000
vt 0.625000 0.256605
vt 0.625000 0.993395
vt 0.389089 0.000000
vt 0.625000 0.256860
vt 0.625000 0.993140
vt 0.390465 1.000000
vt 0.625000 0.492992
vt 0.625000 0.757008
vt 0.390763 0.000000
vt 0.625000 0.257105
vt 0.625000 0.992895
vt 0.390353 0.000000
vt 0.625000 0.257003
vt 0.625000 0.992997
vt 0.390465 1.000000
vt 0.625000 0.493146
vt 0.625000 0.756854
vt 0.390420 1.000000
vt 0.625000 0.493406
vt 0.625000 0.756594
vt 0.389947 1.000000
vt 0.369413 0.500000
vt 0.625000 0.493492
vt 0.369413 0.750000
vt 0.625000 0.756508
vt 0.611570 1.000000
vt 0.375000 0.489742
vt 0.625000 0.492899
vt 0.375000 0.760258
vt 0.634520 0.750000
vt 0.125000 0.503655
vt 0.611461 1.000000
vt 0.375000 0.490355
vt 0.632953 0.500000
vt 0.375000 0.759645
vt 0.632953 0.750000
vt 0.609962 1.000000
vt 0.375000 0.492276
vt 0.375000 0.757724
vt 0.609568 1.000000
vt 0.375000 0.492750
vt 0.375000 0.757250
vt 0.609282 0.000000
vt 0.375000 0.257081
vt 0.375000 0.992919
vt 0.131987 0.746345
s 0
usemtl Material.001
f 15/1/1 17/2/1 4/3/1 2/4/1
f 21/5/2 23/6/2 18/7/2 14/8/2
f 31/9/3 43/10/3 37/11/3 25/12/3
f 22/13/4 10/14/4 5/15/4 16/16/4
f 3/17/5 6/18/5 12/19/5 8/20/5
f 9/21/6 11/22/6 24/23/6 20/24/6
f 39/25/1 41/26/1 28/27/1 26/28/1
f 45/29/7 47/30/7 42/31/7 38/32/7
f 55/33/8 67/34/8 61/35/8 49/36/8
f 46/37/9 34/38/9 29/39/9 40/40/9
f 27/41/10 30/42/10 36/43/10 32/44/10
f 33/45/6 35/46/6 48/47/6 44/48/6
f 63/49/1 65/50/1 52/51/1 50/52/1
f 69/53/11 71/54/11 66/55/11 62/56/11
f 79/57/12 91/58/12 85/59/12 73/60/12
f 70/61/13 58/62/13 53/63/13 64/64/13
f 51/65/14 54/66/14 60/67/14 56/68/14
f 57/69/6 59/70/6 72/71/6 68/72/6
f 87/73/1 89/74/1 76/75/1 74/76/1
f 93/77/15 95/78/15 90/79/15 86/80/15
f 103/81/16 115/82/16 109/83/16 97/84/16
f 94/85/17 82/86/17 77/87/17 88/88/17
f 75/89/18 78/90/18 84/91/18 80/92/18
f 81/93/6 83/94/6 96/95/6 92/96/6
f 111/97/1 113/98/1 100/99/1 98/100/1
f 117/101/19 119/102/19 114/103/19 110/104/19
f 127/105/20 139/106/20 133/107/20 121/108/20
f 118/109/21 106/110/21 101/111/21 112/112/21
f 99/113/22 102/114/22 108/115/22 104/116/22
f 105/117/6 107/118/6 120/119/6 116/120/6
f 135/121/1 137/122/1 124/123/1 122/124/1
f 141/125/23 143/126/23 138/127/23 134/128/23
f 151/129/24 163/130/24 157/131/24 145/132/24
f 142/133/25 130/134/25 125/135/25 136/136/25
f 123/137/26 126/138/26 132/139/26 128/140/26
f 129/141/6 131/142/6 144/143/6 140/144/6
f 159/145/1 161/146/1 148/147/1 146/148/1
f 165/149/27 167/150/27 162/151/27 158/152/27
f 175/153/28 187/154/28 181/155/28 169/156/28
f 166/157/29 154/158/29 149/159/29 160/160/29
f 147/161/30 150/162/30 156/163/30 152/164/30
f 153/165/6 155/166/6 168/167/6 164/168/6
f 183/169/1 185/170/1 172/171/1 170/172/1
f 189/173/31 191/174/31 186/175/31 182/176/31
f 199/177/32 211/178/32 205/179/32 193/180/32
f 190/181/33 178/182/33 173/183/33 184/184/33
f 171/185/34 174/186/34 180/187/34 176/188/34
f 177/189/6 179/190/6 192/191/6 188/192/6
f 207/193/1 209/194/1 196/195/1 194/196/1
f 213/197/35 215/198/35 210/199/35 206/200/35
f 223/201/36 235/202/36 229/203/36 217/204/36
f 214/205/37 202/206/37 197/207/37 208/208/37
f 195/209/38 198/210/38 204/211/38 200/212/38
f 201/213/6 203/214/6 216/215/6 212/216/6
f 231/217/1 233/218/1 220/219/1 218/220/1
f 237/221/39 239/222/39 234/223/39 230/224/39
f 247/225/40 259/226/40 253/227/40 241/228/40
f 238/229/41 226/230/41 221/231/41 232/232/41
f 219/233/42 222/234/42 228/235/42 224/236/42
f 225/237/6 227/238/6 240/239/6 236/240/6
f 255/241/1 257/242/1 244/243/1 242/244/1
f 261/5/43 263/222/43 258/7/43 254/224/43
f 271/245/44 283/246/44 277/247/44 265/248/44
f 262/13/45 250/249/45 245/15/45 256/16/45
f 243/250/46 246/251/46 252/252/46 248/253/46
f 249/254/6 251/255/6 264/256/6 260/257/6
f 279/258/1 281/259/1 268/260/1 266/261/1
f 285/262/47 287/263/47 282/264/47 278/265/47
f 295/266/48 307/267/48 301/268/48 289/269/48
f 286/270/49 274/271/49 269/272/49 280/273/49
f 267/274/50 270/275/50 276/276/50 272/253/50
f 273/277/6 275/278/6 288/279/6 284/280/6
f 303/281/1 305/282/1 292/283/1 290/284/1
f 309/285/51 311/286/51 306/287/51 302/288/51
f 319/289/52 331/290/52 325/291/52 313/292/52
f 310/293/53 298/294/53 293/295/53 304/296/53
f 291/297/54 294/298/54 300/67/54 296/299/54
f 297/300/6 299/301/6 312/302/6 308/303/6
f 327/304/1 329/305/1 316/306/1 314/307/1
f 333/308/55 335/309/55 330/310/55 326/311/55
f 343/312/56 355/313/56 349/314/56 337/315/56
f 334/316/57 322/317/57 317/318/57 328/319/57
f 315/320/58 318/321/58 324/322/58 320/323/58
f 321/324/6 323/325/6 336/326/6 332/327/6
f 351/328/1 353/329/1 340/330/1 338/331/1
f 357/332/59 359/333/59 354/334/59 350/335/59
f 367/336/60 379/337/60 373/338/60 361/339/60
f 358/340/61 346/341/61 341/342/61 352/343/61
f 339/344/62 342/345/62 348/346/62 344/347/62
f 345/348/6 347/349/6 360/350/6 356/351/6
f 375/352/1 377/353/1 364/354/1 362/355/1
f 381/356/63 383/357/63 378/358/63 374/359/63
f 391/360/64 403/361/64 397/362/64 385/363/64
f 382/364/65 370/365/65 365/366/65 376/367/65
f 363/368/66 366/369/66 372/370/66 368/371/66
f 369/372/6 371/373/6 384/374/6 380/375/6
f 399/376/1 401/377/1 388/378/1 386/379/1
f 405/380/67 407/381/67 402/382/67 398/383/67
f 415/384/68 427/385/68 421/386/68 409/387/68
f 406/388/69 394/389/69 389/390/69 400/391/69
f 387/392/70 390/393/70 396/394/70 392/395/70
f 393/396/6 395/397/6 408/398/6 404/399/6
f 423/400/1 425/401/1 412/402/1 410/403/1
f 429/404/71 431/405/71 426/406/71 422/407/71
f 439/408/72 451/409/72 445/410/72 433/411/72
f 430/412/73 418/413/73 413/414/73 424/415/73
f 411/416/74 414/417/74 420/418/74 416/419/74
f 417/420/6 419/421/6 432/422/6 428/423/6
f 447/424/1 449/425/1 436/426/1 434/427/1
f 453/428/75 455/429/75 450/430/75 446/431/75
f 463/432/76 475/433/76 469/434/76 457/435/76
f 454/436/77 442/437/77 437/438/77 448/439/77
f 435/440/78 438/441/78 444/442/78 440/443/78
f 441/444/6 443/445/6 456/446/6 452/447/6
f 471/448/1 473/449/1 460/450/1 458/451/1
f 477/5/46 479/452/46 474/7/46 470/224/46
f 478/453/79 466/454/79 461/455/79 472/456/79
f 459/457/80 462/458/80 468/235/80 464/459/80
f 465/460/6 467/461/6 480/462/6 476/463/6
f 1/464/81 2/4/81 3/465/81
f 4/466/82 5/15/82 6/467/82
f 7/468/83 8/469/83 9/21/83
f 10/14/84 11/470/84 12/471/84
f 13/472/85 14/8/85 15/473/85
f 16/16/86 17/474/86 18/475/86
f 19/476/87 20/477/87 21/5/87
f 22/13/88 23/478/88 24/479/88
f 25/480/89 26/28/89 27/465/89
f 28/481/90 29/39/90 30/482/90
f 31/483/91 32/469/91 33/45/91
f 34/38/92 35/484/92 36/485/92
f 37/486/93 38/32/93 39/487/93
f 40/40/94 41/488/94 42/489/94
f 43/490/95 44/491/95 45/29/95
f 46/37/96 47/492/96 48/493/96
f 49/494/97 50/495/97 51/65/97
f 52/496/98 53/63/98 54/497/98
f 55/498/99 56/68/99 57/499/99
f 58/62/100 59/500/100 60/501/100
f 61/502/101 62/503/101 63/49/101
f 64/64/102 65/504/102 66/505/102
f 67/506/103 68/72/103 69/507/103
f 70/61/104 71/508/104 72/509/104
f 73/494/105 74/510/105 75/89/105
f 76/511/106 77/87/106 78/512/106
f 79/498/107 80/92/107 81/513/107
f 82/86/108 83/514/108 84/515/108
f 85/516/109 86/517/109 87/73/109
f 88/88/110 89/518/110 90/519/110
f 91/520/111 92/96/111 93/521/111
f 94/85/112 95/522/112 96/523/112
f 97/494/113 98/524/113 99/113/113
f 100/525/114 101/526/114 102/114/114
f 103/498/115 104/116/115 105/527/115
f 106/528/116 107/529/116 108/115/116
f 109/530/117 110/531/117 111/97/117
f 112/112/118 113/532/118 114/533/118
f 115/534/119 116/120/119 117/535/119
f 118/109/120 119/536/120 120/537/120
f 121/538/121 122/539/121 123/137/121
f 124/540/122 125/541/122 126/138/122
f 127/498/123 128/140/123 129/542/123
f 130/543/124 131/544/124 132/139/124
f 133/107/125 134/545/125 135/546/125
f 136/136/126 137/547/126 138/548/126
f 139/106/127 140/549/127 141/490/127
f 142/550/128 143/551/128 144/143/128
f 145/494/129 146/552/129 147/161/129
f 148/553/130 149/554/130 150/162/130
f 151/498/131 152/164/131 153/555/131
f 154/556/132 155/557/132 156/163/132
f 157/131/133 158/558/133 159/559/133
f 160/560/134 161/146/134 162/561/134
f 163/130/135 164/562/135 165/563/135
f 166/564/136 167/565/136 168/167/136
f 169/156/137 170/566/137 171/567/137
f 172/568/138 173/569/138 174/186/138
f 175/153/139 176/570/139 177/571/139
f 178/572/140 179/573/140 180/187/140
f 181/155/141 182/545/141 183/574/141
f 184/575/142 185/170/142 186/576/142
f 187/154/143 188/577/143 189/578/143
f 190/579/144 191/580/144 192/191/144
f 193/180/145 194/581/145 195/567/145
f 196/582/146 197/583/146 198/210/146
f 199/177/147 200/570/147 201/584/147
f 202/585/148 203/586/148 204/211/148
f 205/179/149 206/558/149 207/587/149
f 208/588/150 209/194/150 210/589/150
f 211/178/151 212/590/151 213/490/151
f 214/591/152 215/592/152 216/215/152
f 217/204/153 218/593/153 219/567/153
f 220/219/154 221/594/154 222/595/154
f 223/201/155 224/570/155 225/596/155
f 226/597/156 227/238/156 228/598/156
f 229/203/157 230/558/157 231/599/157
f 232/600/158 233/601/158 234/223/158
f 235/202/159 236/602/159 237/578/159
f 238/603/160 239/222/160 240/604/160
f 241/228/161 242/605/161 243/606/161
f 244/607/162 245/608/162 246/251/162
f 247/225/163 248/609/163 249/610/163
f 250/611/164 251/612/164 252/252/164
f 253/227/165 254/613/165 255/614/165
f 256/615/166 257/242/166 258/616/166
f 259/226/167 260/617/167 261/618/167
f 262/619/168 263/620/168 264/256/168
f 265/248/169 266/621/169 267/567/169
f 268/622/170 269/623/170 270/275/170
f 271/245/171 272/570/171 273/624/171
f 274/625/172 275/626/172 276/276/172
f 277/247/173 278/545/173 279/627/173
f 280/628/174 281/259/174 282/629/174
f 283/246/175 284/630/175 285/578/175
f 286/631/176 287/592/176 288/279/176
f 289/269/177 290/632/177 291/567/177
f 292/283/178 293/633/178 294/634/178
f 295/266/179 296/570/179 297/635/179
f 298/636/180 299/301/180 300/637/180
f 301/268/181 302/545/181 303/638/181
f 304/639/182 305/640/182 306/287/182
f 307/267/183 308/641/183 309/563/183
f 310/642/184 311/286/184 312/643/184
f 313/292/185 314/644/185 315/567/185
f 316/306/186 317/645/186 318/646/186
f 319/289/187 320/570/187 321/647/187
f 322/648/188 323/325/188 324/649/188
f 325/291/189 326/558/189 327/650/189
f 328/651/190 329/652/190 330/310/190
f 331/290/191 332/653/191 333/490/191
f 334/654/192 335/309/192 336/655/192
f 337/315/193 338/656/193 339/567/193
f 340/330/194 341/657/194 342/658/194
f 343/312/195 344/570/195 345/659/195
f 346/660/196 347/349/196 348/661/196
f 349/486/197 350/335/197 351/662/197
f 352/663/198 353/664/198 354/334/198
f 355/490/199 356/665/199 357/332/199
f 358/666/200 359/333/200 360/667/200
f 361/668/201 362/355/201 363/669/201
f 364/670/202 365/366/202 366/671/202
f 367/672/203 368/673/203 369/372/203
f 370/674/204 371/373/204 372/675/204
f 373/486/205 374/359/205 375/676/205
f 376/677/206 377/678/206 378/358/206
f 379/490/207 380/679/207 381/356/207
f 382/680/208 383/357/208 384/681/208
f 385/682/209 386/379/209 387/683/209
f 388/684/210 389/390/210 390/685/210
f 391/686/211 392/687/211 393/396/211
f 394/389/212 395/688/212 396/689/212
f 397/486/213 398/383/213 399/690/213
f 400/691/214 401/692/214 402/382/214
f 403/490/215 404/693/215 405/380/215
f 406/694/216 407/381/216 408/695/216
f 409/696/217 410/403/217 411/697/217
f 412/698/218 413/414/218 414/699/218
f 415/700/219 416/701/219 417/420/219
f 418/413/220 419/702/220 420/703/220
f 421/486/221 422/407/221 423/704/221
f 424/415/222 425/705/222 426/706/222
f 427/490/223 428/707/223 429/404/223
f 430/412/224 431/708/224 432/709/224
f 433/710/225 434/427/225 435/711/225
f 436/712/226 437/438/226 438/713/226
f 439/714/227 440/715/227 441/444/227
f 442/437/228 443/716/228 444/717/228
f 445/486/229 446/431/229 447/718/229
f 448/439/230 449/719/230 450/720/230
f 451/490/231 452/721/231 453/428/231
f 454/436/232 455/722/232 456/723/232
f 457/538/233 458/724/233 459/457/233
f 460/725/234 461/455/234 462/726/234
f 463/498/235 464/459/235 465/727/235
f 466/454/236 467/728/236 468/729/236
f 469/730/237 470/731/237 471/448/237
f 472/456/238 473/732/238 474/733/238
f 475/734/239 476/463/239 477/735/239
f 478/453/240 479/736/240 480/737/240
f 7/498/241 1/538/241 3/17/241 8/20/241
f 2/4/242 4/3/242 6/738/242 3/465/242
f 5/15/243 10/14/243 12/471/243 6/467/243
f 11/22/244 9/21/244 8/20/244 12/19/244
f 19/739/245 7/468/245 9/21/245 20/24/245
f 10/14/246 22/13/246 24/479/246 11/470/246
f 23/6/247 21/5/247 20/24/247 24/23/247
f 13/740/248 19/741/248 21/5/248 14/8/248
f 22/13/249 16/16/249 18/7/249 23/6/249
f 17/2/250 15/1/250 14/8/250 18/7/250
f 1/464/251 13/742/251 15/1/251 2/4/251
f 16/16/252 5/15/252 4/466/252 17/474/252
f 31/498/253 25/494/253 27/41/253 32/44/253
f 26/28/254 28/27/254 30/743/254 27/465/254
f 29/39/255 34/38/255 36/744/255 30/467/255
f 35/46/256 33/45/256 32/44/256 36/43/256
f 43/745/257 31/483/257 33/45/257 44/48/257
f 34/38/258 46/37/258 48/493/258 35/484/258
f 47/30/259 45/29/259 44/48/259 48/47/259
f 37/11/260 43/10/260 45/29/260 38/32/260
f 46/37/261 40/40/261 42/31/261 47/30/261
f 41/26/262 39/25/262 38/32/262 42/31/262
f 25/480/263 37/746/263 39/25/263 26/28/263
f 40/40/264 29/39/264 28/481/264 41/488/264
f 55/498/265 49/494/265 51/65/265 56/68/265
f 50/495/266 52/747/266 54/66/266 51/65/266
f 53/63/267 58/62/267 60/748/267 54/749/267
f 59/70/268 57/69/268 56/68/268 60/67/268
f 67/506/269 55/750/269 57/69/269 68/72/269
f 58/62/270 70/61/270 72/509/270 59/500/270
f 71/54/271 69/53/271 68/72/271 72/71/271
f 61/35/272 67/34/272 69/53/272 62/56/272
f 70/61/273 64/64/273 66/55/273 71/54/273
f 65/50/274 63/49/274 62/56/274 66/55/274
f 49/751/275 61/502/275 63/49/275 50/52/275
f 64/64/276 53/63/276 52/496/276 65/504/276
f 79/498/277 73/494/277 75/89/277 80/92/277
f 74/510/278 76/752/278 78/90/278 75/89/278
f 77/87/279 82/86/279 84/471/279 78/749/279
f 83/94/280 81/93/280 80/92/280 84/91/280
f 91/520/281 79/753/281 81/93/281 92/96/281
f 82/86/282 94/85/282 96/523/282 83/514/282
f 95/78/283 93/77/283 92/96/283 96/95/283
f 85/59/284 91/58/284 93/77/284 86/80/284
f 94/85/285 88/88/285 90/79/285 95/78/285
f 89/74/286 87/73/286 86/80/286 90/79/286
f 73/754/287 85/516/287 87/73/287 74/76/287
f 88/88/288 77/87/288 76/511/288 89/518/288
f 103/498/289 97/494/289 99/113/289 104/116/289
f 98/524/290 100/525/290 102/114/290 99/113/290
f 101/755/291 106/756/291 108/115/291 102/114/291
f 107/118/292 105/117/292 104/116/292 108/115/292
f 115/534/293 103/757/293 105/117/293 116/120/293
f 106/110/294 118/109/294 120/537/294 107/758/294
f 119/102/295 117/101/295 116/120/295 120/119/295
f 109/83/296 115/82/296 117/101/296 110/104/296
f 118/109/297 112/112/297 114/103/297 119/102/297
f 113/98/298 111/97/298 110/104/298 114/103/298
f 97/759/299 109/530/299 111/97/299 98/100/299
f 112/112/300 101/111/300 100/760/300 113/532/300
f 127/498/301 121/538/301 123/137/301 128/140/301
f 122/539/302 124/540/302 126/138/302 123/137/302
f 125/761/303 130/611/303 132/139/303 126/138/303
f 131/142/304 129/141/304 128/140/304 132/139/304
f 139/106/305 127/105/305 129/762/305 140/549/305
f 130/763/306 142/550/306 144/143/306 131/142/306
f 143/126/307 141/125/307 140/144/307 144/143/307
f 133/107/308 139/106/308 141/125/308 134/128/308
f 142/133/309 136/136/309 138/127/309 143/126/309
f 137/122/310 135/121/310 134/128/310 138/127/310
f 121/108/311 133/107/311 135/546/311 122/764/311
f 136/136/312 125/135/312 124/765/312 137/547/312
f 151/498/313 145/494/313 147/161/313 152/164/313
f 146/552/314 148/553/314 150/162/314 147/161/314
f 149/766/315 154/611/315 156/163/315 150/162/315
f 155/166/316 153/165/316 152/164/316 156/163/316
f 163/130/317 151/129/317 153/767/317 164/562/317
f 154/768/318 166/564/318 168/167/318 155/166/318
f 167/150/319 165/149/319 164/168/319 168/167/319
f 157/131/320 163/130/320 165/149/320 158/152/320
f 166/157/321 160/160/321 162/151/321 167/150/321
f 161/146/322 159/145/322 158/152/322 162/151/322
f 145/132/323 157/131/323 159/559/323 146/769/323
f 160/560/324 149/770/324 148/147/324 161/146/324
f 175/153/325 169/156/325 171/567/325 176/570/325
f 170/771/326 172/568/326 174/186/326 171/185/326
f 173/766/327 178/611/327 180/187/327 174/186/327
f 179/190/328 177/189/328 176/188/328 180/187/328
f 187/154/329 175/153/329 177/571/329 188/577/329
f 178/772/330 190/579/330 192/191/330 179/190/330
f 191/174/331 189/173/331 188/192/331 192/191/331
f 181/155/332 187/154/332 189/173/332 182/176/332
f 190/181/333 184/184/333 186/175/333 191/174/333
f 185/170/334 183/169/334 182/176/334 186/175/334
f 169/156/335 181/155/335 183/574/335 170/566/335
f 184/575/336 173/773/336 172/171/336 185/170/336
f 199/177/337 193/180/337 195/567/337 200/570/337
f 194/774/338 196/582/338 198/210/338 195/209/338
f 197/755/339 202/756/339 204/211/339 198/210/339
f 203/214/340 201/213/340 200/212/340 204/211/340
f 211/178/341 199/177/341 201/584/341 212/590/341
f 202/775/342 214/591/342 216/215/342 203/214/342
f 215/198/343 213/197/343 212/216/343 216/215/343
f 205/179/344 211/178/344 213/197/344 206/200/344
f 214/205/345 208/208/345 210/199/345 215/198/345
f 209/194/346 207/193/346 206/200/346 210/199/346
f 193/180/347 205/179/347 207/587/347 194/581/347
f 208/588/348 197/776/348 196/195/348 209/194/348
f 223/201/349 217/204/349 219/567/349 224/570/349
f 218/220/350 220/219/350 222/595/350 219/777/350
f 221/755/351 226/756/351 228/235/351 222/234/351
f 227/238/352 225/237/352 224/236/352 228/235/352
f 235/202/353 223/201/353 225/596/353 236/602/353
f 226/597/354 238/778/354 240/239/354 227/238/354
f 239/222/355 237/221/355 236/240/355 240/239/355
f 229/203/356 235/202/356 237/221/356 230/224/356
f 238/229/357 232/232/357 234/223/357 239/222/357
f 233/218/358 231/217/358 230/224/358 234/223/358
f 217/204/359 229/203/359 231/599/359 218/593/359
f 232/779/360 221/594/360 220/219/360 233/218/360
f 247/225/361 241/228/361 243/567/361 248/570/361
f 242/780/362 244/607/362 246/251/362 243/250/362
f 245/608/363 250/611/363 252/252/363 246/251/363
f 251/255/364 249/254/364 248/253/364 252/252/364
f 259/226/365 247/225/365 249/610/365 260/617/365
f 250/781/366 262/619/366 264/256/366 251/255/366
f 263/222/367 261/5/367 260/257/367 264/256/367
f 253/227/368 259/226/368 261/5/368 254/224/368
f 262/13/369 256/16/369 258/7/369 263/222/369
f 257/242/370 255/241/370 254/224/370 258/7/370
f 241/228/371 253/227/371 255/614/371 242/605/371
f 256/615/372 245/782/372 244/243/372 257/242/372
f 271/245/373 265/248/373 267/567/373 272/570/373
f 266/783/250 268/622/250 270/275/250 267/274/250
f 269/766/374 274/611/374 276/276/374 270/275/374
f 275/278/247 273/277/247 272/253/247 276/276/247
f 283/246/375 271/245/375 273/624/375 284/630/375
f 274/784/376 286/631/376 288/279/376 275/278/376
f 287/263/377 285/262/377 284/280/377 288/279/377
f 277/247/378 283/246/378 285/262/378 278/265/378
f 286/270/379 280/273/379 282/264/379 287/263/379
f 281/259/380 279/258/380 278/265/380 282/264/380
f 265/248/381 277/247/381 279/627/381 266/621/381
f 280/628/382 269/785/382 268/260/382 281/259/382
f 295/266/383 289/269/383 291/567/383 296/570/383
f 290/284/384 292/283/384 294/634/384 291/786/384
f 293/766/385 298/611/385 300/67/385 294/298/385
f 299/301/386 297/300/386 296/299/386 300/67/386
f 307/267/387 295/266/387 297/635/387 308/641/387
f 298/636/388 310/787/388 312/302/388 299/301/388
f 311/286/389 309/285/389 308/303/389 312/302/389
f 301/268/390 307/267/390 309/285/390 302/288/390
f 310/293/391 304/296/391 306/287/391 311/286/391
f 305/282/392 303/281/392 302/288/392 306/287/392
f 289/269/393 301/268/393 303/638/393 290/632/393
f 304/788/394 293/633/394 292/283/394 305/282/394
f 319/289/395 313/292/395 315/567/395 320/570/395
f 314/307/396 316/306/396 318/646/396 315/789/396
f 317/766/397 322/611/397 324/322/397 318/321/397
f 323/325/398 321/324/398 320/323/398 324/322/398
f 331/290/399 319/289/399 321/647/399 332/653/399
f 322/648/400 334/790/400 336/326/400 323/325/400
f 335/309/401 333/308/401 332/327/401 336/326/401
f 325/291/402 331/290/402 333/308/402 326/311/402
f 334/316/403 328/319/403 330/310/403 335/309/403
f 329/305/404 327/304/404 326/311/404 330/310/404
f 313/292/405 325/291/405 327/650/405 314/644/405
f 328/791/406 317/645/406 316/306/406 329/305/406
f 343/312/407 337/315/407 339/567/407 344/570/407
f 338/331/408 340/330/408 342/658/408 339/792/408
f 341/342/409 346/341/409 348/748/409 342/749/409
f 347/349/410 345/348/410 344/347/410 348/346/410
f 355/313/411 343/312/411 345/659/411 356/793/411
f 346/660/412 358/794/412 360/350/412 347/349/412
f 359/333/413 357/332/413 356/351/413 360/350/413
f 349/314/414 355/313/414 357/332/414 350/335/414
f 358/340/415 352/343/415 354/334/415 359/333/415
f 353/329/416 351/328/416 350/335/416 354/334/416
f 337/315/417 349/314/417 351/795/417 338/656/417
f 352/796/418 341/657/418 340/330/418 353/329/418
f 367/336/419 361/339/419 363/567/419 368/570/419
f 362/355/420 364/354/420 366/797/420 363/669/420
f 365/366/421 370/365/421 372/471/421 366/749/421
f 371/373/422 369/372/422 368/371/422 372/370/422
f 379/798/423 367/672/423 369/372/423 380/375/423
f 370/674/424 382/799/424 384/374/424 371/373/424
f 383/357/425 381/356/425 380/375/425 384/374/425
f 373/338/426 379/337/426 381/356/426 374/359/426
f 382/364/427 376/367/427 378/358/427 383/357/427
f 377/353/428 375/352/428 374/359/428 378/358/428
f 361/668/429 373/800/429 375/352/429 362/355/429
f 376/367/430 365/366/430 364/670/430 377/801/430
f 391/360/431 385/363/431 387/567/431 392/802/431
f 386/379/432 388/378/432 390/803/432 387/683/432
f 389/390/433 394/389/433 396/471/433 390/749/433
f 395/397/434 393/396/434 392/395/434 396/394/434
f 403/804/435 391/686/435 393/396/435 404/399/435
f 394/389/436 406/388/436 408/805/436 395/688/436
f 407/381/437 405/380/437 404/399/437 408/398/437
f 397/362/438 403/361/438 405/380/438 398/383/438
f 406/388/439 400/391/439 402/382/439 407/381/439
f 401/377/440 399/376/440 398/383/440 402/382/440
f 385/682/441 397/806/441 399/376/441 386/379/441
f 400/391/442 389/390/442 388/684/442 401/807/442
f 415/498/443 409/538/443 411/416/443 416/419/443
f 410/403/444 412/402/444 414/808/444 411/697/444
f 413/414/445 418/413/445 420/744/445 414/467/445
f 419/421/446 417/420/446 416/419/446 420/418/446
f 427/809/447 415/700/447 417/420/447 428/423/447
f 418/413/448 430/412/448 432/709/448 419/702/448
f 431/405/449 429/404/449 428/423/449 432/422/449
f 421/386/450 427/385/450 429/404/450 422/407/450
f 430/412/451 424/415/451 426/406/451 431/405/451
f 425/401/452 423/400/452 422/407/452 426/406/452
f 409/696/453 421/810/453 423/400/453 410/403/453
f 424/415/454 413/414/454 412/698/454 425/705/454
f 439/498/455 433/494/455 435/440/455 440/443/455
f 434/427/456 436/426/456 438/811/456 435/711/456
f 437/438/457 442/437/457 444/748/457 438/749/457
f 443/445/458 441/444/458 440/443/458 444/442/458
f 451/812/459 439/714/459 441/444/459 452/447/459
f 442/437/460 454/436/460 456/723/460 443/716/460
f 455/429/461 453/428/461 452/447/461 456/446/461
f 445/410/462 451/409/462 453/428/462 446/431/462
f 454/436/463 448/439/463 450/430/463 455/429/463
f 449/425/464 447/424/464 446/431/464 450/430/464
f 433/710/465 445/813/465 447/424/465 434/427/465
f 448/439/466 437/438/466 436/712/466 449/719/466
f 463/498/467 457/538/467 459/457/467 464/459/467
f 458/724/468 460/814/468 462/458/468 459/457/468
f 461/455/469 466/454/469 468/471/469 462/749/469
f 467/461/470 465/460/470 464/459/470 468/235/470
f 475/734/471 463/815/471 465/460/471 476/463/471
f 466/454/472 478/453/472 480/737/472 467/728/472
f 479/452/364 477/5/364 476/463/364 480/462/364
f 469/434/473 475/433/473 477/5/473 470/224/473
f 478/453/474 472/456/474 474/7/474 479/452/474
f 473/449/362 471/448/362 470/224/362 474/7/362
f 457/816/475 469/730/475 471/448/475 458/451/475
f 472/456/476 461/455/476 460/725/476 473/732/476
f 7/225/477 19/741/477 13/740/477 1/817/477
f 495/1/6 482/4/6 484/3/6 497/2/6
f 501/5/2 494/8/2 498/7/2 503/6/2
f 511/9/3 505/12/3 517/11/3 523/10/3
f 502/13/4 496/16/4 485/15/4 490/14/4
f 483/17/5 488/20/5 492/19/5 486/18/5
f 489/21/1 500/24/1 504/23/1 491/22/1
f 519/25/6 506/28/6 508/27/6 521/26/6
f 525/29/7 518/32/7 522/31/7 527/30/7
f 535/33/8 529/36/8 541/35/8 547/34/8
f 526/37/9 520/40/9 509/39/9 514/38/9
f 507/41/10 512/44/10 516/43/10 510/42/10
f 513/45/1 524/48/1 528/47/1 515/46/1
f 543/49/6 530/52/6 532/51/6 545/50/6
f 549/53/11 542/56/11 546/55/11 551/54/11
f 559/57/12 553/60/12 565/59/12 571/58/12
f 550/61/13 544/64/13 533/63/13 538/62/13
f 531/65/14 536/68/14 540/67/14 534/66/14
f 537/69/1 548/72/1 552/71/1 539/70/1
f 567/73/6 554/76/6 556/75/6 569/74/6
f 573/77/15 566/80/15 570/79/15 575/78/15
f 583/81/16 577/84/16 589/83/16 595/82/16
f 574/85/17 568/88/17 557/87/17 562/86/17
f 555/89/18 560/92/18 564/91/18 558/90/18
f 561/93/1 572/96/1 576/95/1 563/94/1
f 591/97/6 578/100/6 580/99/6 593/98/6
f 597/101/19 590/104/19 594/103/19 599/102/19
f 607/105/20 601/108/20 613/107/20 619/106/20
f 598/109/21 592/112/21 581/111/21 586/110/21
f 579/113/22 584/116/22 588/115/22 582/114/22
f 585/117/1 596/120/1 600/119/1 587/118/1
f 615/121/6 602/124/6 604/123/6 617/122/6
f 621/125/23 614/128/23 618/127/23 623/126/23
f 631/129/24 625/132/24 637/131/24 643/130/24
f 622/133/25 616/136/25 605/135/25 610/134/25
f 603/137/26 608/140/26 612/139/26 606/138/26
f 609/141/1 620/144/1 624/143/1 611/142/1
f 639/145/6 626/148/6 628/147/6 641/146/6
f 645/149/27 638/152/27 642/151/27 647/150/27
f 655/153/28 649/156/28 661/155/28 667/154/28
f 646/157/29 640/160/29 629/159/29 634/158/29
f 627/161/30 632/164/30 636/163/30 630/162/30
f 633/165/1 644/168/1 648/167/1 635/166/1
f 663/169/6 650/172/6 652/171/6 665/170/6
f 669/173/31 662/176/31 666/175/31 671/174/31
f 679/177/32 673/180/32 685/179/32 691/178/32
f 670/181/33 664/184/33 653/183/33 658/182/33
f 651/185/34 656/188/34 660/187/34 654/186/34
f 657/189/1 668/192/1 672/191/1 659/190/1
f 687/193/6 674/196/6 676/195/6 689/194/6
f 693/197/35 686/200/35 690/199/35 695/198/35
f 703/201/36 697/204/36 709/203/36 715/202/36
f 694/205/37 688/208/37 677/207/37 682/206/37
f 675/209/38 680/212/38 684/211/38 678/210/38
f 681/213/1 692/216/1 696/215/1 683/214/1
f 711/217/6 698/220/6 700/219/6 713/218/6
f 717/221/39 710/224/39 714/223/39 719/222/39
f 727/225/40 721/228/40 733/227/40 739/226/40
f 718/229/41 712/232/41 701/231/41 706/230/41
f 699/233/42 704/236/42 708/235/42 702/234/42
f 705/237/1 716/240/1 720/239/1 707/238/1
f 735/241/6 722/244/6 724/243/6 737/242/6
f 741/5/43 734/224/43 738/7/43 743/222/43
f 751/245/44 745/248/44 757/247/44 763/246/44
f 742/13/45 736/16/45 725/15/45 730/249/45
f 723/250/46 728/253/46 732/252/46 726/251/46
f 729/254/1 740/257/1 744/256/1 731/255/1
f 759/258/6 746/261/6 748/260/6 761/259/6
f 765/262/47 758/265/47 762/264/47 767/263/47
f 775/266/48 769/269/48 781/268/48 787/267/48
f 766/270/49 760/273/49 749/272/49 754/271/49
f 747/274/50 752/253/50 756/276/50 750/275/50
f 753/277/1 764/280/1 768/279/1 755/278/1
f 783/281/6 770/284/6 772/283/6 785/282/6
f 789/285/51 782/288/51 786/287/51 791/286/51
f 799/289/52 793/292/52 805/291/52 811/290/52
f 790/293/53 784/296/53 773/295/53 778/294/53
f 771/297/54 776/299/54 780/67/54 774/298/54
f 777/300/1 788/303/1 792/302/1 779/301/1
f 807/304/6 794/307/6 796/306/6 809/305/6
f 813/308/55 806/311/55 810/310/55 815/309/55
f 823/312/56 817/315/56 829/314/56 835/313/56
f 814/316/57 808/319/57 797/318/57 802/317/57
f 795/320/58 800/323/58 804/322/58 798/321/58
f 801/324/1 812/327/1 816/326/1 803/325/1
f 831/328/6 818/331/6 820/330/6 833/329/6
f 837/332/59 830/335/59 834/334/59 839/333/59
f 847/336/60 841/339/60 853/338/60 859/337/60
f 838/340/61 832/343/61 821/342/61 826/341/61
f 819/344/62 824/347/62 828/346/62 822/345/62
f 825/348/1 836/351/1 840/350/1 827/349/1
f 855/352/6 842/355/6 844/354/6 857/353/6
f 861/356/63 854/359/63 858/358/63 863/357/63
f 871/360/64 865/363/64 877/362/64 883/361/64
f 862/364/65 856/367/65 845/366/65 850/365/65
f 843/368/66 848/371/66 852/370/66 846/369/66
f 849/372/1 860/375/1 864/374/1 851/373/1
f 879/376/6 866/379/6 868/378/6 881/377/6
f 885/380/67 878/383/67 882/382/67 887/381/67
f 895/384/68 889/387/68 901/386/68 907/385/68
f 886/388/69 880/391/69 869/390/69 874/389/69
f 867/392/70 872/395/70 876/394/70 870/393/70
f 873/396/1 884/399/1 888/398/1 875/397/1
f 903/400/6 890/403/6 892/402/6 905/401/6
f 909/404/71 902/407/71 906/406/71 911/405/71
f 919/408/72 913/411/72 925/410/72 931/409/72
f 910/412/73 904/415/73 893/414/73 898/413/73
f 891/416/74 896/419/74 900/418/74 894/417/74
f 897/420/1 908/423/1 912/422/1 899/421/1
f 927/424/6 914/427/6 916/426/6 929/425/6
f 933/428/75 926/431/75 930/430/75 935/429/75
f 943/432/76 937/435/76 949/434/76 955/433/76
f 934/436/77 928/439/77 917/438/77 922/437/77
f 915/440/78 920/443/78 924/442/78 918/441/78
f 921/444/1 932/447/1 936/446/1 923/445/1
f 951/448/6 938/451/6 940/450/6 953/449/6
f 957/5/46 950/224/46 954/7/46 959/452/46
f 958/453/79 952/456/79 941/455/79 946/454/79
f 939/457/80 944/459/80 948/235/80 942/458/80
f 945/460/1 956/463/1 960/462/1 947/461/1
f 481/464/83 483/465/83 482/4/83
f 484/466/478 486/467/478 485/15/478
f 487/468/81 489/21/81 488/469/81
f 490/14/479 492/471/479 491/470/479
f 493/472/87 495/473/87 494/8/87
f 496/16/88 498/475/88 497/474/88
f 499/476/85 501/5/85 500/477/85
f 502/13/86 504/479/86 503/478/86
f 505/480/480 507/465/480 506/28/480
f 508/481/92 510/482/92 509/39/92
f 511/483/481 513/45/481 512/469/481
f 514/38/90 516/485/90 515/484/90
f 517/486/482 519/487/482 518/32/482
f 520/40/96 522/489/96 521/488/96
f 523/490/483 525/29/483 524/491/483
f 526/37/94 528/493/94 527/492/94
f 529/494/99 531/65/99 530/495/99
f 532/496/100 534/497/100 533/63/100
f 535/498/97 537/499/97 536/68/97
f 538/62/98 540/501/98 539/500/98
f 541/502/103 543/49/103 542/503/103
f 544/64/484 546/505/484 545/504/484
f 547/506/101 549/507/101 548/72/101
f 550/61/485 552/509/485 551/508/485
f 553/494/486 555/89/486 554/510/486
f 556/511/108 558/512/108 557/87/108
f 559/498/487 561/513/487 560/92/487
f 562/86/106 564/515/106 563/514/106
f 565/516/111 567/73/111 566/517/111
f 568/88/112 570/519/112 569/518/112
f 571/520/109 573/521/109 572/96/109
f 574/85/110 576/523/110 575/522/110
f 577/494/115 579/113/115 578/524/115
f 580/525/488 582/114/488 581/526/488
f 583/498/113 585/527/113 584/116/113
f 586/528/489 588/115/489 587/529/489
f 589/530/119 591/97/119 590/531/119
f 592/112/120 594/533/120 593/532/120
f 595/534/117 597/535/117 596/120/117
f 598/109/118 600/537/118 599/536/118
f 601/538/123 603/137/123 602/539/123
f 604/540/124 606/138/124 605/541/124
f 607/498/121 609/542/121 608/140/121
f 610/543/122 612/139/122 611/544/122
f 613/107/127 615/546/127 614/545/127
f 616/136/128 618/548/128 617/547/128
f 619/106/125 621/490/125 620/549/125
f 622/550/126 624/143/126 623/551/126
f 625/494/131 627/161/131 626/552/131
f 628/553/132 630/162/132 629/554/132
f 631/498/129 633/555/129 632/164/129
f 634/556/130 636/163/130 635/557/130
f 637/131/135 639/559/135 638/558/135
f 640/560/136 642/561/136 641/146/136
f 643/130/133 645/563/133 644/562/133
f 646/564/134 648/167/134 647/565/134
f 649/156/139 651/567/139 650/566/139
f 652/568/140 654/186/140 653/569/140
f 655/153/137 657/571/137 656/570/137
f 658/572/138 660/187/138 659/573/138
f 661/155/143 663/574/143 662/545/143
f 664/575/144 666/576/144 665/170/144
f 667/154/141 669/578/141 668/577/141
f 670/579/142 672/191/142 671/580/142
f 673/180/147 675/567/147 674/581/147
f 676/582/148 678/210/148 677/583/148
f 679/177/145 681/584/145 680/570/145
f 682/585/146 684/211/146 683/586/146
f 685/179/151 687/587/151 686/558/151
f 688/588/152 690/589/152 689/194/152
f 691/178/149 693/490/149 692/590/149
f 694/591/150 696/215/150 695/592/150
f 697/204/155 699/567/155 698/593/155
f 700/219/156 702/595/156 701/594/156
f 703/201/153 705/596/153 704/570/153
f 706/597/154 708/598/154 707/238/154
f 709/203/159 711/599/159 710/558/159
f 712/600/160 714/223/160 713/601/160
f 715/202/157 717/578/157 716/602/157
f 718/603/158 720/604/158 719/222/158
f 721/228/163 723/606/163 722/605/163
f 724/607/164 726/251/164 725/608/164
f 727/225/161 729/610/161 728/609/161
f 730/611/162 732/252/162 731/612/162
f 733/227/167 735/614/167 734/613/167
f 736/615/168 738/616/168 737/242/168
f 739/226/165 741/618/165 740/617/165
f 742/619/166 744/256/166 743/620/166
f 745/248/171 747/567/171 746/621/171
f 748/622/172 750/275/172 749/623/172
f 751/245/169 753/624/169 752/570/169
f 754/625/170 756/276/170 755/626/170
f 757/247/175 759/627/175 758/545/175
f 760/628/176 762/629/176 761/259/176
f 763/246/173 765/578/173 764/630/173
f 766/631/174 768/279/174 767/592/174
f 769/269/179 771/567/179 770/632/179
f 772/283/180 774/634/180 773/633/180
f 775/266/177 777/635/177 776/570/177
f 778/636/178 780/637/178 779/301/178
f 781/268/183 783/638/183 782/545/183
f 784/639/184 786/287/184 785/640/184
f 787/267/181 789/563/181 788/641/181
f 790/642/182 792/643/182 791/286/182
f 793/292/187 795/567/187 794/644/187
f 796/306/188 798/646/188 797/645/188
f 799/289/185 801/647/185 800/570/185
f 802/648/186 804/649/186 803/325/186
f 805/291/191 807/650/191 806/558/191
f 808/651/192 810/310/192 809/652/192
f 811/290/189 813/490/189 812/653/189
f 814/654/190 816/655/190 815/309/190
f 817/315/195 819/567/195 818/656/195
f 820/330/196 822/658/196 821/657/196
f 823/312/193 825/659/193 824/570/193
f 826/660/194 828/661/194 827/349/194
f 829/486/199 831/662/199 830/335/199
f 832/663/200 834/334/200 833/664/200
f 835/490/197 837/332/197 836/665/197
f 838/666/198 840/667/198 839/333/198
f 841/668/203 843/669/203 842/355/203
f 844/670/204 846/671/204 845/366/204
f 847/672/201 849/372/201 848/673/201
f 850/674/202 852/675/202 851/373/202
f 853/486/207 855/676/207 854/359/207
f 856/677/208 858/358/208 857/678/208
f 859/490/205 861/356/205 860/679/205
f 862/680/206 864/681/206 863/357/206
f 865/682/211 867/683/211 866/379/211
f 868/684/490 870/685/490 869/390/490
f 871/686/209 873/396/209 872/687/209
f 874/389/491 876/689/491 875/688/491
f 877/486/215 879/690/215 878/383/215
f 880/691/216 882/382/216 881/692/216
f 883/490/213 885/380/213 884/693/213
f 886/694/214 888/695/214 887/381/214
f 889/696/219 891/697/219 890/403/219
f 892/698/492 894/699/492 893/414/492
f 895/700/217 897/420/217 896/701/217
f 898/413/493 900/703/493 899/702/493
f 901/486/223 903/704/223 902/407/223
f 904/415/224 906/706/224 905/705/224
f 907/490/221 909/404/221 908/707/221
f 910/412/222 912/709/222 911/708/222
f 913/710/227 915/711/227 914/427/227
f 916/712/228 918/713/228 917/438/228
f 919/714/225 921/444/225 920/715/225
f 922/437/226 924/717/226 923/716/226
f 925/486/231 927/718/231 926/431/231
f 928/439/232 930/720/232 929/719/232
f 931/490/229 933/428/229 932/721/229
f 934/436/230 936/723/230 935/722/230
f 937/538/235 939/457/235 938/724/235
f 940/725/236 942/726/236 941/455/236
f 943/498/233 945/727/233 944/459/233
f 946/454/234 948/729/234 947/728/234
f 949/730/239 951/448/239 950/731/239
f 952/456/240 954/733/240 953/732/240
f 955/734/237 957/735/237 956/463/237
f 958/453/238 960/737/238 959/736/238
f 487/498/241 488/20/241 483/17/241 481/538/241
f 482/4/244 483/465/244 486/738/244 484/3/244
f 485/15/243 486/467/243 492/471/243 490/14/243
f 491/22/242 492/19/242 488/20/242 489/21/242
f 499/739/251 500/24/251 489/21/251 487/468/251
f 490/14/252 491/470/252 504/479/252 502/13/252
f 503/6/250 504/23/250 500/24/250 501/5/250
f 493/740/248 494/8/248 501/5/248 499/741/248
f 502/13/249 503/6/249 498/7/249 496/16/249
f 497/2/247 498/7/247 494/8/247 495/1/247
f 481/464/245 482/4/245 495/1/245 493/742/245
f 496/16/246 497/474/246 484/466/246 485/15/246
f 511/498/253 512/44/253 507/41/253 505/494/253
f 506/28/256 507/465/256 510/743/256 508/27/256
f 509/39/255 510/467/255 516/744/255 514/38/255
f 515/46/254 516/43/254 512/44/254 513/45/254
f 523/745/263 524/48/263 513/45/263 511/483/263
f 514/38/264 515/484/264 528/493/264 526/37/264
f 527/30/262 528/47/262 524/48/262 525/29/262
f 517/11/260 518/32/260 525/29/260 523/10/260
f 526/37/261 527/30/261 522/31/261 520/40/261
f 521/26/259 522/31/259 518/32/259 519/25/259
f 505/480/257 506/28/257 519/25/257 517/746/257
f 520/40/258 521/488/258 508/481/258 509/39/258
f 535/498/265 536/68/265 531/65/265 529/494/265
f 530/495/268 531/65/268 534/66/268 532/747/268
f 533/63/267 534/749/267 540/748/267 538/62/267
f 539/70/266 540/67/266 536/68/266 537/69/266
f 547/506/275 548/72/275 537/69/275 535/750/275
f 538/62/276 539/500/276 552/509/276 550/61/276
f 551/54/274 552/71/274 548/72/274 549/53/274
f 541/35/272 542/56/272 549/53/272 547/34/272
f 550/61/273 551/54/273 546/55/273 544/64/273
f 545/50/271 546/55/271 542/56/271 543/49/271
f 529/751/269 530/52/269 543/49/269 541/502/269
f 544/64/270 545/504/270 532/496/270 533/63/270
f 559/498/277 560/92/277 555/89/277 553/494/277
f 554/510/280 555/89/280 558/90/280 556/752/280
f 557/87/279 558/749/279 564/471/279 562/86/279
f 563/94/278 564/91/278 560/92/278 561/93/278
f 571/520/287 572/96/287 561/93/287 559/753/287
f 562/86/288 563/514/288 576/523/288 574/85/288
f 575/78/286 576/95/286 572/96/286 573/77/286
f 565/59/284 566/80/284 573/77/284 571/58/284
f 574/85/285 575/78/285 570/79/285 568/88/285
f 569/74/283 570/79/283 566/80/283 567/73/283
f 553/754/281 554/76/281 567/73/281 565/516/281
f 568/88/282 569/518/282 556/511/282 557/87/282
f 583/498/289 584/116/289 579/113/289 577/494/289
f 578/524/292 579/113/292 582/114/292 580/525/292
f 581/755/291 582/114/291 588/115/291 586/756/291
f 587/118/290 588/115/290 584/116/290 585/117/290
f 595/534/299 596/120/299 585/117/299 583/757/299
f 586/110/300 587/758/300 600/537/300 598/109/300
f 599/102/298 600/119/298 596/120/298 597/101/298
f 589/83/296 590/104/296 597/101/296 595/82/296
f 598/109/297 599/102/297 594/103/297 592/112/297
f 593/98/295 594/103/295 590/104/295 591/97/295
f 577/759/293 578/100/293 591/97/293 589/530/293
f 592/112/494 593/532/494 580/760/494 581/111/494
f 607/498/301 608/140/301 603/137/301 601/538/301
f 602/539/304 603/137/304 606/138/304 604/540/304
f 605/761/303 606/138/303 612/139/303 610/611/303
f 611/142/302 612/139/302 608/140/302 609/141/302
f 619/106/311 620/549/311 609/762/311 607/105/311
f 610/763/312 611/142/312 624/143/312 622/550/312
f 623/126/310 624/143/310 620/144/310 621/125/310
f 613/107/308 614/128/308 621/125/308 619/106/308
f 622/133/309 623/126/309 618/127/309 616/136/309
f 617/122/495 618/127/495 614/128/495 615/121/495
f 601/108/305 602/764/305 615/546/305 613/107/305
f 616/136/306 617/547/306 604/765/306 605/135/306
f 631/498/313 632/164/313 627/161/313 625/494/313
f 626/552/316 627/161/316 630/162/316 628/553/316
f 629/766/315 630/162/315 636/163/315 634/611/315
f 635/166/314 636/163/314 632/164/314 633/165/314
f 643/130/323 644/562/323 633/767/323 631/129/323
f 634/768/324 635/166/324 648/167/324 646/564/324
f 647/150/322 648/167/322 644/168/322 645/149/322
f 637/131/320 638/152/320 645/149/320 643/130/320
f 646/157/321 647/150/321 642/151/321 640/160/321
f 641/146/319 642/151/319 638/152/319 639/145/319
f 625/132/317 626/769/317 639/559/317 637/131/317
f 640/560/318 641/146/318 628/147/318 629/770/318
f 655/153/325 656/570/325 651/567/325 649/156/325
f 650/771/328 651/185/328 654/186/328 652/568/328
f 653/766/327 654/186/327 660/187/327 658/611/327
f 659/190/326 660/187/326 656/188/326 657/189/326
f 667/154/335 668/577/335 657/571/335 655/153/335
f 658/772/336 659/190/336 672/191/336 670/579/336
f 671/174/334 672/191/334 668/192/334 669/173/334
f 661/155/332 662/176/332 669/173/332 667/154/332
f 670/181/333 671/174/333 666/175/333 664/184/333
f 665/170/331 666/175/331 662/176/331 663/169/331
f 649/156/329 650/566/329 663/574/329 661/155/329
f 664/575/330 665/170/330 652/171/330 653/773/330
f 679/177/337 680/570/337 675/567/337 673/180/337
f 674/774/340 675/209/340 678/210/340 676/582/340
f 677/755/339 678/210/339 684/211/339 682/756/339
f 683/214/338 684/211/338 680/212/338 681/213/338
f 691/178/347 692/590/347 681/584/347 679/177/347
f 682/775/348 683/214/348 696/215/348 694/591/348
f 695/198/346 696/215/346 692/216/346 693/197/346
f 685/179/344 686/200/344 693/197/344 691/178/344
f 694/205/345 695/198/345 690/199/345 688/208/345
f 689/194/343 690/199/343 686/200/343 687/193/343
f 673/180/341 674/581/341 687/587/341 685/179/341
f 688/588/342 689/194/342 676/195/342 677/776/342
f 703/201/349 704/570/349 699/567/349 697/204/349
f 698/220/352 699/777/352 702/595/352 700/219/352
f 701/755/351 702/234/351 708/235/351 706/756/351
f 707/238/350 708/235/350 704/236/350 705/237/350
f 715/202/359 716/602/359 705/596/359 703/201/359
f 706/597/360 707/238/360 720/239/360 718/778/360
f 719/222/358 720/239/358 716/240/358 717/221/358
f 709/203/356 710/224/356 717/221/356 715/202/356
f 718/229/357 719/222/357 714/223/357 712/232/357
f 713/218/355 714/223/355 710/224/355 711/217/355
f 697/204/353 698/593/353 711/599/353 709/203/353
f 712/779/354 713/218/354 700/219/354 701/594/354
f 727/225/361 728/570/361 723/567/361 721/228/361
f 722/780/364 723/250/364 726/251/364 724/607/364
f 725/608/363 726/251/363 732/252/363 730/611/363
f 731/255/362 732/252/362 728/253/362 729/254/362
f 739/226/371 740/617/371 729/610/371 727/225/371
f 730/781/372 731/255/372 744/256/372 742/619/372
f 743/222/370 744/256/370 740/257/370 741/5/370
f 733/227/368 734/224/368 741/5/368 739/226/368
f 742/13/369 743/222/369 738/7/369 736/16/369
f 737/242/367 738/7/367 734/224/367 735/241/367
f 721/228/365 722/605/365 735/614/365 733/227/365
f 736/615/366 737/242/366 724/243/366 725/782/366
f 751/245/373 752/570/373 747/567/373 745/248/373
f 746/783/247 747/274/247 750/275/247 748/622/247
f 749/766/374 750/275/374 756/276/374 754/611/374
f 755/278/250 756/276/250 752/253/250 753/277/250
f 763/246/381 764/630/381 753/624/381 751/245/381
f 754/784/382 755/278/382 768/279/382 766/631/382
f 767/263/380 768/279/380 764/280/380 765/262/380
f 757/247/378 758/265/378 765/262/378 763/246/378
f 766/270/379 767/263/379 762/264/379 760/273/379
f 761/259/377 762/264/377 758/265/377 759/258/377
f 745/248/375 746/621/375 759/627/375 757/247/375
f 760/628/376 761/259/376 748/260/376 749/785/376
f 775/266/383 776/570/383 771/567/383 769/269/383
f 770/284/496 771/786/496 774/634/496 772/283/496
f 773/766/385 774/298/385 780/67/385 778/611/385
f 779/301/497 780/67/497 776/299/497 777/300/497
f 787/267/393 788/641/393 777/635/393 775/266/393
f 778/636/394 779/301/394 792/302/394 790/787/394
f 791/286/392 792/302/392 788/303/392 789/285/392
f 781/268/390 782/288/390 789/285/390 787/267/390
f 790/293/391 791/286/391 786/287/391 784/296/391
f 785/282/389 786/287/389 782/288/389 783/281/389
f 769/269/387 770/632/387 783/638/387 781/268/387
f 784/788/388 785/282/388 772/283/388 773/633/388
f 799/289/395 800/570/395 795/567/395 793/292/395
f 794/307/398 795/789/398 798/646/398 796/306/398
f 797/766/397 798/321/397 804/322/397 802/611/397
f 803/325/396 804/322/396 800/323/396 801/324/396
f 811/290/405 812/653/405 801/647/405 799/289/405
f 802/648/406 803/325/406 816/326/406 814/790/406
f 815/309/404 816/326/404 812/327/404 813/308/404
f 805/291/402 806/311/402 813/308/402 811/290/402
f 814/316/403 815/309/403 810/310/403 808/319/403
f 809/305/401 810/310/401 806/311/401 807/304/401
f 793/292/399 794/644/399 807/650/399 805/291/399
f 808/791/400 809/305/400 796/306/400 797/645/400
f 823/312/407 824/570/407 819/567/407 817/315/407
f 818/331/410 819/792/410 822/658/410 820/330/410
f 821/342/409 822/749/409 828/748/409 826/341/409
f 827/349/408 828/346/408 824/347/408 825/348/408
f 835/313/417 836/793/417 825/659/417 823/312/417
f 826/660/418 827/349/418 840/350/418 838/794/418
f 839/333/416 840/350/416 836/351/416 837/332/416
f 829/314/414 830/335/414 837/332/414 835/313/414
f 838/340/415 839/333/415 834/334/415 832/343/415
f 833/329/413 834/334/413 830/335/413 831/328/413
f 817/315/411 818/656/411 831/795/411 829/314/411
f 832/796/412 833/329/412 820/330/412 821/657/412
f 847/336/419 848/570/419 843/567/419 841/339/419
f 842/355/422 843/669/422 846/797/422 844/354/422
f 845/366/421 846/749/421 852/471/421 850/365/421
f 851/373/420 852/370/420 848/371/420 849/372/420
f 859/798/429 860/375/429 849/372/429 847/672/429
f 850/674/430 851/373/430 864/374/430 862/799/430
f 863/357/428 864/374/428 860/375/428 861/356/428
f 853/338/426 854/359/426 861/356/426 859/337/426
f 862/364/427 863/357/427 858/358/427 856/367/427
f 857/353/425 858/358/425 854/359/425 855/352/425
f 841/668/423 842/355/423 855/352/423 853/800/423
f 856/367/424 857/801/424 844/670/424 845/366/424
f 871/360/431 872/802/431 867/567/431 865/363/431
f 866/379/434 867/683/434 870/803/434 868/378/434
f 869/390/433 870/749/433 876/471/433 874/389/433
f 875/397/432 876/394/432 872/395/432 873/396/432
f 883/804/441 884/399/441 873/396/441 871/686/441
f 874/389/442 875/688/442 888/805/442 886/388/442
f 887/381/440 888/398/440 884/399/440 885/380/440
f 877/362/438 878/383/438 885/380/438 883/361/438
f 886/388/439 887/381/439 882/382/439 880/391/439
f 881/377/437 882/382/437 878/383/437 879/376/437
f 865/682/498 866/379/498 879/376/498 877/806/498
f 880/391/436 881/807/436 868/684/436 869/390/436
f 895/498/443 896/419/443 891/416/443 889/538/443
f 890/403/446 891/697/446 894/808/446 892/402/446
f 893/414/445 894/467/445 900/744/445 898/413/445
f 899/421/444 900/418/444 896/419/444 897/420/444
f 907/809/453 908/423/453 897/420/453 895/700/453
f 898/413/454 899/702/454 912/709/454 910/412/454
f 911/405/452 912/422/452 908/423/452 909/404/452
f 901/386/450 902/407/450 909/404/450 907/385/450
f 910/412/451 911/405/451 906/406/451 904/415/451
f 905/401/449 906/406/449 902/407/449 903/400/449
f 889/696/447 890/403/447 903/400/447 901/810/447
f 904/415/448 905/705/448 892/698/448 893/414/448
f 919/498/455 920/443/455 915/440/455 913/494/455
f 914/427/458 915/711/458 918/811/458 916/426/458
f 917/438/457 918/749/457 924/748/457 922/437/457
f 923/445/456 924/442/456 920/443/456 921/444/456
f 931/812/465 932/447/465 921/444/465 919/714/465
f 922/437/466 923/716/466 936/723/466 934/436/466
f 935/429/464 936/446/464 932/447/464 933/428/464
f 925/410/462 926/431/462 933/428/462 931/409/462
f 934/436/463 935/429/463 930/430/463 928/439/463
f 929/425/461 930/430/461 926/431/461 927/424/461
f 913/710/459 914/427/459 927/424/459 925/813/459
f 928/439/460 929/719/460 916/712/460 917/438/460
f 943/498/467 944/459/467 939/457/467 937/538/467
f 938/724/470 939/457/470 942/458/470 940/814/470
f 941/455/469 942/749/469 948/471/469 946/454/469
f 947/461/468 948/235/468 944/459/468 945/460/468
f 955/734/475 956/463/475 945/460/475 943/815/475
f 946/454/476 947/728/476 960/737/476 958/453/476
f 959/452/362 960/462/362 956/463/362 957/5/362
f 949/434/473 950/224/473 957/5/473 955/433/473
f 958/453/474 959/452/474 954/7/474 952/456/474
f 953/449/364 954/7/364 950/224/364 951/448/364
f 937/816/471 938/451/471 951/448/471 949/730/471
f 952/456/472 953/732/472 940/725/472 941/455/472
f 487/225/477 481/817/477 493/740/477 499/741/477
o Cube.001
v -2.747997 0.619416 1.475813
v -1.683124 0.342482 1.475813
v -2.605331 0.480949 1.475813
v -2.215560 0.379584 1.475813
v -1.683124 2.084544 1.475813
v -2.747997 1.716165 1.475813
v -2.215560 2.035190 1.475813
v -2.605331 1.900354 1.475813
v -1.683124 0.342482 -1.698792
v -2.747997 0.619416 -1.698792
v -2.215560 0.379584 -1.698792
v -2.605331 0.480949 -1.698792
v -2.747997 1.716165 -1.698792
v -1.683124 2.084544 -1.698792
v -2.605331 1.900354 -1.698792
v -2.215560 2.035190 -1.698792
v 2.534126 0.342482 1.475813
v 3.085532 0.371598 1.472073
v 3.066563 0.379584 1.475813
v 2.942867 0.595282 1.472073
v 3.599000 1.716165 1.475813
v 2.534126 2.084544 1.475813
v 3.456333 1.900354 1.475813
v 3.066563 2.035190 1.475813
v 3.085532 0.371598 -1.702532
v 2.534126 0.342482 -1.698792
v 2.942867 0.595282 -1.702532
v 3.066563 0.379584 -1.698792
v 2.534126 2.084544 -1.698792
v 3.599000 1.716165 -1.698792
v 3.066563 2.035190 -1.698792
v 3.456333 1.900354 -1.698792
vn 0.0002 -0.0001 1.0000
vn 0.9342 -0.3568 -0.0000
vn -0.0000 1.0000 -0.0000
vn -1.0000 -0.0000 -0.0000
vn -0.0002 0.0001 -1.0000
vn -0.0695 -0.9976 -0.0000
vn -0.2517 -0.9678 -0.0000
vn -0.6965 -0.7176 -0.0000
vn -0.0923 0.9957 -0.0000
vn -0.3269 0.9450 -0.0000
vn -0.7906 0.6124 -0.0000
vn 0.0695 -0.9976 -0.0000
vn 0.8675 0.4975 -0.0000
vn -0.8431 -0.5377 -0.0000
vn 0.0923 0.9957 -0.0000
vn 0.3269 0.9450 -0.0000
vn 0.7906 0.6124 -0.0000
vn -0.0000 -1.0000 -0.0000
vt 0.375000 0.791944
vt 0.380619 0.770972
vt 0.395972 0.755619
vt 0.416944 0.750000
vt 0.583056 0.750000
vt 0.604028 0.755619
vt 0.619381 0.770972
vt 0.625000 0.791944
vt 0.625000 0.958056
vt 0.619381 0.979028
vt 0.604028 0.994381
vt 0.583056 1.000000
vt 0.416944 1.000000
vt 0.395972 0.994381
vt 0.380619 0.979028
vt 0.375000 0.958056
vt 0.416944 0.500000
vt 0.583056 0.500000
vt 0.583056 0.750000
vt 0.416944 0.750000
vt 0.666944 0.500000
vt 0.833056 0.500000
vt 0.833056 0.750000
vt 0.666944 0.750000
vt 0.416944 0.000000
vt 0.583056 0.000000
vt 0.583056 0.250000
vt 0.416944 0.250000
vt 0.375000 0.291944
vt 0.380619 0.270972
vt 0.395972 0.255619
vt 0.416944 0.250000
vt 0.583056 0.250000
vt 0.604028 0.255619
vt 0.619381 0.270972
vt 0.625000 0.291944
vt 0.625000 0.458056
vt 0.619381 0.479028
vt 0.604028 0.494381
vt 0.583056 0.500000
vt 0.416944 0.500000
vt 0.395972 0.494381
vt 0.380619 0.479028
vt 0.375000 0.458056
vt 0.166944 0.500000
vt 0.166944 0.750000
vt 0.145972 0.750000
vt 0.145972 0.500000
vt 0.125000 0.750000
vt 0.125000 0.500000
vt 0.375000 0.250000
vt 0.375000 0.000000
vt 0.875000 0.500000
vt 0.875000 0.750000
vt 0.625000 0.000000
vt 0.625000 0.250000
vt 0.604028 0.250000
vt 0.604028 0.000000
vt 0.333056 0.750000
vt 0.333056 0.500000
vt 0.354028 0.500000
vt 0.354028 0.750000
vt 0.395972 0.500000
vt 0.395972 0.750000
vt 0.645972 0.750000
vt 0.645972 0.500000
vt 0.604028 0.750000
vt 0.604028 0.500000
s 0
usemtl Material.003
f 977/818/499 979/819/499 980/820/499 978/821/499 981/822/499 983/823/499 984/824/499 982/825/499 965/826/499 967/827/499 968/828/499 966/829/499 961/830/499 963/831/499 964/832/499 962/833/499
f 985/834/500 990/835/500 981/836/500 978/837/500
f 989/838/501 974/839/501 965/840/501 982/841/501
f 961/842/502 966/843/502 973/844/502 970/845/502
f 969/846/503 971/847/503 972/848/503 970/849/503 973/850/503 975/851/503 976/852/503 974/853/503 989/854/503 991/855/503 992/856/503 990/857/503 985/858/503 987/859/503 988/860/503 986/861/503
f 969/862/504 962/863/504 964/864/504 971/865/504
f 971/865/505 964/864/505 963/866/505 972/867/505
f 972/868/506 963/869/506 961/842/506 970/845/506
f 965/840/507 974/839/507 976/870/507 967/871/507
f 967/872/508 976/873/508 975/874/508 968/875/508
f 968/875/509 975/874/509 973/844/509 966/843/509
f 977/876/510 986/877/510 988/878/510 979/879/510
f 979/879/511 988/878/511 987/880/511 980/881/511
f 980/881/512 987/880/512 985/834/512 978/837/512
f 989/838/513 982/841/513 984/882/513 991/883/513
f 991/883/514 984/882/514 983/884/514 992/885/514
f 992/885/515 983/884/515 981/836/515 990/835/515
f 969/862/516 986/877/516 977/876/516 962/863/516
o Cylinder
v -1.782245 1.710607 1.633289
v -1.833506 1.589681 2.739362
v -1.393852 1.455628 1.639696
v -1.509828 1.377187 2.744701
v -1.229479 1.020829 1.642407
v -1.372843 1.014835 2.746960
v -1.351911 0.572289 1.640387
v -1.474875 0.641032 2.745277
v -1.714383 0.281335 1.634408
v -1.776951 0.398557 2.740295
v -2.178442 0.259101 1.626754
v -2.163688 0.380027 2.733916
v -2.566834 0.514080 1.620347
v -2.487366 0.592521 2.728576
v -2.731207 0.948879 1.617636
v -2.624350 0.954873 2.726317
v -2.608776 1.397419 1.619656
v -2.522318 1.328676 2.728000
v -2.246304 1.688373 1.625634
v -2.220243 1.571151 2.732983
v -1.412106 1.455628 2.746313
v -1.800498 1.710607 2.739906
v -1.247733 1.020829 2.749024
v -1.370165 0.572289 2.747005
v -1.732636 0.281335 2.741026
v -2.196695 0.259101 2.733371
v -2.585088 0.514080 2.726964
v -2.749461 0.948879 2.724253
v -2.627029 1.397419 2.726273
v -2.264558 1.688373 2.732252
v -1.509828 1.377187 2.744701
v -1.833506 1.589681 2.739362
v -1.372843 1.014835 2.746960
v -1.474875 0.641032 2.745277
v -1.776951 0.398557 2.740295
v -2.163688 0.380027 2.733916
v -2.487366 0.592521 2.728576
v -2.624350 0.954873 2.726317
v -2.522318 1.328676 2.728000
v -2.220243 1.571151 2.732983
v -1.509828 1.377187 2.744701
v -1.833506 1.589681 2.739362
v -1.372843 1.014835 2.746960
v -1.474875 0.641032 2.745277
v -1.776951 0.398557 2.740295
v -2.163688 0.380027 2.733916
v -2.487366 0.592521 2.728576
v -2.624350 0.954873 2.726317
v -2.522318 1.328676 2.728000
v -2.220243 1.571151 2.732983
v -1.509828 1.377187 2.744701
v -1.833506 1.589681 2.739362
v -1.372843 1.014835 2.746960
v -1.474875 0.641032 2.745277
v -1.776951 0.398557 2.740295
v -2.163688 0.380027 2.733916
v -2.487366 0.592521 2.728576
v -2.624350 0.954873 2.726317
v -2.522318 1.328676 2.728000
v -2.220243 1.571151 2.732983
v -1.509828 1.377187 2.744701
v -1.833506 1.589681 2.739362
v -1.372843 1.014835 2.746960
v -1.474875 0.641032 2.745277
v -1.776951 0.398557 2.740295
v -2.163688 0.380027 2.733916
v -2.487366 0.592521 2.728576
v -2.624350 0.954873 2.726317
v -2.522318 1.328676 2.728000
v -2.220243 1.571151 2.732983
v -1.509828 1.377187 2.744701
v -1.833506 1.589681 2.739362
v -1.372843 1.014835 2.746960
v -1.474875 0.641032 2.745277
v -1.776951 0.398557 2.740295
v -2.163688 0.380027 2.733916
v -2.487366 0.592521 2.728576
v -2.624350 0.954873 2.726317
v -2.522318 1.328676 2.728000
v -2.220243 1.571151 2.732983
v -1.509828 1.377187 2.744701
v -1.833506 1.589681 2.739362
v -1.372843 1.014835 2.746960
v -1.474875 0.641032 2.745277
v -1.776951 0.398557 2.740295
v -2.163688 0.380027 2.733916
v -2.487366 0.592521 2.728576
v -2.624350 0.954873 2.726317
v -2.522318 1.328676 2.728000
v -2.220243 1.571151 2.732983
v -1.509828 1.377187 2.744701
v -1.833506 1.589681 2.739362
v -1.372843 1.014835 2.746960
v -1.474875 0.641032 2.745277
v -1.776951 0.398557 2.740295
v -2.163688 0.380027 2.733916
v -2.487366 0.592521 2.728576
v -2.624350 0.954873 2.726317
v -2.522318 1.328676 2.728000
v -2.220243 1.571151 2.732983
v -1.690815 1.230408 2.628337
v -1.893399 1.363404 2.624996
v -1.605079 1.003618 2.629752
v -1.668939 0.769661 2.628698
v -1.858003 0.617901 2.625580
v -2.100055 0.606303 2.621587
v -2.302639 0.739300 2.618246
v -2.388375 0.966089 2.616831
v -2.324515 1.200046 2.617885
v -2.135451 1.351807 2.621003
v -1.507958 1.377187 2.631354
v -1.831636 1.589681 2.626015
v -1.370973 1.014835 2.633613
v -1.473005 0.641032 2.631930
v -1.775081 0.398557 2.626947
v -2.161818 0.380027 2.620568
v -2.485496 0.592521 2.615229
v -2.622481 0.954873 2.612970
v -2.520449 1.328676 2.614653
v -2.218373 1.571151 2.619636
v -1.752738 1.181993 2.724761
v -1.915379 1.288767 2.722078
v -1.683906 0.999919 2.725896
v -1.735175 0.812090 2.725050
v -1.886962 0.690252 2.722547
v -2.081289 0.680941 2.719341
v -2.243930 0.787715 2.716659
v -2.312762 0.969789 2.715523
v -2.261493 1.157617 2.716369
v -2.109706 1.279456 2.718873
v -1.692422 1.230408 2.725756
v -1.895006 1.363404 2.722414
v -1.606686 1.003618 2.727170
v -1.670546 0.769661 2.726116
v -1.859610 0.617901 2.722998
v -2.101662 0.606303 2.719005
v -2.304246 0.739300 2.715664
v -2.389982 0.966089 2.714249
v -2.326122 1.200046 2.715303
v -2.137058 1.351807 2.718421
v -1.752046 1.181993 2.682827
v -1.914688 1.288767 2.680145
v -1.683214 0.999919 2.683963
v -1.734483 0.812090 2.683117
v -1.886270 0.690252 2.680613
v -2.080597 0.680941 2.677408
v -2.243238 0.787715 2.674725
v -2.312070 0.969789 2.673590
v -2.260801 1.157617 2.674435
v -2.109015 1.279456 2.676939
v -1.797772 1.145289 2.682073
v -1.930132 1.232183 2.679890
v -1.741756 0.997114 2.682997
v -1.783479 0.844256 2.682309
v -1.907006 0.745102 2.680271
v -2.065152 0.737525 2.677663
v -2.197512 0.824419 2.675479
v -2.253529 0.972594 2.674555
v -2.211806 1.125452 2.675244
v -2.088279 1.224606 2.677281
v -1.752046 1.181993 2.682827
v -1.914688 1.288767 2.680145
v -1.683214 0.999919 2.683963
v -1.734483 0.812090 2.683117
v -1.886270 0.690252 2.680613
v -2.080597 0.680941 2.677408
v -2.243238 0.787715 2.674725
v -2.312070 0.969789 2.673590
v -2.260801 1.157617 2.674435
v -2.109015 1.279456 2.676939
v -1.842904 1.110963 2.824959
v -1.799508 1.145289 2.787295
v -1.931868 1.232183 2.785112
v -1.946945 1.179266 2.823243
v -1.798872 0.994491 2.825685
v -1.743491 0.997114 2.788219
v -1.831669 0.874338 2.825144
v -1.785215 0.844256 2.787531
v -1.928766 0.796398 2.823543
v -1.908741 0.745102 2.785493
v -2.053077 0.790442 2.821492
v -2.066888 0.737525 2.782885
v -2.157118 0.858745 2.819776
v -2.199248 0.824419 2.780701
v -2.201150 0.975217 2.819050
v -2.255265 0.972594 2.779778
v -2.168353 1.095370 2.819591
v -2.213541 1.125452 2.780466
v -2.071255 1.173310 2.821192
v -2.090015 1.224606 2.782503
v -0.137237 1.695659 1.464075
v -0.190932 1.583110 2.633950
v 0.224974 1.364483 1.466015
v 0.110927 1.307115 2.635566
v 0.323323 0.883456 1.469218
v 0.192888 0.906238 2.638235
v 0.120244 0.436314 1.472461
v 0.023647 0.533600 2.640939
v -0.306695 0.193850 1.474506
v -0.332155 0.331535 2.642642
v -0.794417 0.248677 1.474571
v -0.738611 0.377227 2.642697
v -1.156628 0.579852 1.472631
v -1.040470 0.653221 2.641080
v -1.254977 1.060879 1.469428
v -1.122432 1.054099 2.638411
v -1.051897 1.508022 1.466185
v -0.953190 1.426737 2.635707
v -0.624959 1.750486 1.464140
v -0.597389 1.628802 2.634004
v 0.226029 1.372484 2.635015
v -0.136182 1.703660 2.633075
v 0.324378 0.891457 2.638218
v 0.121299 0.444315 2.641461
v -0.305640 0.201850 2.643506
v -0.793361 0.256677 2.643571
v -1.155573 0.587853 2.641631
v -1.253922 1.068880 2.638428
v -1.050842 1.516022 2.635185
v -0.623904 1.758486 2.633140
v 0.110927 1.307115 2.635566
v -0.190932 1.583110 2.633950
v 0.192888 0.906238 2.638235
v 0.023647 0.533600 2.640939
v -0.332155 0.331535 2.642642
v -0.738611 0.377227 2.642697
v -1.040470 0.653221 2.641080
v -1.122432 1.054099 2.638411
v -0.953190 1.426737 2.635707
v -0.597389 1.628802 2.634004
v 0.110927 1.307115 2.635566
v -0.190932 1.583110 2.633950
v 0.192888 0.906238 2.638235
v 0.023647 0.533600 2.640939
v -0.332155 0.331535 2.642642
v -0.738611 0.377227 2.642697
v -1.040470 0.653221 2.641080
v -1.122432 1.054099 2.638411
v -0.953190 1.426737 2.635707
v -0.597389 1.628802 2.634004
v 0.110927 1.307115 2.635566
v -0.190932 1.583110 2.633950
v 0.192888 0.906238 2.638235
v 0.023647 0.533600 2.640939
v -0.332155 0.331535 2.642642
v -0.738611 0.377227 2.642697
v -1.040470 0.653221 2.641080
v -1.122432 1.054099 2.638411
v -0.953190 1.426737 2.635707
v -0.597389 1.628802 2.634004
v 0.110927 1.307115 2.635566
v -0.190932 1.583110 2.633950
v 0.192888 0.906238 2.638235
v 0.023647 0.533600 2.640939
v -0.332155 0.331535 2.642642
v -0.738611 0.377227 2.642697
v -1.040470 0.653221 2.641080
v -1.122432 1.054099 2.638411
v -0.953190 1.426737 2.635707
v -0.597389 1.628802 2.634004
v 0.110927 1.307115 2.635566
v -0.190932 1.583110 2.633950
v 0.192888 0.906238 2.638235
v 0.023647 0.533600 2.640939
v -0.332155 0.331535 2.642642
v -0.738611 0.377227 2.642697
v -1.040470 0.653221 2.641080
v -1.122432 1.054099 2.638411
v -0.953190 1.426737 2.635707
v -0.597389 1.628802 2.634004
v 0.110927 1.307115 2.635566
v -0.190932 1.583110 2.633950
v 0.192888 0.906238 2.638235
v 0.023647 0.533600 2.640939
v -0.332155 0.331535 2.642642
v -0.738611 0.377227 2.642697
v -1.040470 0.653221 2.641080
v -1.122432 1.054099 2.638411
v -0.953190 1.426737 2.635707
v -0.597389 1.628802 2.634004
v 0.110927 1.307115 2.635566
v -0.190932 1.583110 2.633950
v 0.192888 0.906238 2.638235
v 0.023647 0.533600 2.640939
v -0.332155 0.331535 2.642642
v -0.738611 0.377227 2.642697
v -1.040470 0.653221 2.641080
v -1.122432 1.054099 2.638411
v -0.953190 1.426737 2.635707
v -0.597389 1.628802 2.634004
v -0.104560 1.183979 2.516860
v -0.293489 1.356720 2.515849
v -0.053262 0.933077 2.518531
v -0.159187 0.699849 2.520223
v -0.381877 0.573381 2.521290
v -0.636271 0.601978 2.521323
v -0.825200 0.774718 2.520312
v -0.876498 1.025621 2.518641
v -0.770573 1.258849 2.516949
v -0.547883 1.385317 2.515883
v 0.110819 1.306296 2.515829
v -0.191041 1.582291 2.514213
v 0.192781 0.905419 2.518499
v 0.023539 0.532780 2.521202
v -0.332263 0.330716 2.522906
v -0.738719 0.376407 2.522960
v -1.040579 0.652402 2.521343
v -1.122540 1.053279 2.518674
v -0.953298 1.425918 2.515971
v -0.597497 1.627982 2.514267
v -0.175511 1.144337 2.620111
v -0.327189 1.283019 2.619298
v -0.134327 0.942905 2.621452
v -0.219367 0.755662 2.622810
v -0.398150 0.654129 2.623666
v -0.602386 0.677088 2.623693
v -0.754063 0.815769 2.622881
v -0.795247 1.017202 2.621540
v -0.710207 1.204445 2.620182
v -0.531424 1.305978 2.619326
v -0.104467 1.184684 2.619770
v -0.293396 1.357424 2.618759
v -0.053169 0.933782 2.621441
v -0.159094 0.700554 2.623133
v -0.381784 0.574085 2.624199
v -0.636178 0.602682 2.624233
v -0.825107 0.775423 2.623222
v -0.876405 1.026325 2.621551
v -0.770480 1.259553 2.619859
v -0.547790 1.386021 2.618793
v -0.175551 1.144034 2.575813
v -0.327228 1.282715 2.575001
v -0.134367 0.942602 2.577155
v -0.219407 0.755359 2.578513
v -0.398190 0.653826 2.579369
v -0.602425 0.676785 2.579396
v -0.754103 0.815466 2.578584
v -0.795287 1.016899 2.577243
v -0.710247 1.204141 2.575884
v -0.531464 1.305674 2.575028
v -0.229409 1.113447 2.576071
v -0.352847 1.226308 2.575410
v -0.195893 0.949518 2.577163
v -0.265100 0.797137 2.578268
v -0.410596 0.714507 2.578965
v -0.576807 0.733192 2.578987
v -0.700245 0.846053 2.578326
v -0.733761 1.009982 2.577234
v -0.664554 1.162363 2.576129
v -0.519058 1.244993 2.575432
v -0.175551 1.144034 2.575813
v -0.327228 1.282715 2.575001
v -0.134367 0.942602 2.577155
v -0.219407 0.755359 2.578513
v -0.398190 0.653826 2.579369
v -0.602425 0.676785 2.579396
v -0.754103 0.815466 2.578584
v -0.795287 1.016899 2.577243
v -0.710247 1.204141 2.575884
v -0.531464 1.305674 2.575028
v -0.279641 1.085880 2.727998
v -0.229309 1.114208 2.687225
v -0.352747 1.227069 2.686564
v -0.376669 1.174594 2.727479
v -0.253295 0.957024 2.728856
v -0.195792 0.950279 2.688317
v -0.307696 0.837246 2.729725
v -0.265000 0.797897 2.689422
v -0.422063 0.772295 2.730273
v -0.410496 0.715268 2.690119
v -0.552711 0.786982 2.730290
v -0.576707 0.733952 2.690141
v -0.649740 0.875696 2.729771
v -0.700145 0.846814 2.689480
v -0.676085 1.004552 2.728912
v -0.733661 1.010743 2.688388
v -0.621685 1.124331 2.728044
v -0.664454 1.163124 2.687283
v -0.507318 1.189281 2.727496
v -0.518957 1.245754 2.686586
v 1.480246 1.695656 1.514831
v 1.391916 1.580031 2.698097
v 1.848279 1.361377 1.527077
v 1.698626 1.301450 2.708302
v 1.949556 0.874295 1.532692
v 1.783028 0.895527 2.712982
v 1.745393 0.420460 1.529531
v 1.612884 0.517311 2.710348
v 1.313775 0.173221 1.518803
v 1.253182 0.311267 2.701407
v 0.819563 0.227015 1.504604
v 0.841317 0.356098 2.689574
v 0.451531 0.561294 1.492358
v 0.534607 0.634679 2.679368
v 0.350254 1.048376 1.486743
v 0.450205 1.040602 2.674689
v 0.554416 1.502211 1.489903
v 0.620349 1.418818 2.677323
v 0.986035 1.749450 1.500632
v 0.980051 1.624862 2.686264
v 1.814990 1.368106 2.711195
v 1.446958 1.702385 2.698949
v 1.916268 0.881024 2.716810
v 1.712105 0.427189 2.713649
v 1.280487 0.179950 2.702921
v 0.786275 0.233744 2.688722
v 0.418243 0.568023 2.676476
v 0.316966 1.055105 2.670861
v 0.521128 1.508940 2.674021
v 0.952747 1.756179 2.684750
v 1.698626 1.301450 2.708302
v 1.391916 1.580031 2.698097
v 1.783028 0.895527 2.712982
v 1.612884 0.517311 2.710348
v 1.253182 0.311267 2.701407
v 0.841317 0.356098 2.689574
v 0.534607 0.634679 2.679368
v 0.450205 1.040602 2.674689
v 0.620349 1.418818 2.677323
v 0.980051 1.624862 2.686264
v 1.698626 1.301450 2.708302
v 1.391916 1.580031 2.698097
v 1.783028 0.895527 2.712982
v 1.612884 0.517311 2.710348
v 1.253182 0.311267 2.701407
v 0.841317 0.356098 2.689574
v 0.534607 0.634679 2.679368
v 0.450205 1.040602 2.674689
v 0.620349 1.418818 2.677323
v 0.980051 1.624862 2.686264
v 1.698626 1.301450 2.708302
v 1.391916 1.580031 2.698097
v 1.783028 0.895527 2.712982
v 1.612884 0.517311 2.710348
v 1.253182 0.311267 2.701407
v 0.841317 0.356098 2.689574
v 0.534607 0.634679 2.679368
v 0.450205 1.040602 2.674689
v 0.620349 1.418818 2.677323
v 0.980051 1.624862 2.686264
v 1.698626 1.301450 2.708302
v 1.391916 1.580031 2.698097
v 1.783028 0.895527 2.712982
v 1.612884 0.517311 2.710348
v 1.253182 0.311267 2.701407
v 0.841317 0.356098 2.689574
v 0.534607 0.634679 2.679368
v 0.450205 1.040602 2.674689
v 0.620349 1.418818 2.677323
v 0.980051 1.624862 2.686264
v 1.698626 1.301450 2.708302
v 1.391916 1.580031 2.698097
v 1.783028 0.895527 2.712982
v 1.612884 0.517311 2.710348
v 1.253182 0.311267 2.701407
v 0.841317 0.356098 2.689574
v 0.534607 0.634679 2.679368
v 0.450205 1.040602 2.674689
v 0.620349 1.418818 2.677323
v 0.980051 1.624862 2.686264
v 1.698626 1.301450 2.708302
v 1.391916 1.580031 2.698097
v 1.783028 0.895527 2.712982
v 1.612884 0.517311 2.710348
v 1.253182 0.311267 2.701407
v 0.841317 0.356098 2.689574
v 0.534607 0.634679 2.679368
v 0.450205 1.040602 2.674689
v 0.620349 1.418818 2.677323
v 0.980051 1.624862 2.686264
v 1.698626 1.301450 2.708302
v 1.391916 1.580031 2.698097
v 1.783028 0.895527 2.712982
v 1.612884 0.517311 2.710348
v 1.253182 0.311267 2.701407
v 0.841317 0.356098 2.689574
v 0.534607 0.634679 2.679368
v 0.450205 1.040602 2.674689
v 0.620349 1.418818 2.677323
v 0.980051 1.624862 2.686264
v 1.484296 1.176035 2.581604
v 1.292331 1.350394 2.575217
v 1.537122 0.921975 2.584533
v 1.430631 0.685256 2.582885
v 1.205500 0.556297 2.577289
v 0.947721 0.584356 2.569883
v 0.755757 0.758715 2.563495
v 0.702931 1.012775 2.560566
v 0.809421 1.249494 2.562215
v 1.034552 1.378453 2.567811
v 1.702036 1.300761 2.587017
v 1.395326 1.579342 2.576812
v 1.786438 0.894838 2.591696
v 1.616293 0.516621 2.589062
v 1.256592 0.310578 2.580122
v 0.844727 0.355409 2.568288
v 0.538017 0.633990 2.558083
v 0.453615 1.039913 2.553403
v 0.623759 1.418129 2.556037
v 0.983461 1.624172 2.564978
v 1.409543 1.135487 2.684060
v 1.255428 1.275468 2.678932
v 1.451953 0.931519 2.686411
v 1.366459 0.741473 2.685088
v 1.185717 0.637941 2.680595
v 0.978764 0.660467 2.674649
v 0.824648 0.800449 2.669521
v 0.782238 1.004416 2.667170
v 0.867732 1.194462 2.668493
v 1.048475 1.297994 2.672986
v 1.481365 1.176628 2.685845
v 1.289401 1.350987 2.679458
v 1.534191 0.922568 2.688774
v 1.427701 0.685849 2.687126
v 1.202570 0.556890 2.681530
v 0.944791 0.584948 2.674123
v 0.752826 0.759307 2.667736
v 0.700000 1.013368 2.664807
v 0.806491 1.250087 2.666456
v 1.031622 1.379046 2.672052
v 1.410805 1.135232 2.639190
v 1.256689 1.275213 2.634062
v 1.453215 0.931264 2.641541
v 1.367721 0.741219 2.640218
v 1.186979 0.637686 2.635725
v 0.980025 0.660212 2.629779
v 0.825910 0.800194 2.624651
v 0.783499 1.004161 2.622300
v 0.868993 1.194207 2.623623
v 1.049736 1.297739 2.628116
v 1.356356 1.104043 2.637836
v 1.230934 1.217961 2.633663
v 1.390870 0.938050 2.639750
v 1.321294 0.783388 2.638673
v 1.174202 0.699131 2.635016
v 1.005780 0.717464 2.630178
v 0.880359 0.831383 2.626004
v 0.845844 0.997375 2.624091
v 0.915421 1.152037 2.625168
v 1.062512 1.236294 2.628824
v 1.410805 1.135232 2.639190
v 1.256689 1.275213 2.634062
v 1.453215 0.931264 2.641541
v 1.367721 0.741219 2.640218
v 1.186979 0.637686 2.635725
v 0.980025 0.660212 2.629779
v 0.825910 0.800194 2.624651
v 0.783499 1.004161 2.622300
v 0.868993 1.194207 2.623623
v 1.049736 1.297739 2.628116
v 1.301116 1.075747 2.790218
v 1.353191 1.104682 2.750427
v 1.227769 1.218601 2.746254
v 1.202529 1.165293 2.786938
v 1.328245 0.945270 2.791722
v 1.387705 0.938690 2.752341
v 1.273555 0.823698 2.790875
v 1.318128 0.784028 2.751264
v 1.157935 0.757468 2.788002
v 1.171037 0.699771 2.747608
v 1.025547 0.771879 2.784198
v 1.002615 0.718104 2.742769
v 0.926960 0.861424 2.780918
v 0.877193 0.832023 2.738596
v 0.899830 0.991902 2.779413
v 0.842679 0.998015 2.736682
v 0.954520 1.113474 2.780260
v 0.912256 1.152677 2.737759
v 1.070141 1.179703 2.783134
v 1.059347 1.236934 2.741416
v 2.945593 1.658214 1.493342
v 2.883740 1.553174 2.584351
v 3.290032 1.356474 1.499854
v 3.170788 1.301710 2.589778
v 3.391302 0.909688 1.504562
v 3.255184 0.929369 2.593701
v 3.210721 0.488515 1.505667
v 3.104692 0.578372 2.594622
v 2.817264 0.253828 1.502748
v 2.776793 0.382789 2.592189
v 2.361219 0.295269 1.496919
v 2.396736 0.417325 2.587331
v 2.016780 0.597010 1.490406
v 2.109687 0.668790 2.581904
v 1.915510 1.043795 1.485698
v 2.025291 1.041131 2.577981
v 2.096092 1.464968 1.484593
v 2.175784 1.392127 2.577060
v 2.489548 1.699656 1.487513
v 2.503683 1.587711 2.579493
v 3.276864 1.364982 2.590565
v 2.932425 1.666723 2.584053
v 3.378134 0.918197 2.595273
v 3.197553 0.497023 2.596378
v 2.804096 0.262336 2.593459
v 2.348051 0.303777 2.587629
v 2.003611 0.605518 2.581117
v 1.902342 1.052303 2.576409
v 2.082923 1.473477 2.575304
v 2.476380 1.708164 2.578223
v 3.170788 1.301710 2.589778
v 2.883740 1.553174 2.584351
v 3.255184 0.929369 2.593701
v 3.104692 0.578372 2.594622
v 2.776793 0.382789 2.592189
v 2.396736 0.417325 2.587331
v 2.109687 0.668790 2.581904
v 2.025291 1.041131 2.577981
v 2.175784 1.392127 2.577060
v 2.503683 1.587711 2.579493
v 3.170788 1.301710 2.589778
v 2.883740 1.553174 2.584351
v 3.255184 0.929369 2.593701
v 3.104692 0.578372 2.594622
v 2.776793 0.382789 2.592189
v 2.396736 0.417325 2.587331
v 2.109687 0.668790 2.581904
v 2.025291 1.041131 2.577981
v 2.175784 1.392127 2.577060
v 2.503683 1.587711 2.579493
v 3.170788 1.301710 2.589778
v 2.883740 1.553174 2.584351
v 3.255184 0.929369 2.593701
v 3.104692 0.578372 2.594622
v 2.776793 0.382789 2.592189
v 2.396736 0.417325 2.587331
v 2.109687 0.668790 2.581904
v 2.025291 1.041131 2.577981
v 2.175784 1.392127 2.577060
v 2.503683 1.587711 2.579493
v 3.170788 1.301710 2.589778
v 2.883740 1.553174 2.584351
v 3.255184 0.929369 2.593701
v 3.104692 0.578372 2.594622
v 2.776793 0.382789 2.592189
v 2.396736 0.417325 2.587331
v 2.109687 0.668790 2.581904
v 2.025291 1.041131 2.577981
v 2.175784 1.392127 2.577060
v 2.503683 1.587711 2.579493
v 3.170788 1.301710 2.589778
v 2.883740 1.553174 2.584351
v 3.255184 0.929369 2.593701
v 3.104692 0.578372 2.594622
v 2.776793 0.382789 2.592189
v 2.396736 0.417325 2.587331
v 2.109687 0.668790 2.581904
v 2.025291 1.041131 2.577981
v 2.175784 1.392127 2.577060
v 2.503683 1.587711 2.579493
v 3.170788 1.301710 2.589778
v 2.883740 1.553174 2.584351
v 3.255184 0.929369 2.593701
v 3.104692 0.578372 2.594622
v 2.776793 0.382789 2.592189
v 2.396736 0.417325 2.587331
v 2.109687 0.668790 2.581904
v 2.025291 1.041131 2.577981
v 2.175784 1.392127 2.577060
v 2.503683 1.587711 2.579493
v 3.170788 1.301710 2.589778
v 2.883740 1.553174 2.584351
v 3.255184 0.929369 2.593701
v 3.104692 0.578372 2.594622
v 2.776793 0.382789 2.592189
v 2.396736 0.417325 2.587331
v 2.109687 0.668790 2.581904
v 2.025291 1.041131 2.577981
v 2.175784 1.392127 2.577060
v 2.503683 1.587711 2.579493
v 2.973650 1.182446 2.476587
v 2.793991 1.339833 2.473190
v 3.026471 0.949404 2.479043
v 2.932280 0.729721 2.479619
v 2.727055 0.607309 2.478096
v 2.489182 0.628924 2.475056
v 2.309524 0.786311 2.471659
v 2.256702 1.019353 2.469203
v 2.350893 1.239036 2.468627
v 2.556119 1.361448 2.470150
v 3.172137 1.300839 2.478060
v 2.885089 1.552303 2.472633
v 3.256533 0.928498 2.481983
v 3.106041 0.577501 2.482904
v 2.778142 0.381918 2.480471
v 2.398084 0.416454 2.475613
v 2.111036 0.667918 2.470186
v 2.026640 1.040259 2.466263
v 2.177133 1.391256 2.465342
v 2.505031 1.586839 2.467775
v 2.907018 1.144142 2.572119
v 2.762783 1.270498 2.569392
v 2.949425 0.957049 2.574090
v 2.873806 0.780680 2.574553
v 2.709044 0.682404 2.573331
v 2.518073 0.699758 2.570890
v 2.373837 0.826113 2.568163
v 2.331429 1.013206 2.566191
v 2.407050 1.189575 2.565728
v 2.571811 1.287851 2.566951
v 2.972489 1.183195 2.572605
v 2.792831 1.340582 2.569208
v 3.025311 0.950153 2.575061
v 2.931121 0.730470 2.575637
v 2.725895 0.608058 2.574114
v 2.488023 0.629673 2.571074
v 2.308365 0.787060 2.567677
v 2.255543 1.020102 2.565221
v 2.349734 1.239785 2.564645
v 2.554960 1.362197 2.566168
v 2.907516 1.143820 2.530788
v 2.763281 1.270175 2.528061
v 2.949924 0.956726 2.532760
v 2.874304 0.780358 2.533223
v 2.709543 0.682081 2.532000
v 2.518572 0.699435 2.529559
v 2.374336 0.825790 2.526832
v 2.331929 1.012884 2.524861
v 2.407548 1.189252 2.524398
v 2.572310 1.287529 2.525620
v 2.857882 1.114214 2.530420
v 2.740500 1.217044 2.528201
v 2.892394 0.961954 2.532024
v 2.830854 0.818422 2.532401
v 2.696768 0.738443 2.531406
v 2.541352 0.752566 2.529420
v 2.423971 0.855396 2.527200
v 2.389459 1.007656 2.525596
v 2.451000 1.151188 2.525219
v 2.585085 1.231167 2.526214
v 2.907516 1.143820 2.530788
v 2.763281 1.270175 2.528061
v 2.949924 0.956726 2.532760
v 2.874304 0.780358 2.533223
v 2.709543 0.682081 2.532000
v 2.518572 0.699435 2.529559
v 2.374336 0.825790 2.526832
v 2.331929 1.012884 2.524861
v 2.407548 1.189252 2.524398
v 2.572310 1.287529 2.525620
v 2.809755 1.087630 2.671603
v 2.856630 1.115023 2.634130
v 2.739249 1.217853 2.631911
v 2.717488 1.168460 2.669858
v 2.836883 0.967947 2.672864
v 2.891142 0.962763 2.635734
v 2.788509 0.855125 2.673160
v 2.829601 0.819232 2.636111
v 2.683111 0.792257 2.672378
v 2.695515 0.739252 2.635116
v 2.560947 0.803359 2.670816
v 2.540100 0.753375 2.633129
v 2.468681 0.884188 2.669072
v 2.422719 0.856205 2.630910
v 2.441553 1.003871 2.667811
v 2.388207 1.008465 2.629306
v 2.489926 1.116693 2.667515
v 2.449747 1.151997 2.628929
v 2.595325 1.179561 2.668297
v 2.583833 1.231976 2.629924
v -1.782245 1.710607 -1.856267
v -1.833506 1.589681 -2.962340
v -1.393853 1.455628 -1.862674
v -1.509828 1.377187 -2.967680
v -1.229480 1.020829 -1.865385
v -1.372844 1.014835 -2.969939
v -1.351912 0.572289 -1.863366
v -1.474875 0.641032 -2.968256
v -1.714383 0.281335 -1.857387
v -1.776951 0.398557 -2.963273
v -2.178442 0.259101 -1.849732
v -2.163688 0.380027 -2.956894
v -2.566835 0.514080 -1.843326
v -2.487366 0.592521 -2.951555
v -2.731208 0.948879 -1.840614
v -2.624351 0.954873 -2.949296
v -2.608776 1.397419 -1.842634
v -2.522319 1.328677 -2.950978
v -2.246305 1.688373 -1.848613
v -2.220243 1.571151 -2.955961
v -1.412106 1.455628 -2.969291
v -1.800499 1.710607 -2.962884
v -1.247733 1.020829 -2.972002
v -1.370165 0.572289 -2.969983
v -1.732636 0.281335 -2.964004
v -2.196696 0.259101 -2.956349
v -2.585088 0.514080 -2.949943
v -2.749461 0.948879 -2.947231
v -2.627029 1.397419 -2.949251
v -2.264558 1.688373 -2.955230
v -1.509828 1.377187 -2.967680
v -1.833506 1.589681 -2.962340
v -1.372844 1.014835 -2.969939
v -1.474875 0.641032 -2.968256
v -1.776951 0.398557 -2.963273
v -2.163688 0.380027 -2.956894
v -2.487366 0.592521 -2.951555
v -2.624351 0.954873 -2.949296
v -2.522319 1.328677 -2.950978
v -2.220243 1.571151 -2.955961
v -1.509828 1.377187 -2.967680
v -1.833506 1.589681 -2.962340
v -1.372844 1.014835 -2.969939
v -1.474875 0.641032 -2.968256
v -1.776951 0.398557 -2.963273
v -2.163688 0.380027 -2.956894
v -2.487366 0.592521 -2.951555
v -2.624351 0.954873 -2.949296
v -2.522319 1.328677 -2.950978
v -2.220243 1.571151 -2.955961
v -1.509828 1.377187 -2.967680
v -1.833506 1.589681 -2.962340
v -1.372844 1.014835 -2.969939
v -1.474875 0.641032 -2.968256
v -1.776951 0.398557 -2.963273
v -2.163688 0.380027 -2.956894
v -2.487366 0.592521 -2.951555
v -2.624351 0.954873 -2.949296
v -2.522319 1.328677 -2.950978
v -2.220243 1.571151 -2.955961
v -1.509828 1.377187 -2.967680
v -1.833506 1.589681 -2.962340
v -1.372844 1.014835 -2.969939
v -1.474875 0.641032 -2.968256
v -1.776951 0.398557 -2.963273
v -2.163688 0.380027 -2.956894
v -2.487366 0.592521 -2.951555
v -2.624351 0.954873 -2.949296
v -2.522319 1.328677 -2.950978
v -2.220243 1.571151 -2.955961
v -1.509828 1.377187 -2.967680
v -1.833506 1.589681 -2.962340
v -1.372844 1.014835 -2.969939
v -1.474875 0.641032 -2.968256
v -1.776951 0.398557 -2.963273
v -2.163688 0.380027 -2.956894
v -2.487366 0.592521 -2.951555
v -2.624351 0.954873 -2.949296
v -2.522319 1.328677 -2.950978
v -2.220243 1.571151 -2.955961
v -1.509828 1.377187 -2.967680
v -1.833506 1.589681 -2.962340
v -1.372844 1.014835 -2.969939
v -1.474875 0.641032 -2.968256
v -1.776951 0.398557 -2.963273
v -2.163688 0.380027 -2.956894
v -2.487366 0.592521 -2.951555
v -2.624351 0.954873 -2.949296
v -2.522319 1.328677 -2.950978
v -2.220243 1.571151 -2.955961
v -1.509828 1.377187 -2.967680
v -1.833506 1.589681 -2.962340
v -1.372844 1.014835 -2.969939
v -1.474875 0.641032 -2.968256
v -1.776951 0.398557 -2.963273
v -2.163688 0.380027 -2.956894
v -2.487366 0.592521 -2.951555
v -2.624351 0.954873 -2.949296
v -2.522319 1.328677 -2.950978
v -2.220243 1.571151 -2.955961
v -1.690816 1.230408 -2.851316
v -1.893400 1.363405 -2.847974
v -1.605079 1.003619 -2.852730
v -1.668939 0.769662 -2.851676
v -1.858003 0.617901 -2.848558
v -2.100055 0.606304 -2.844565
v -2.302639 0.739300 -2.841224
v -2.388376 0.966090 -2.839809
v -2.324516 1.200047 -2.840863
v -2.135452 1.351807 -2.843981
v -1.507959 1.377187 -2.854332
v -1.831636 1.589681 -2.848993
v -1.370974 1.014835 -2.856592
v -1.473006 0.641032 -2.854908
v -1.775082 0.398557 -2.849926
v -2.161819 0.380027 -2.843546
v -2.485497 0.592521 -2.838208
v -2.622481 0.954873 -2.835948
v -2.520449 1.328677 -2.837631
v -2.218374 1.571151 -2.842614
v -1.752738 1.181993 -2.947739
v -1.915380 1.288767 -2.945056
v -1.683907 0.999919 -2.948874
v -1.735175 0.812091 -2.948029
v -1.886962 0.690252 -2.945525
v -2.081289 0.680941 -2.942319
v -2.243931 0.787715 -2.939637
v -2.312762 0.969789 -2.938501
v -2.261493 1.157618 -2.939347
v -2.109707 1.279456 -2.941851
v -1.692423 1.230408 -2.948734
v -1.895007 1.363405 -2.945393
v -1.606686 1.003619 -2.950148
v -1.670546 0.769662 -2.949094
v -1.859610 0.617901 -2.945976
v -2.101662 0.606304 -2.941984
v -2.304246 0.739300 -2.938642
v -2.389983 0.966090 -2.937228
v -2.326123 1.200047 -2.938281
v -2.137059 1.351807 -2.941399
v -1.752047 1.181993 -2.905805
v -1.914688 1.288767 -2.903123
v -1.683215 0.999919 -2.906941
v -1.734484 0.812091 -2.906096
v -1.886271 0.690252 -2.903592
v -2.080598 0.680941 -2.900386
v -2.243239 0.787715 -2.897703
v -2.312071 0.969789 -2.896568
v -2.260802 1.157618 -2.897414
v -2.109015 1.279456 -2.899918
v -1.797773 1.145289 -2.905051
v -1.930133 1.232183 -2.902868
v -1.741756 0.997114 -2.905975
v -1.783480 0.844256 -2.905287
v -1.907006 0.745102 -2.903250
v -2.065153 0.737525 -2.900640
v -2.197513 0.824419 -2.898458
v -2.253530 0.972594 -2.897533
v -2.211806 1.125452 -2.898222
v -2.088279 1.224606 -2.900259
v -1.752047 1.181993 -2.905805
v -1.914688 1.288767 -2.903123
v -1.683215 0.999919 -2.906941
v -1.734484 0.812091 -2.906096
v -1.886271 0.690252 -2.903592
v -2.080598 0.680941 -2.900386
v -2.243239 0.787715 -2.897703
v -2.312071 0.969789 -2.896568
v -2.260802 1.157618 -2.897414
v -2.109015 1.279456 -2.899918
v -1.842904 1.110963 -3.047937
v -1.799508 1.145289 -3.010273
v -1.931868 1.232183 -3.008090
v -1.946945 1.179266 -3.046220
v -1.798872 0.994491 -3.048663
v -1.743492 0.997114 -3.011198
v -1.831669 0.874338 -3.048122
v -1.785215 0.844256 -3.010509
v -1.928767 0.796398 -3.046521
v -1.908742 0.745102 -3.008471
v -2.053077 0.790442 -3.044470
v -2.066888 0.737525 -3.005863
v -2.157119 0.858745 -3.042754
v -2.199249 0.824419 -3.003680
v -2.201150 0.975217 -3.042027
v -2.255265 0.972594 -3.002756
v -2.168354 1.095370 -3.042569
v -2.213542 1.125452 -3.003444
v -2.071256 1.173310 -3.044170
v -2.090015 1.224606 -3.005482
v -0.137238 1.695659 -1.687053
v -0.190933 1.583110 -2.856928
v 0.224974 1.364483 -1.688993
v 0.110927 1.307116 -2.858544
v 0.323323 0.883457 -1.692196
v 0.192888 0.906238 -2.861214
v 0.120244 0.436314 -1.695440
v 0.023646 0.533600 -2.863917
v -0.306695 0.193850 -1.697484
v -0.332155 0.331535 -2.865621
v -0.794417 0.248677 -1.697549
v -0.738612 0.377227 -2.865675
v -1.156628 0.579853 -1.695610
v -1.040471 0.653221 -2.864058
v -1.254977 1.060879 -1.692406
v -1.122433 1.054099 -2.861389
v -1.051898 1.508022 -1.689163
v -0.953191 1.426737 -2.858686
v -0.624959 1.750486 -1.687118
v -0.597389 1.628802 -2.856981
v 0.226029 1.372484 -2.857993
v -0.136183 1.703660 -2.856053
v 0.324378 0.891457 -2.861196
v 0.121299 0.444315 -2.864440
v -0.305640 0.201851 -2.866484
v -0.793362 0.256677 -2.866549
v -1.155573 0.587853 -2.864609
v -1.253922 1.068880 -2.861406
v -1.050843 1.516022 -2.858162
v -0.623904 1.758487 -2.856119
v 0.110927 1.307116 -2.858544
v -0.190933 1.583110 -2.856928
v 0.192888 0.906238 -2.861214
v 0.023646 0.533600 -2.863917
v -0.332155 0.331535 -2.865621
v -0.738612 0.377227 -2.865675
v -1.040471 0.653221 -2.864058
v -1.122433 1.054099 -2.861389
v -0.953191 1.426737 -2.858686
v -0.597389 1.628802 -2.856981
v 0.110927 1.307116 -2.858544
v -0.190933 1.583110 -2.856928
v 0.192888 0.906238 -2.861214
v 0.023646 0.533600 -2.863917
v -0.332155 0.331535 -2.865621
v -0.738612 0.377227 -2.865675
v -1.040471 0.653221 -2.864058
v -1.122433 1.054099 -2.861389
v -0.953191 1.426737 -2.858686
v -0.597389 1.628802 -2.856981
v 0.110927 1.307116 -2.858544
v -0.190933 1.583110 -2.856928
v 0.192888 0.906238 -2.861214
v 0.023646 0.533600 -2.863917
v -0.332155 0.331535 -2.865621
v -0.738612 0.377227 -2.865675
v -1.040471 0.653221 -2.864058
v -1.122433 1.054099 -2.861389
v -0.953191 1.426737 -2.858686
v -0.597389 1.628802 -2.856981
v 0.110927 1.307116 -2.858544
v -0.190933 1.583110 -2.856928
v 0.192888 0.906238 -2.861214
v 0.023646 0.533600 -2.863917
v -0.332155 0.331535 -2.865621
v -0.738612 0.377227 -2.865675
v -1.040471 0.653221 -2.864058
v -1.122433 1.054099 -2.861389
v -0.953191 1.426737 -2.858686
v -0.597389 1.628802 -2.856981
v 0.110927 1.307116 -2.858544
v -0.190933 1.583110 -2.856928
v 0.192888 0.906238 -2.861214
v 0.023646 0.533600 -2.863917
v -0.332155 0.331535 -2.865621
v -0.738612 0.377227 -2.865675
v -1.040471 0.653221 -2.864058
v -1.122433 1.054099 -2.861389
v -0.953191 1.426737 -2.858686
v -0.597389 1.628802 -2.856981
v 0.110927 1.307116 -2.858544
v -0.190933 1.583110 -2.856928
v 0.192888 0.906238 -2.861214
v 0.023646 0.533600 -2.863917
v -0.332155 0.331535 -2.865621
v -0.738612 0.377227 -2.865675
v -1.040471 0.653221 -2.864058
v -1.122433 1.054099 -2.861389
v -0.953191 1.426737 -2.858686
v -0.597389 1.628802 -2.856981
v 0.110927 1.307116 -2.858544
v -0.190933 1.583110 -2.856928
v 0.192888 0.906238 -2.861214
v 0.023646 0.533600 -2.863917
v -0.332155 0.331535 -2.865621
v -0.738612 0.377227 -2.865675
v -1.040471 0.653221 -2.864058
v -1.122433 1.054099 -2.861389
v -0.953191 1.426737 -2.858686
v -0.597389 1.628802 -2.856981
v -0.104561 1.183980 -2.739839
v -0.293489 1.356720 -2.738827
v -0.053262 0.933077 -2.741510
v -0.159188 0.699849 -2.743201
v -0.381878 0.573381 -2.744268
v -0.636272 0.601978 -2.744302
v -0.825200 0.774719 -2.743290
v -0.876499 1.025621 -2.741620
v -0.770573 1.258849 -2.739927
v -0.547883 1.385317 -2.738862
v 0.110818 1.306296 -2.738807
v -0.191041 1.582291 -2.737191
v 0.192780 0.905419 -2.741477
v 0.023538 0.532780 -2.744180
v -0.332263 0.330716 -2.745884
v -0.738720 0.376407 -2.745938
v -1.040579 0.652402 -2.744322
v -1.122541 1.053279 -2.741652
v -0.953299 1.425918 -2.738949
v -0.597497 1.627982 -2.737245
v -0.175511 1.144337 -2.843089
v -0.327189 1.283019 -2.842276
v -0.134327 0.942905 -2.844430
v -0.219367 0.755662 -2.845788
v -0.398150 0.654129 -2.846644
v -0.602386 0.677088 -2.846672
v -0.754064 0.815769 -2.845860
v -0.795248 1.017202 -2.844519
v -0.710207 1.204445 -2.843160
v -0.531425 1.305978 -2.842303
v -0.104468 1.184684 -2.842749
v -0.293396 1.357424 -2.841737
v -0.053169 0.933782 -2.844419
v -0.159095 0.700554 -2.846111
v -0.381785 0.574085 -2.847178
v -0.636179 0.602683 -2.847212
v -0.825107 0.775423 -2.846200
v -0.876406 1.026325 -2.844529
v -0.770480 1.259553 -2.842837
v -0.547790 1.386021 -2.841771
v -0.175551 1.144034 -2.798792
v -0.327229 1.282716 -2.797979
v -0.134367 0.942602 -2.800133
v -0.219407 0.755359 -2.801491
v -0.398190 0.653826 -2.802347
v -0.602426 0.676785 -2.802374
v -0.754104 0.815466 -2.801562
v -0.795288 1.016899 -2.800221
v -0.710247 1.204141 -2.798863
v -0.531465 1.305675 -2.798007
v -0.229409 1.113447 -2.799049
v -0.352847 1.226309 -2.798388
v -0.195893 0.949518 -2.800141
v -0.265101 0.797137 -2.801246
v -0.410597 0.714507 -2.801943
v -0.576807 0.733192 -2.801965
v -0.700245 0.846053 -2.801304
v -0.733762 1.009982 -2.800213
v -0.664554 1.162364 -2.799107
v -0.519058 1.244993 -2.798410
v -0.175551 1.144034 -2.798792
v -0.327229 1.282716 -2.797979
v -0.134367 0.942602 -2.800133
v -0.219407 0.755359 -2.801491
v -0.398190 0.653826 -2.802347
v -0.602426 0.676785 -2.802374
v -0.754104 0.815466 -2.801562
v -0.795288 1.016899 -2.800221
v -0.710247 1.204141 -2.798863
v -0.531465 1.305675 -2.798007
v -0.279641 1.085880 -2.950976
v -0.229309 1.114208 -2.910203
v -0.352747 1.227069 -2.909543
v -0.376669 1.174595 -2.950456
v -0.253296 0.957025 -2.951834
v -0.195793 0.950279 -2.911295
v -0.307696 0.837246 -2.952703
v -0.265000 0.797897 -2.912400
v -0.422063 0.772295 -2.953251
v -0.410496 0.715268 -2.913097
v -0.552712 0.786982 -2.953269
v -0.576707 0.733952 -2.913119
v -0.649740 0.875696 -2.952749
v -0.700145 0.846814 -2.912458
v -0.676085 1.004552 -2.951890
v -0.733661 1.010743 -2.911366
v -0.621685 1.124331 -2.951022
v -0.664454 1.163124 -2.910261
v -0.507318 1.189281 -2.950475
v -0.518957 1.245754 -2.909564
v 1.480246 1.695656 -1.737809
v 1.391916 1.580031 -2.921075
v 1.848279 1.361377 -1.750055
v 1.698626 1.301450 -2.931281
v 1.949555 0.874295 -1.755670
v 1.783028 0.895527 -2.935960
v 1.745393 0.420460 -1.752510
v 1.612883 0.517311 -2.933326
v 1.313774 0.173221 -1.741781
v 1.253182 0.311267 -2.924386
v 0.819562 0.227015 -1.727582
v 0.841317 0.356098 -2.912552
v 0.451531 0.561294 -1.715336
v 0.534607 0.634679 -2.902347
v 0.350254 1.048376 -1.709721
v 0.450205 1.040602 -2.897667
v 0.554416 1.502211 -1.712882
v 0.620349 1.418818 -2.900301
v 0.986035 1.749450 -1.723610
v 0.980051 1.624862 -2.909242
v 1.814991 1.368106 -2.934173
v 1.446958 1.702385 -2.921927
v 1.916267 0.881024 -2.939788
v 1.712105 0.427189 -2.936628
v 1.280487 0.179950 -2.925899
v 0.786275 0.233744 -2.911699
v 0.418242 0.568024 -2.899454
v 0.316965 1.055105 -2.893839
v 0.521128 1.508940 -2.896999
v 0.952747 1.756179 -2.907728
v 1.698626 1.301450 -2.931281
v 1.391916 1.580031 -2.921075
v 1.783028 0.895527 -2.935960
v 1.612883 0.517311 -2.933326
v 1.253182 0.311267 -2.924386
v 0.841317 0.356098 -2.912552
v 0.534607 0.634679 -2.902347
v 0.450205 1.040602 -2.897667
v 0.620349 1.418818 -2.900301
v 0.980051 1.624862 -2.909242
v 1.698626 1.301450 -2.931281
v 1.391916 1.580031 -2.921075
v 1.783028 0.895527 -2.935960
v 1.612883 0.517311 -2.933326
v 1.253182 0.311267 -2.924386
v 0.841317 0.356098 -2.912552
v 0.534607 0.634679 -2.902347
v 0.450205 1.040602 -2.897667
v 0.620349 1.418818 -2.900301
v 0.980051 1.624862 -2.909242
v 1.698626 1.301450 -2.931281
v 1.391916 1.580031 -2.921075
v 1.783028 0.895527 -2.935960
v 1.612883 0.517311 -2.933326
v 1.253182 0.311267 -2.924386
v 0.841317 0.356098 -2.912552
v 0.534607 0.634679 -2.902347
v 0.450205 1.040602 -2.897667
v 0.620349 1.418818 -2.900301
v 0.980051 1.624862 -2.909242
v 1.698626 1.301450 -2.931281
v 1.391916 1.580031 -2.921075
v 1.783028 0.895527 -2.935960
v 1.612883 0.517311 -2.933326
v 1.253182 0.311267 -2.924386
v 0.841317 0.356098 -2.912552
v 0.534607 0.634679 -2.902347
v 0.450205 1.040602 -2.897667
v 0.620349 1.418818 -2.900301
v 0.980051 1.624862 -2.909242
v 1.698626 1.301450 -2.931281
v 1.391916 1.580031 -2.921075
v 1.783028 0.895527 -2.935960
v 1.612883 0.517311 -2.933326
v 1.253182 0.311267 -2.924386
v 0.841317 0.356098 -2.912552
v 0.534607 0.634679 -2.902347
v 0.450205 1.040602 -2.897667
v 0.620349 1.418818 -2.900301
v 0.980051 1.624862 -2.909242
v 1.698626 1.301450 -2.931281
v 1.391916 1.580031 -2.921075
v 1.783028 0.895527 -2.935960
v 1.612883 0.517311 -2.933326
v 1.253182 0.311267 -2.924386
v 0.841317 0.356098 -2.912552
v 0.534607 0.634679 -2.902347
v 0.450205 1.040602 -2.897667
v 0.620349 1.418818 -2.900301
v 0.980051 1.624862 -2.909242
v 1.698626 1.301450 -2.931281
v 1.391916 1.580031 -2.921075
v 1.783028 0.895527 -2.935960
v 1.612883 0.517311 -2.933326
v 1.253182 0.311267 -2.924386
v 0.841317 0.356098 -2.912552
v 0.534607 0.634679 -2.902347
v 0.450205 1.040602 -2.897667
v 0.620349 1.418818 -2.900301
v 0.980051 1.624862 -2.909242
v 1.484295 1.176036 -2.804583
v 1.292331 1.350395 -2.798195
v 1.537121 0.921975 -2.807512
v 1.430631 0.685256 -2.805863
v 1.205500 0.556297 -2.800267
v 0.947721 0.584356 -2.792861
v 0.755756 0.758715 -2.786474
v 0.702930 1.012775 -2.783545
v 0.809421 1.249494 -2.785193
v 1.034552 1.378453 -2.790789
v 1.702035 1.300761 -2.809995
v 1.395325 1.579342 -2.799789
v 1.786438 0.894838 -2.814675
v 1.616293 0.516622 -2.812041
v 1.256592 0.310578 -2.803100
v 0.844727 0.355409 -2.791266
v 0.538017 0.633990 -2.781061
v 0.453614 1.039913 -2.776382
v 0.623759 1.418129 -2.779016
v 0.983460 1.624173 -2.787956
v 1.409543 1.135487 -2.907038
v 1.255428 1.275468 -2.901910
v 1.451953 0.931519 -2.909389
v 1.366459 0.741473 -2.908066
v 1.185717 0.637941 -2.903574
v 0.978763 0.660467 -2.897627
v 0.824648 0.800449 -2.892499
v 0.782238 1.004416 -2.890149
v 0.867732 1.194462 -2.891472
v 1.048474 1.297994 -2.895965
v 1.481365 1.176628 -2.908823
v 1.289401 1.350987 -2.902437
v 1.534191 0.922568 -2.911752
v 1.427701 0.685849 -2.910104
v 1.202569 0.556890 -2.904508
v 0.944790 0.584948 -2.897101
v 0.752826 0.759308 -2.890714
v 0.700000 1.013368 -2.887785
v 0.806491 1.250087 -2.889433
v 1.031621 1.379046 -2.895030
v 1.410804 1.135232 -2.862168
v 1.256689 1.275213 -2.857040
v 1.453214 0.931264 -2.864519
v 1.367720 0.741219 -2.863196
v 1.186978 0.637686 -2.858704
v 0.980025 0.660213 -2.852757
v 0.825910 0.800194 -2.847630
v 0.783499 1.004161 -2.845277
v 0.868993 1.194207 -2.846602
v 1.049736 1.297740 -2.851094
v 1.356355 1.104043 -2.860814
v 1.230934 1.217962 -2.856641
v 1.390870 0.938050 -2.862728
v 1.321293 0.783388 -2.861650
v 1.174202 0.699132 -2.857995
v 1.005780 0.717464 -2.853156
v 0.880358 0.831383 -2.848982
v 0.845844 0.997375 -2.847069
v 0.915420 1.152038 -2.848146
v 1.062512 1.236294 -2.851802
v 1.410804 1.135232 -2.862168
v 1.256689 1.275213 -2.857040
v 1.453214 0.931264 -2.864519
v 1.367720 0.741219 -2.863196
v 1.186978 0.637686 -2.858704
v 0.980025 0.660213 -2.852757
v 0.825910 0.800194 -2.847630
v 0.783499 1.004161 -2.845277
v 0.868993 1.194207 -2.846602
v 1.049736 1.297740 -2.851094
v 1.301115 1.075747 -3.013196
v 1.353190 1.104682 -2.973406
v 1.227769 1.218601 -2.969233
v 1.202528 1.165293 -3.009916
v 1.328245 0.945270 -3.014700
v 1.387705 0.938690 -2.975319
v 1.273555 0.823698 -3.013854
v 1.318128 0.784028 -2.974242
v 1.157935 0.757469 -3.010980
v 1.171037 0.699771 -2.970586
v 1.025546 0.771879 -3.007176
v 1.002614 0.718104 -2.965748
v 0.926960 0.861424 -3.003896
v 0.877193 0.832023 -2.961575
v 0.899830 0.991902 -3.002392
v 0.842679 0.998015 -2.959660
v 0.954520 1.113474 -3.003238
v 0.912255 1.152677 -2.960738
v 1.070141 1.179703 -3.006112
v 1.059347 1.236934 -2.964394
v 2.945593 1.658214 -1.716320
v 2.883740 1.553175 -2.807329
v 3.290033 1.356474 -1.722832
v 3.170788 1.301711 -2.812756
v 3.391302 0.909689 -1.727540
v 3.255184 0.929369 -2.816679
v 3.210721 0.488515 -1.728646
v 3.104692 0.578373 -2.817601
v 2.817264 0.253828 -1.725726
v 2.776793 0.382789 -2.815168
v 2.361219 0.295269 -1.719897
v 2.396735 0.417326 -2.810309
v 2.016780 0.597010 -1.713385
v 2.109687 0.668790 -2.804882
v 1.915510 1.043795 -1.708677
v 2.025290 1.041131 -2.800959
v 2.096091 1.464969 -1.707572
v 2.175784 1.392128 -2.800038
v 2.489548 1.699656 -1.710491
v 2.503682 1.587711 -2.802471
v 3.276864 1.364982 -2.813543
v 2.932424 1.666723 -2.807031
v 3.378134 0.918197 -2.818251
v 3.197552 0.497023 -2.819356
v 2.804095 0.262336 -2.816437
v 2.348051 0.303777 -2.810607
v 2.003611 0.605518 -2.804095
v 1.902342 1.052303 -2.799388
v 2.082923 1.473477 -2.798282
v 2.476380 1.708164 -2.801202
v 3.170788 1.301711 -2.812756
v 2.883740 1.553175 -2.807329
v 3.255184 0.929369 -2.816679
v 3.104692 0.578373 -2.817601
v 2.776793 0.382789 -2.815168
v 2.396735 0.417326 -2.810309
v 2.109687 0.668790 -2.804882
v 2.025290 1.041131 -2.800959
v 2.175784 1.392128 -2.800038
v 2.503682 1.587711 -2.802471
v 3.170788 1.301711 -2.812756
v 2.883740 1.553175 -2.807329
v 3.255184 0.929369 -2.816679
v 3.104692 0.578373 -2.817601
v 2.776793 0.382789 -2.815168
v 2.396735 0.417326 -2.810309
v 2.109687 0.668790 -2.804882
v 2.025290 1.041131 -2.800959
v 2.175784 1.392128 -2.800038
v 2.503682 1.587711 -2.802471
v 3.170788 1.301711 -2.812756
v 2.883740 1.553175 -2.807329
v 3.255184 0.929369 -2.816679
v 3.104692 0.578373 -2.817601
v 2.776793 0.382789 -2.815168
v 2.396735 0.417326 -2.810309
v 2.109687 0.668790 -2.804882
v 2.025290 1.041131 -2.800959
v 2.175784 1.392128 -2.800038
v 2.503682 1.587711 -2.802471
v 3.170788 1.301711 -2.812756
v 2.883740 1.553175 -2.807329
v 3.255184 0.929369 -2.816679
v 3.104692 0.578373 -2.817601
v 2.776793 0.382789 -2.815168
v 2.396735 0.417326 -2.810309
v 2.109687 0.668790 -2.804882
v 2.025290 1.041131 -2.800959
v 2.175784 1.392128 -2.800038
v 2.503682 1.587711 -2.802471
v 3.170788 1.301711 -2.812756
v 2.883740 1.553175 -2.807329
v 3.255184 0.929369 -2.816679
v 3.104692 0.578373 -2.817601
v 2.776793 0.382789 -2.815168
v 2.396735 0.417326 -2.810309
v 2.109687 0.668790 -2.804882
v 2.025290 1.041131 -2.800959
v 2.175784 1.392128 -2.800038
v 2.503682 1.587711 -2.802471
v 3.170788 1.301711 -2.812756
v 2.883740 1.553175 -2.807329
v 3.255184 0.929369 -2.816679
v 3.104692 0.578373 -2.817601
v 2.776793 0.382789 -2.815168
v 2.396735 0.417326 -2.810309
v 2.109687 0.668790 -2.804882
v 2.025290 1.041131 -2.800959
v 2.175784 1.392128 -2.800038
v 2.503682 1.587711 -2.802471
v 3.170788 1.301711 -2.812756
v 2.883740 1.553175 -2.807329
v 3.255184 0.929369 -2.816679
v 3.104692 0.578373 -2.817601
v 2.776793 0.382789 -2.815168
v 2.396735 0.417326 -2.810309
v 2.109687 0.668790 -2.804882
v 2.025290 1.041131 -2.800959
v 2.175784 1.392128 -2.800038
v 2.503682 1.587711 -2.802471
v 2.973649 1.182446 -2.699565
v 2.793991 1.339833 -2.696169
v 3.026471 0.949404 -2.702021
v 2.932280 0.729721 -2.702598
v 2.727054 0.607309 -2.701075
v 2.489182 0.628924 -2.698034
v 2.309524 0.786312 -2.694637
v 2.256702 1.019354 -2.692182
v 2.350893 1.239036 -2.691606
v 2.556119 1.361448 -2.693128
v 3.172137 1.300839 -2.701038
v 2.885089 1.552303 -2.695611
v 3.256533 0.928498 -2.704962
v 3.106040 0.577501 -2.705883
v 2.778142 0.381918 -2.703450
v 2.398084 0.416454 -2.698592
v 2.111036 0.667918 -2.693164
v 2.026640 1.040260 -2.689241
v 2.177133 1.391256 -2.688320
v 2.505031 1.586839 -2.690753
v 2.907018 1.144142 -2.795097
v 2.762782 1.270498 -2.792370
v 2.949425 0.957049 -2.797069
v 2.873806 0.780680 -2.797532
v 2.709044 0.682404 -2.796309
v 2.518072 0.699758 -2.793868
v 2.373837 0.826113 -2.791141
v 2.331429 1.013207 -2.789170
v 2.407049 1.189575 -2.788707
v 2.571811 1.287851 -2.789929
v 2.972489 1.183195 -2.795584
v 2.792831 1.340582 -2.792187
v 3.025311 0.950153 -2.798039
v 2.931121 0.730470 -2.798615
v 2.725895 0.608058 -2.797092
v 2.488023 0.629674 -2.794052
v 2.308365 0.787060 -2.790655
v 2.255543 1.020102 -2.788199
v 2.349734 1.239785 -2.787623
v 2.554960 1.362197 -2.789145
v 2.907516 1.143820 -2.753767
v 2.763281 1.270175 -2.751040
v 2.949924 0.956726 -2.755738
v 2.874304 0.780358 -2.756201
v 2.709542 0.682082 -2.754979
v 2.518571 0.699435 -2.752537
v 2.374336 0.825791 -2.749810
v 2.331928 1.012884 -2.747839
v 2.407548 1.189252 -2.747376
v 2.572310 1.287529 -2.748599
v 2.857882 1.114214 -2.753398
v 2.740500 1.217044 -2.751179
v 2.892394 0.961954 -2.755002
v 2.830853 0.818423 -2.755380
v 2.696766 0.738444 -2.754384
v 2.541352 0.752566 -2.752398
v 2.423971 0.855396 -2.750179
v 2.389459 1.007656 -2.748575
v 2.450999 1.151188 -2.748197
v 2.585085 1.231167 -2.749193
v 2.907516 1.143820 -2.753767
v 2.763281 1.270175 -2.751040
v 2.949924 0.956726 -2.755738
v 2.874304 0.780358 -2.756201
v 2.709542 0.682082 -2.754979
v 2.518571 0.699435 -2.752537
v 2.374336 0.825791 -2.749810
v 2.331928 1.012884 -2.747839
v 2.407548 1.189252 -2.747376
v 2.572310 1.287529 -2.748599
v 2.809754 1.087631 -2.894581
v 2.856629 1.115023 -2.857108
v 2.739249 1.217853 -2.854889
v 2.717487 1.168460 -2.892837
v 2.836883 0.967947 -2.895842
v 2.891142 0.962763 -2.858712
v 2.788509 0.855125 -2.896138
v 2.829601 0.819232 -2.859089
v 2.683112 0.792257 -2.895356
v 2.695515 0.739253 -2.858094
v 2.560947 0.803359 -2.893795
v 2.540100 0.753375 -2.856108
v 2.468680 0.884188 -2.892050
v 2.422718 0.856205 -2.853889
v 2.441553 1.003871 -2.890789
v 2.388207 1.008465 -2.852284
v 2.489926 1.116694 -2.890493
v 2.449747 1.151997 -2.851907
v 2.595324 1.179561 -2.891275
v 2.583833 1.231976 -2.852902
vn 0.5487 0.8360 0.0091
vn 0.9352 0.3537 0.0154
vn 0.9646 -0.2634 0.0159
vn 0.6258 -0.7799 0.0103
vn 0.0478 -0.9989 0.0008
vn -0.5487 -0.8360 -0.0091
vn -0.9352 -0.3537 -0.0154
vn -0.9646 0.2634 -0.0159
vn -0.0165 -0.0000 0.9999
vn -0.6258 0.7799 -0.0103
vn -0.0478 0.9989 -0.0008
vn 0.0165 -0.0000 -0.9999
vn 0.3118 0.4954 0.8108
vn 0.5411 0.2096 0.8144
vn 0.5585 -0.1561 0.8147
vn 0.3577 -0.4623 0.8114
vn 0.0151 -0.5919 0.8059
vn -0.3384 -0.4954 0.8000
vn -0.5676 -0.2096 0.7962
vn -0.5851 0.1561 0.7958
vn -0.3842 0.4623 0.7992
vn -0.0416 0.5919 0.8049
vn 0.6748 0.7380 -0.0057
vn 0.9797 0.2003 -0.0023
vn 0.9105 -0.4135 0.0020
vn 0.4938 -0.8695 0.0055
vn -0.1117 -0.9937 0.0069
vn -0.6748 -0.7380 0.0057
vn -0.9797 -0.2003 0.0023
vn -0.9105 0.4135 -0.0020
vn -0.4938 0.8695 -0.0055
vn 0.1117 0.9937 -0.0069
vn -0.0009 -0.0068 -1.0000
vn 0.0009 0.0068 1.0000
vn 0.4006 0.4428 0.8021
vn 0.5814 0.1242 0.8041
vn 0.5405 -0.2396 0.8065
vn 0.2934 -0.5099 0.8087
vn -0.0655 -0.5833 0.8096
vn -0.3991 -0.4318 0.8089
vn -0.5800 -0.1132 0.8067
vn -0.5390 0.2506 0.8041
vn -0.2920 0.5209 0.8021
vn 0.0669 0.5944 0.8014
vn 0.6720 0.7404 0.0147
vn 0.9787 0.2038 0.0264
vn 0.9115 -0.4103 0.0280
vn 0.4966 -0.8678 0.0189
vn -0.1083 -0.9941 0.0026
vn -0.6720 -0.7404 -0.0147
vn -0.9787 -0.2038 -0.0264
vn -0.9115 0.4103 -0.0280
vn -0.4966 0.8678 -0.0189
vn 0.1083 0.9941 -0.0026
vn 0.0281 -0.0057 -0.9996
vn -0.0281 0.0057 0.9996
vn 0.3756 0.4433 0.8139
vn 0.5574 0.1254 0.8207
vn 0.5177 -0.2386 0.8216
vn 0.2717 -0.5098 0.8163
vn -0.0868 -0.5845 0.8067
vn -0.4208 -0.4342 0.7965
vn -0.6027 -0.1162 0.7895
vn -0.5630 0.2478 0.7884
vn -0.3170 0.5189 0.7939
vn 0.0415 0.5937 0.8036
vn 0.6589 0.7522 0.0021
vn 0.9752 0.2211 0.0100
vn 0.9190 -0.3940 0.0142
vn 0.5122 -0.8588 0.0129
vn -0.0906 -0.9959 0.0067
vn -0.6589 -0.7522 -0.0021
vn -0.9752 -0.2211 -0.0100
vn -0.9190 0.3940 -0.0142
vn -0.5122 0.8588 -0.0129
vn 0.0906 0.9959 -0.0067
vn 0.0121 -0.0078 -0.9999
vn -0.0121 0.0078 0.9999
vn 0.9752 0.2211 0.0101
vn 0.3807 0.4520 0.8067
vn 0.5683 0.1374 0.8113
vn 0.5351 -0.2273 0.8137
vn 0.2938 -0.5027 0.8130
vn -0.0634 -0.5838 0.8094
vn -0.4002 -0.4395 0.8042
vn -0.5877 -0.1248 0.7994
vn -0.5545 0.2398 0.7969
vn -0.3133 0.5153 0.7977
vn 0.0440 0.5964 0.8015
vn 0.5487 0.8360 -0.0091
vn 0.9352 0.3537 -0.0154
vn 0.9646 -0.2634 -0.0159
vn 0.6258 -0.7799 -0.0103
vn 0.0478 -0.9989 -0.0008
vn -0.5487 -0.8360 0.0091
vn -0.9352 -0.3537 0.0154
vn -0.9646 0.2634 0.0159
vn -0.6258 0.7799 0.0103
vn -0.0478 0.9989 0.0008
vn 0.0165 -0.0000 0.9999
vn -0.0165 -0.0000 -0.9999
vn 0.3118 0.4954 -0.8108
vn 0.5411 0.2096 -0.8144
vn 0.5585 -0.1561 -0.8147
vn 0.3577 -0.4623 -0.8114
vn 0.0151 -0.5919 -0.8059
vn -0.3384 -0.4954 -0.8001
vn -0.5676 -0.2096 -0.7962
vn -0.5851 0.1561 -0.7958
vn -0.3842 0.4623 -0.7992
vn -0.0416 0.5919 -0.8049
vn 0.6748 0.7380 0.0057
vn 0.9797 0.2003 0.0023
vn 0.9105 -0.4135 -0.0020
vn 0.4938 -0.8695 -0.0055
vn -0.1117 -0.9937 -0.0069
vn -0.6748 -0.7380 -0.0057
vn -0.9797 -0.2003 -0.0023
vn -0.9105 0.4135 0.0020
vn -0.4938 0.8695 0.0055
vn 0.1117 0.9937 0.0069
vn -0.0009 -0.0068 1.0000
vn 0.0009 0.0068 -1.0000
vn 0.4006 0.4428 -0.8022
vn 0.5814 0.1242 -0.8041
vn 0.5405 -0.2396 -0.8065
vn 0.2934 -0.5099 -0.8087
vn -0.0655 -0.5833 -0.8096
vn -0.3991 -0.4318 -0.8089
vn -0.5800 -0.1132 -0.8067
vn -0.5390 0.2506 -0.8041
vn -0.2920 0.5209 -0.8021
vn 0.0669 0.5944 -0.8014
vn 0.6720 0.7404 -0.0147
vn 0.9787 0.2038 -0.0264
vn 0.9115 -0.4103 -0.0280
vn 0.4966 -0.8678 -0.0189
vn -0.1083 -0.9941 -0.0026
vn -0.6720 -0.7404 0.0147
vn -0.9787 -0.2038 0.0264
vn -0.9115 0.4103 0.0280
vn -0.4966 0.8678 0.0189
vn 0.1083 0.9941 0.0026
vn 0.0281 -0.0057 0.9996
vn -0.0281 0.0057 -0.9996
vn 0.3756 0.4433 -0.8139
vn 0.5574 0.1254 -0.8207
vn 0.5177 -0.2386 -0.8216
vn 0.2717 -0.5098 -0.8163
vn -0.0868 -0.5845 -0.8067
vn -0.4208 -0.4342 -0.7965
vn -0.6027 -0.1162 -0.7895
vn -0.5630 0.2478 -0.7884
vn -0.3170 0.5189 -0.7939
vn 0.0415 0.5937 -0.8036
vn 0.6589 0.7522 -0.0021
vn 0.9752 0.2211 -0.0100
vn 0.9190 -0.3940 -0.0142
vn 0.5122 -0.8588 -0.0129
vn -0.0906 -0.9959 -0.0067
vn -0.6589 -0.7522 0.0021
vn -0.9752 -0.2211 0.0100
vn -0.9190 0.3940 0.0142
vn -0.5122 0.8588 0.0129
vn 0.0906 0.9959 0.0067
vn 0.0121 -0.0078 0.9999
vn -0.0121 0.0078 -0.9999
vn 0.9752 0.2211 -0.0101
vn -0.5121 0.8588 0.0129
vn -0.9752 -0.2211 0.0101
vn 0.3807 0.4520 -0.8067
vn 0.5683 0.1374 -0.8113
vn 0.5351 -0.2273 -0.8137
vn 0.2938 -0.5027 -0.8130
vn -0.0634 -0.5838 -0.8094
vn -0.4002 -0.4395 -0.8042
vn -0.5877 -0.1248 -0.7994
vn -0.5545 0.2398 -0.7969
vn -0.3133 0.5153 -0.7977
vn 0.0440 0.5964 -0.8015
vt 1.000000 0.500000
vt 1.000000 1.000000
vt 0.900000 1.000000
vt 0.900000 0.500000
vt 0.800000 1.000000
vt 0.800000 0.500000
vt 0.700000 1.000000
vt 0.700000 0.500000
vt 0.600000 1.000000
vt 0.600000 0.500000
vt 0.500000 1.000000
vt 0.500000 0.500000
vt 0.400000 1.000000
vt 0.400000 0.500000
vt 0.300000 1.000000
vt 0.300000 0.500000
vt 0.200000 1.000000
vt 0.200000 0.500000
vt 0.250000 0.450011
vt 0.132437 0.411812
vt 0.100000 1.000000
vt 0.100000 0.500000
vt -0.000000 1.000000
vt -0.000000 0.500000
vt 0.750000 0.490000
vt 0.891068 0.444164
vt 0.978254 0.324164
vt 0.978254 0.175836
vt 0.891068 0.055836
vt 0.750000 0.010000
vt 0.608932 0.055836
vt 0.521746 0.175836
vt 0.521746 0.324164
vt 0.608932 0.444164
vt 0.367563 0.411812
vt 0.391068 0.444164
vt 0.250000 0.490000
vt 0.440221 0.311807
vt 0.478254 0.324164
vt 0.440222 0.188193
vt 0.478254 0.175836
vt 0.367563 0.088188
vt 0.391068 0.055836
vt 0.250000 0.049989
vt 0.250000 0.010000
vt 0.132437 0.088188
vt 0.108932 0.055836
vt 0.059778 0.188193
vt 0.021746 0.175836
vt 0.059778 0.311807
vt 0.021746 0.324164
vt 0.108932 0.444164
vt 0.176419 0.351275
vt 0.130944 0.288684
vt 0.250000 0.375183
vt 0.323581 0.351275
vt 0.369056 0.288684
vt 0.369056 0.211316
vt 0.323581 0.148725
vt 0.250000 0.124817
vt 0.176419 0.148725
vt 0.130944 0.211316
vt 0.250000 0.350501
vt 0.190927 0.331307
vt 0.309073 0.331307
vt 0.345582 0.281057
vt 0.345582 0.218943
vt 0.309073 0.168693
vt 0.250000 0.149499
vt 0.190927 0.168693
vt 0.154418 0.218943
vt 0.154418 0.281057
vt 0.172214 0.224726
vt 0.201925 0.183831
vt 0.172214 0.224726
vt 0.250000 0.331789
vt 0.298075 0.316169
vt 0.327786 0.275274
vt 0.327786 0.224726
vt 0.298075 0.183831
vt 0.250000 0.168210
vt 0.172214 0.275274
vt 0.201925 0.316169
vt 0.327786 0.224726
vt 0.250000 0.168210
vt 0.287789 0.302012
vt 0.250000 0.314290
vt 0.212211 0.302012
vt 0.188856 0.269867
vt 0.188856 0.230133
vt 0.212211 0.197988
vt 0.250000 0.185710
vt 0.287789 0.197988
vt 0.311144 0.230133
vt 0.311144 0.269867
vt 0.201925 0.183831
vt 0.201925 0.316169
s 0
usemtl Material
f 993/886/517 1014/887/517 1013/888/517 995/889/517
f 995/889/518 1013/888/518 1015/890/518 997/891/518
f 997/891/519 1015/890/519 1016/892/519 999/893/519
f 999/893/520 1016/892/520 1017/894/520 1001/895/520
f 1001/895/521 1017/894/521 1018/896/521 1003/897/521
f 1003/897/522 1018/896/522 1019/898/522 1005/899/522
f 1005/899/523 1019/898/523 1020/900/523 1007/901/523
f 1007/901/524 1020/900/524 1021/902/524 1009/903/524
f 994/904/525 1012/905/525 1032/905/525 1024/904/525
f 1009/903/526 1021/902/526 1022/906/526 1011/907/526
f 1011/907/527 1022/906/527 1014/908/527 993/909/527
f 993/910/528 995/911/528 997/912/528 999/913/528 1001/914/528 1003/915/528 1005/916/528 1007/917/528 1009/918/528 1011/919/528
f 994/904/525 996/920/525 1013/921/525 1014/922/525
f 996/920/525 998/923/525 1015/924/525 1013/921/525
f 998/923/525 1000/925/525 1016/926/525 1015/924/525
f 1000/925/525 1002/927/525 1017/928/525 1016/926/525
f 1002/927/525 1004/929/525 1018/930/525 1017/928/525
f 1004/929/525 1006/931/525 1019/932/525 1018/930/525
f 1006/931/525 1008/933/525 1020/934/525 1019/932/525
f 1008/933/525 1010/935/525 1021/936/525 1020/934/525
f 1010/935/525 1012/905/525 1022/937/525 1021/936/525
f 1012/905/525 994/904/525 1014/922/525 1022/937/525
f 1030/933/525 1029/931/525 1039/931/525 1040/933/525
f 1008/933/525 1006/931/525 1029/931/525 1030/933/525
f 1002/927/525 1000/925/525 1026/925/525 1027/927/525
f 996/920/525 994/904/525 1024/904/525 1023/920/525
f 1010/935/525 1008/933/525 1030/933/525 1031/935/525
f 1004/929/525 1002/927/525 1027/927/525 1028/929/525
f 998/923/525 996/920/525 1023/920/525 1025/923/525
f 1012/905/525 1010/935/525 1031/935/525 1032/905/525
f 1006/931/525 1004/929/525 1028/929/525 1029/931/525
f 1000/925/525 998/923/525 1025/923/525 1026/925/525
f 1037/927/525 1036/925/525 1046/925/525 1047/927/525
f 1027/927/525 1026/925/525 1036/925/525 1037/927/525
f 1023/920/525 1024/904/525 1034/904/525 1033/920/525
f 1031/935/525 1030/933/525 1040/933/525 1041/935/525
f 1028/929/525 1027/927/525 1037/927/525 1038/929/525
f 1025/923/525 1023/920/525 1033/920/525 1035/923/525
f 1032/905/525 1031/935/525 1041/935/525 1042/905/525
f 1029/931/525 1028/929/525 1038/929/525 1039/931/525
f 1026/925/525 1025/923/525 1035/923/525 1036/925/525
f 1024/904/525 1032/905/525 1042/905/525 1034/904/525
f 1043/920/525 1044/904/525 1054/904/525 1053/920/525
f 1033/920/525 1034/904/525 1044/904/525 1043/920/525
f 1041/935/525 1040/933/525 1050/933/525 1051/935/525
f 1038/929/525 1037/927/525 1047/927/525 1048/929/525
f 1035/923/525 1033/920/525 1043/920/525 1045/923/525
f 1042/905/525 1041/935/525 1051/935/525 1052/905/525
f 1039/931/525 1038/929/525 1048/929/525 1049/931/525
f 1036/925/525 1035/923/525 1045/923/525 1046/925/525
f 1034/904/525 1042/905/525 1052/905/525 1044/904/525
f 1040/933/525 1039/931/525 1049/931/525 1050/933/525
f 1058/929/525 1057/927/525 1067/927/525 1068/929/525
f 1051/935/525 1050/933/525 1060/933/525 1061/935/525
f 1048/929/525 1047/927/525 1057/927/525 1058/929/525
f 1045/923/525 1043/920/525 1053/920/525 1055/923/525
f 1052/905/525 1051/935/525 1061/935/525 1062/905/525
f 1049/931/525 1048/929/525 1058/929/525 1059/931/525
f 1046/925/525 1045/923/525 1055/923/525 1056/925/525
f 1044/904/525 1052/905/525 1062/905/525 1054/904/525
f 1050/933/525 1049/931/525 1059/931/525 1060/933/525
f 1047/927/525 1046/925/525 1056/925/525 1057/927/525
f 1065/923/525 1063/920/525 1073/920/525 1075/923/525
f 1055/923/525 1053/920/525 1063/920/525 1065/923/525
f 1062/905/525 1061/935/525 1071/935/525 1072/905/525
f 1059/931/525 1058/929/525 1068/929/525 1069/931/525
f 1056/925/525 1055/923/525 1065/923/525 1066/925/525
f 1054/904/525 1062/905/525 1072/905/525 1064/904/525
f 1060/933/525 1059/931/525 1069/931/525 1070/933/525
f 1057/927/525 1056/925/525 1066/925/525 1067/927/525
f 1053/920/525 1054/904/525 1064/904/525 1063/920/525
f 1061/935/525 1060/933/525 1070/933/525 1071/935/525
f 1082/905/525 1081/935/525 1091/935/525 1092/905/525
f 1072/905/525 1071/935/525 1081/935/525 1082/905/525
f 1069/931/525 1068/929/525 1078/929/525 1079/931/525
f 1066/925/525 1065/923/525 1075/923/525 1076/925/525
f 1064/904/525 1072/905/525 1082/905/525 1074/904/525
f 1070/933/525 1069/931/525 1079/931/525 1080/933/525
f 1067/927/525 1066/925/525 1076/925/525 1077/927/525
f 1063/920/525 1064/904/525 1074/904/525 1073/920/525
f 1071/935/525 1070/933/525 1080/933/525 1081/935/525
f 1068/929/525 1067/927/525 1077/927/525 1078/929/525
f 1086/925/524 1085/923/524 1105/923/524 1106/925/524
f 1079/931/525 1078/929/525 1088/929/525 1089/931/525
f 1076/925/525 1075/923/525 1085/923/525 1086/925/525
f 1074/904/525 1082/905/525 1092/905/525 1084/904/525
f 1080/933/525 1079/931/525 1089/931/525 1090/933/525
f 1077/927/525 1076/925/525 1086/925/525 1087/927/525
f 1073/920/525 1074/904/525 1084/904/525 1083/920/525
f 1081/935/525 1080/933/525 1090/933/525 1091/935/525
f 1078/929/525 1077/927/525 1087/927/525 1088/929/525
f 1075/923/525 1073/920/525 1083/920/525 1085/923/525
f 1102/938/526 1101/939/526 1131/939/526 1132/938/526
f 1084/904/521 1092/905/521 1112/905/521 1104/904/521
f 1090/933/518 1089/931/518 1109/931/518 1110/933/518
f 1087/927/526 1086/925/526 1106/925/526 1107/927/526
f 1083/920/522 1084/904/522 1104/904/522 1103/920/522
f 1091/935/519 1090/933/519 1110/933/519 1111/935/519
f 1088/929/527 1087/927/527 1107/927/527 1108/929/527
f 1085/923/523 1083/920/523 1103/920/523 1105/923/523
f 1092/905/520 1091/935/520 1111/935/520 1112/905/520
f 1089/931/517 1088/929/517 1108/929/517 1109/931/517
f 1094/940/525 1093/941/525 1103/920/525 1104/904/525
f 1093/941/525 1095/942/525 1105/923/525 1103/920/525
f 1095/942/525 1096/943/525 1106/925/525 1105/923/525
f 1096/943/525 1097/944/525 1107/927/525 1106/925/525
f 1097/944/525 1098/945/525 1108/929/525 1107/927/525
f 1098/945/525 1099/946/525 1109/931/525 1108/929/525
f 1099/946/525 1100/947/525 1110/933/525 1109/931/525
f 1100/947/525 1101/939/525 1111/935/525 1110/933/525
f 1101/939/525 1102/938/525 1112/905/525 1111/935/525
f 1102/938/525 1094/940/525 1104/904/525 1112/905/525
f 1114/948/521 1122/949/521 1142/949/521 1134/948/521
f 1099/946/522 1098/945/522 1128/945/522 1129/946/522
f 1096/943/519 1095/942/519 1125/942/519 1126/943/519
f 1094/940/527 1102/938/527 1132/938/527 1124/940/527
f 1100/947/523 1099/946/523 1129/946/523 1130/947/523
f 1097/944/520 1096/943/520 1126/943/520 1127/944/520
f 1093/941/517 1094/940/517 1124/940/517 1123/941/517
f 1101/939/524 1100/947/524 1130/947/524 1131/939/524
f 1098/945/521 1097/944/521 1127/944/521 1128/945/521
f 1095/942/518 1093/941/518 1123/941/518 1125/942/518
f 1114/948/525 1113/950/525 1123/941/525 1124/940/525
f 1113/950/525 1115/951/525 1125/942/525 1123/941/525
f 1115/951/525 1116/952/525 1126/943/525 1125/942/525
f 1116/952/525 1117/953/525 1127/944/525 1126/943/525
f 1117/953/525 1118/954/525 1128/945/525 1127/944/525
f 1118/954/525 1119/955/525 1129/946/525 1128/945/525
f 1119/955/525 1120/956/525 1130/947/525 1129/946/525
f 1120/956/525 1121/957/525 1131/939/525 1130/947/525
f 1121/957/525 1122/949/525 1132/938/525 1131/939/525
f 1122/949/525 1114/948/525 1124/940/525 1132/938/525
f 1140/956/525 1139/955/525 1159/955/525 1160/956/525
f 1120/956/518 1119/955/518 1139/955/518 1140/956/518
f 1117/953/526 1116/952/526 1136/952/526 1137/953/526
f 1113/950/522 1114/948/522 1134/948/522 1133/950/522
f 1121/957/519 1120/956/519 1140/956/519 1141/957/519
f 1118/954/527 1117/953/527 1137/953/527 1138/954/527
f 1115/951/523 1113/950/523 1133/950/523 1135/951/523
f 1122/949/520 1121/957/520 1141/957/520 1142/949/520
f 1119/955/517 1118/954/517 1138/954/517 1139/955/517
f 1116/952/524 1115/951/524 1135/951/524 1136/952/524
f 1150/958/523 1149/959/523 1176/959/523 1178/960/523
f 1137/953/525 1136/952/525 1156/952/525 1157/953/525
f 1133/950/525 1134/948/525 1154/948/525 1153/950/525
f 1141/957/525 1140/956/525 1160/956/525 1161/957/525
f 1138/954/525 1137/953/525 1157/953/525 1158/954/525
f 1135/951/525 1133/950/525 1153/950/525 1155/951/525
f 1142/949/525 1141/957/525 1161/957/525 1162/949/525
f 1139/955/525 1138/954/525 1158/954/525 1159/955/525
f 1136/952/525 1135/951/525 1155/951/525 1156/952/525
f 1134/948/525 1142/949/525 1162/949/525 1154/948/525
f 1144/961/525 1143/962/525 1153/950/525 1154/948/525
f 1143/962/525 1145/963/525 1155/951/525 1153/950/525
f 1145/963/525 1146/964/525 1156/952/525 1155/951/525
f 1146/964/525 1147/965/525 1157/953/525 1156/952/525
f 1147/965/525 1148/966/525 1158/954/525 1157/953/525
f 1148/966/525 1149/959/525 1159/955/525 1158/954/525
f 1149/959/525 1150/958/525 1160/956/525 1159/955/525
f 1150/958/525 1151/967/525 1161/957/525 1160/956/525
f 1151/967/525 1152/968/525 1162/949/525 1161/957/525
f 1152/968/525 1144/961/525 1154/948/525 1162/949/525
f 1145/963/518 1143/962/518 1164/962/518 1168/963/518
f 1147/965/520 1146/964/520 1170/964/520 1172/965/520
f 1146/964/519 1145/963/519 1168/963/519 1170/969/519
f 1151/967/524 1150/958/524 1178/958/524 1180/967/524
f 1148/966/521 1147/965/521 1172/965/521 1174/970/521
f 1163/971/525 1166/972/525 1181/973/525 1179/974/525 1177/975/525 1175/976/525 1173/977/525 1171/978/525 1169/979/525 1167/980/525
f 1152/968/526 1151/967/526 1180/967/526 1182/968/526
f 1149/959/522 1148/966/522 1174/966/522 1176/981/522
f 1144/961/527 1152/968/527 1182/982/527 1165/961/527
f 1164/962/529 1165/961/529 1166/972/529 1163/971/529
f 1168/963/530 1164/962/530 1163/971/530 1167/980/530
f 1170/969/531 1168/963/531 1167/980/531 1169/979/531
f 1172/965/532 1170/964/532 1169/979/532 1171/978/532
f 1174/970/533 1172/965/533 1171/978/533 1173/977/533
f 1176/981/534 1174/966/534 1173/977/534 1175/976/534
f 1178/960/535 1176/959/535 1175/976/535 1177/975/535
f 1180/967/536 1178/958/536 1177/975/536 1179/974/536
f 1182/968/537 1180/967/537 1179/974/537 1181/973/537
f 1165/961/538 1182/982/538 1181/973/538 1166/972/538
f 1143/962/517 1144/961/517 1165/961/517 1164/962/517
f 1183/886/539 1204/887/539 1203/888/539 1185/889/539
f 1185/889/540 1203/888/540 1205/890/540 1187/891/540
f 1187/891/541 1205/890/541 1206/892/541 1189/893/541
f 1189/893/542 1206/892/542 1207/894/542 1191/895/542
f 1191/895/543 1207/894/543 1208/896/543 1193/897/543
f 1193/897/544 1208/896/544 1209/898/544 1195/899/544
f 1195/899/545 1209/898/545 1210/900/545 1197/901/545
f 1197/901/546 1210/900/546 1211/902/546 1199/903/546
f 1184/904/525 1202/905/525 1222/905/525 1214/904/525
f 1199/903/547 1211/902/547 1212/906/547 1201/907/547
f 1201/907/548 1212/906/548 1204/908/548 1183/909/548
f 1183/910/549 1185/911/549 1187/912/549 1189/913/549 1191/914/549 1193/915/549 1195/916/549 1197/917/549 1199/918/549 1201/919/549
f 1184/904/550 1186/920/550 1203/921/550 1204/922/550
f 1186/920/550 1188/923/550 1205/924/550 1203/921/550
f 1188/923/550 1190/925/550 1206/926/550 1205/924/550
f 1190/925/550 1192/927/550 1207/928/550 1206/926/550
f 1192/927/550 1194/929/550 1208/930/550 1207/928/550
f 1194/929/550 1196/931/550 1209/932/550 1208/930/550
f 1196/931/550 1198/933/550 1210/934/550 1209/932/550
f 1198/933/550 1200/935/550 1211/936/550 1210/934/550
f 1200/935/550 1202/905/550 1212/937/550 1211/936/550
f 1202/905/550 1184/904/550 1204/922/550 1212/937/550
f 1220/933/525 1219/931/525 1229/931/525 1230/933/525
f 1198/933/525 1196/931/525 1219/931/525 1220/933/525
f 1192/927/525 1190/925/525 1216/925/525 1217/927/525
f 1186/920/525 1184/904/525 1214/904/525 1213/920/525
f 1200/935/525 1198/933/525 1220/933/525 1221/935/525
f 1194/929/525 1192/927/525 1217/927/525 1218/929/525
f 1188/923/525 1186/920/525 1213/920/525 1215/923/525
f 1202/905/525 1200/935/525 1221/935/525 1222/905/525
f 1196/931/525 1194/929/525 1218/929/525 1219/931/525
f 1190/925/525 1188/923/525 1215/923/525 1216/925/525
f 1227/927/525 1226/925/525 1236/925/525 1237/927/525
f 1217/927/525 1216/925/525 1226/925/525 1227/927/525
f 1213/920/525 1214/904/525 1224/904/525 1223/920/525
f 1221/935/525 1220/933/525 1230/933/525 1231/935/525
f 1218/929/525 1217/927/525 1227/927/525 1228/929/525
f 1215/923/525 1213/920/525 1223/920/525 1225/923/525
f 1222/905/525 1221/935/525 1231/935/525 1232/905/525
f 1219/931/525 1218/929/525 1228/929/525 1229/931/525
f 1216/925/525 1215/923/525 1225/923/525 1226/925/525
f 1214/904/525 1222/905/525 1232/905/525 1224/904/525
f 1233/920/525 1234/904/525 1244/904/525 1243/920/525
f 1223/920/525 1224/904/525 1234/904/525 1233/920/525
f 1231/935/525 1230/933/525 1240/933/525 1241/935/525
f 1228/929/525 1227/927/525 1237/927/525 1238/929/525
f 1225/923/525 1223/920/525 1233/920/525 1235/923/525
f 1232/905/525 1231/935/525 1241/935/525 1242/905/525
f 1229/931/525 1228/929/525 1238/929/525 1239/931/525
f 1226/925/525 1225/923/525 1235/923/525 1236/925/525
f 1224/904/525 1232/905/525 1242/905/525 1234/904/525
f 1230/933/525 1229/931/525 1239/931/525 1240/933/525
f 1248/929/525 1247/927/525 1257/927/525 1258/929/525
f 1241/935/525 1240/933/525 1250/933/525 1251/935/525
f 1238/929/525 1237/927/525 1247/927/525 1248/929/525
f 1235/923/525 1233/920/525 1243/920/525 1245/923/525
f 1242/905/525 1241/935/525 1251/935/525 1252/905/525
f 1239/931/525 1238/929/525 1248/929/525 1249/931/525
f 1236/925/525 1235/923/525 1245/923/525 1246/925/525
f 1234/904/525 1242/905/525 1252/905/525 1244/904/525
f 1240/933/525 1239/931/525 1249/931/525 1250/933/525
f 1237/927/525 1236/925/525 1246/925/525 1247/927/525
f 1255/923/525 1253/920/525 1263/920/525 1265/923/525
f 1245/923/525 1243/920/525 1253/920/525 1255/923/525
f 1252/905/525 1251/935/525 1261/935/525 1262/905/525
f 1249/931/525 1248/929/525 1258/929/525 1259/931/525
f 1246/925/525 1245/923/525 1255/923/525 1256/925/525
f 1244/904/525 1252/905/525 1262/905/525 1254/904/525
f 1250/933/525 1249/931/525 1259/931/525 1260/933/525
f 1247/927/525 1246/925/525 1256/925/525 1257/927/525
f 1243/920/525 1244/904/525 1254/904/525 1253/920/525
f 1251/935/525 1250/933/525 1260/933/525 1261/935/525
f 1272/905/525 1271/935/525 1281/935/525 1282/905/525
f 1262/905/525 1261/935/525 1271/935/525 1272/905/525
f 1259/931/525 1258/929/525 1268/929/525 1269/931/525
f 1256/925/525 1255/923/525 1265/923/525 1266/925/525
f 1254/904/525 1262/905/525 1272/905/525 1264/904/525
f 1260/933/525 1259/931/525 1269/931/525 1270/933/525
f 1257/927/525 1256/925/525 1266/925/525 1267/927/525
f 1253/920/525 1254/904/525 1264/904/525 1263/920/525
f 1261/935/525 1260/933/525 1270/933/525 1271/935/525
f 1258/929/525 1257/927/525 1267/927/525 1268/929/525
f 1276/925/546 1275/923/546 1295/923/546 1296/925/546
f 1269/931/525 1268/929/525 1278/929/525 1279/931/525
f 1266/925/525 1265/923/525 1275/923/525 1276/925/525
f 1264/904/525 1272/905/525 1282/905/525 1274/904/525
f 1270/933/525 1269/931/525 1279/931/525 1280/933/525
f 1267/927/525 1266/925/525 1276/925/525 1277/927/525
f 1263/920/525 1264/904/525 1274/904/525 1273/920/525
f 1271/935/525 1270/933/525 1280/933/525 1281/935/525
f 1268/929/525 1267/927/525 1277/927/525 1278/929/525
f 1265/923/525 1263/920/525 1273/920/525 1275/923/525
f 1292/938/547 1291/939/547 1321/939/547 1322/938/547
f 1274/904/543 1282/905/543 1302/905/543 1294/904/543
f 1280/933/540 1279/931/540 1299/931/540 1300/933/540
f 1277/927/547 1276/925/547 1296/925/547 1297/927/547
f 1273/920/544 1274/904/544 1294/904/544 1293/920/544
f 1281/935/541 1280/933/541 1300/933/541 1301/935/541
f 1278/929/548 1277/927/548 1297/927/548 1298/929/548
f 1275/923/545 1273/920/545 1293/920/545 1295/923/545
f 1282/905/542 1281/935/542 1301/935/542 1302/905/542
f 1279/931/539 1278/929/539 1298/929/539 1299/931/539
f 1284/940/550 1283/941/550 1293/920/550 1294/904/550
f 1283/941/550 1285/942/550 1295/923/550 1293/920/550
f 1285/942/550 1286/943/550 1296/925/550 1295/923/550
f 1286/943/550 1287/944/550 1297/927/550 1296/925/550
f 1287/944/550 1288/945/550 1298/929/550 1297/927/550
f 1288/945/550 1289/946/550 1299/931/550 1298/929/550
f 1289/946/550 1290/947/550 1300/933/550 1299/931/550
f 1290/947/550 1291/939/550 1301/935/550 1300/933/550
f 1291/939/550 1292/938/550 1302/905/550 1301/935/550
f 1292/938/550 1284/940/550 1294/904/550 1302/905/550
f 1304/948/543 1312/949/543 1332/949/543 1324/948/543
f 1289/946/544 1288/945/544 1318/945/544 1319/946/544
f 1286/943/541 1285/942/541 1315/942/541 1316/943/541
f 1284/940/548 1292/938/548 1322/938/548 1314/940/548
f 1290/947/545 1289/946/545 1319/946/545 1320/947/545
f 1287/944/542 1286/943/542 1316/943/542 1317/944/542
f 1283/941/539 1284/940/539 1314/940/539 1313/941/539
f 1291/939/546 1290/947/546 1320/947/546 1321/939/546
f 1288/945/543 1287/944/543 1317/944/543 1318/945/543
f 1285/942/540 1283/941/540 1313/941/540 1315/942/540
f 1304/948/550 1303/950/550 1313/941/550 1314/940/550
f 1303/950/550 1305/951/550 1315/942/550 1313/941/550
f 1305/951/550 1306/952/550 1316/943/550 1315/942/550
f 1306/952/550 1307/953/550 1317/944/550 1316/943/550
f 1307/953/550 1308/954/550 1318/945/550 1317/944/550
f 1308/954/550 1309/955/550 1319/946/550 1318/945/550
f 1309/955/550 1310/956/550 1320/947/550 1319/946/550
f 1310/956/550 1311/957/550 1321/939/550 1320/947/550
f 1311/957/550 1312/949/550 1322/938/550 1321/939/550
f 1312/949/550 1304/948/550 1314/940/550 1322/938/550
f 1330/956/525 1329/955/525 1349/955/525 1350/956/525
f 1310/956/540 1309/955/540 1329/955/540 1330/956/540
f 1307/953/547 1306/952/547 1326/952/547 1327/953/547
f 1303/950/544 1304/948/544 1324/948/544 1323/950/544
f 1311/957/541 1310/956/541 1330/956/541 1331/957/541
f 1308/954/548 1307/953/548 1327/953/548 1328/954/548
f 1305/951/545 1303/950/545 1323/950/545 1325/951/545
f 1312/949/542 1311/957/542 1331/957/542 1332/949/542
f 1309/955/539 1308/954/539 1328/954/539 1329/955/539
f 1306/952/546 1305/951/546 1325/951/546 1326/952/546
f 1340/958/545 1339/959/545 1366/959/545 1368/960/545
f 1327/953/525 1326/952/525 1346/952/525 1347/953/525
f 1323/950/525 1324/948/525 1344/948/525 1343/950/525
f 1331/957/525 1330/956/525 1350/956/525 1351/957/525
f 1328/954/525 1327/953/525 1347/953/525 1348/954/525
f 1325/951/525 1323/950/525 1343/950/525 1345/951/525
f 1332/949/525 1331/957/525 1351/957/525 1352/949/525
f 1329/955/525 1328/954/525 1348/954/525 1349/955/525
f 1326/952/525 1325/951/525 1345/951/525 1346/952/525
f 1324/948/525 1332/949/525 1352/949/525 1344/948/525
f 1334/961/550 1333/962/550 1343/950/550 1344/948/550
f 1333/962/550 1335/963/550 1345/951/550 1343/950/550
f 1335/963/550 1336/964/550 1346/952/550 1345/951/550
f 1336/964/550 1337/965/550 1347/953/550 1346/952/550
f 1337/965/550 1338/966/550 1348/954/550 1347/953/550
f 1338/966/550 1339/959/550 1349/955/550 1348/954/550
f 1339/959/550 1340/958/550 1350/956/550 1349/955/550
f 1340/958/550 1341/967/550 1351/957/550 1350/956/550
f 1341/967/550 1342/968/550 1352/949/550 1351/957/550
f 1342/968/550 1334/961/550 1344/948/550 1352/949/550
f 1335/963/540 1333/962/540 1354/962/540 1358/963/540
f 1337/965/542 1336/964/542 1360/964/542 1362/965/542
f 1336/964/541 1335/963/541 1358/963/541 1360/969/541
f 1341/967/546 1340/958/546 1368/958/546 1370/967/546
f 1338/966/543 1337/965/543 1362/965/543 1364/970/543
f 1353/971/550 1356/972/550 1371/973/550 1369/974/550 1367/975/550 1365/976/550 1363/977/550 1361/978/550 1359/979/550 1357/980/550
f 1342/968/547 1341/967/547 1370/967/547 1372/968/547
f 1339/959/544 1338/966/544 1364/966/544 1366/981/544
f 1334/961/548 1342/968/548 1372/982/548 1355/961/548
f 1354/962/551 1355/961/551 1356/972/551 1353/971/551
f 1358/963/552 1354/962/552 1353/971/552 1357/980/552
f 1360/969/553 1358/963/553 1357/980/553 1359/979/553
f 1362/965/554 1360/964/554 1359/979/554 1361/978/554
f 1364/970/555 1362/965/555 1361/978/555 1363/977/555
f 1366/981/556 1364/966/556 1363/977/556 1365/976/556
f 1368/960/557 1366/959/557 1365/976/557 1367/975/557
f 1370/967/558 1368/958/558 1367/975/558 1369/974/558
f 1372/968/559 1370/967/559 1369/974/559 1371/973/559
f 1355/961/560 1372/982/560 1371/973/560 1356/972/560
f 1333/962/539 1334/961/539 1355/961/539 1354/962/539
f 1373/886/561 1394/887/561 1393/888/561 1375/889/561
f 1375/889/562 1393/888/562 1395/890/562 1377/891/562
f 1377/891/563 1395/890/563 1396/892/563 1379/893/563
f 1379/893/564 1396/892/564 1397/894/564 1381/895/564
f 1381/895/565 1397/894/565 1398/896/565 1383/897/565
f 1383/897/566 1398/896/566 1399/898/566 1385/899/566
f 1385/899/567 1399/898/567 1400/900/567 1387/901/567
f 1387/901/568 1400/900/568 1401/902/568 1389/903/568
f 1374/904/525 1392/905/525 1412/905/525 1404/904/525
f 1389/903/569 1401/902/569 1402/906/569 1391/907/569
f 1391/907/570 1402/906/570 1394/908/570 1373/909/570
f 1373/910/571 1375/911/571 1377/912/571 1379/913/571 1381/914/571 1383/915/571 1385/916/571 1387/917/571 1389/918/571 1391/919/571
f 1374/904/572 1376/920/572 1393/921/572 1394/922/572
f 1376/920/572 1378/923/572 1395/924/572 1393/921/572
f 1378/923/572 1380/925/572 1396/926/572 1395/924/572
f 1380/925/572 1382/927/572 1397/928/572 1396/926/572
f 1382/927/572 1384/929/572 1398/930/572 1397/928/572
f 1384/929/572 1386/931/572 1399/932/572 1398/930/572
f 1386/931/572 1388/933/572 1400/934/572 1399/932/572
f 1388/933/572 1390/935/572 1401/936/572 1400/934/572
f 1390/935/572 1392/905/572 1402/937/572 1401/936/572
f 1392/905/572 1374/904/572 1394/922/572 1402/937/572
f 1410/933/525 1409/931/525 1419/931/525 1420/933/525
f 1388/933/525 1386/931/525 1409/931/525 1410/933/525
f 1382/927/525 1380/925/525 1406/925/525 1407/927/525
f 1376/920/525 1374/904/525 1404/904/525 1403/920/525
f 1390/935/525 1388/933/525 1410/933/525 1411/935/525
f 1384/929/525 1382/927/525 1407/927/525 1408/929/525
f 1378/923/525 1376/920/525 1403/920/525 1405/923/525
f 1392/905/525 1390/935/525 1411/935/525 1412/905/525
f 1386/931/525 1384/929/525 1408/929/525 1409/931/525
f 1380/925/525 1378/923/525 1405/923/525 1406/925/525
f 1417/927/525 1416/925/525 1426/925/525 1427/927/525
f 1407/927/525 1406/925/525 1416/925/525 1417/927/525
f 1403/920/525 1404/904/525 1414/904/525 1413/920/525
f 1411/935/525 1410/933/525 1420/933/525 1421/935/525
f 1408/929/525 1407/927/525 1417/927/525 1418/929/525
f 1405/923/525 1403/920/525 1413/920/525 1415/923/525
f 1412/905/525 1411/935/525 1421/935/525 1422/905/525
f 1409/931/525 1408/929/525 1418/929/525 1419/931/525
f 1406/925/525 1405/923/525 1415/923/525 1416/925/525
f 1404/904/525 1412/905/525 1422/905/525 1414/904/525
f 1423/920/525 1424/904/525 1434/904/525 1433/920/525
f 1413/920/525 1414/904/525 1424/904/525 1423/920/525
f 1421/935/525 1420/933/525 1430/933/525 1431/935/525
f 1418/929/525 1417/927/525 1427/927/525 1428/929/525
f 1415/923/525 1413/920/525 1423/920/525 1425/923/525
f 1422/905/525 1421/935/525 1431/935/525 1432/905/525
f 1419/931/525 1418/929/525 1428/929/525 1429/931/525
f 1416/925/525 1415/923/525 1425/923/525 1426/925/525
f 1414/904/525 1422/905/525 1432/905/525 1424/904/525
f 1420/933/525 1419/931/525 1429/931/525 1430/933/525
f 1438/929/525 1437/927/525 1447/927/525 1448/929/525
f 1431/935/525 1430/933/525 1440/933/525 1441/935/525
f 1428/929/525 1427/927/525 1437/927/525 1438/929/525
f 1425/923/525 1423/920/525 1433/920/525 1435/923/525
f 1432/905/525 1431/935/525 1441/935/525 1442/905/525
f 1429/931/525 1428/929/525 1438/929/525 1439/931/525
f 1426/925/525 1425/923/525 1435/923/525 1436/925/525
f 1424/904/525 1432/905/525 1442/905/525 1434/904/525
f 1430/933/525 1429/931/525 1439/931/525 1440/933/525
f 1427/927/525 1426/925/525 1436/925/525 1437/927/525
f 1445/923/525 1443/920/525 1453/920/525 1455/923/525
f 1435/923/525 1433/920/525 1443/920/525 1445/923/525
f 1442/905/525 1441/935/525 1451/935/525 1452/905/525
f 1439/931/525 1438/929/525 1448/929/525 1449/931/525
f 1436/925/525 1435/923/525 1445/923/525 1446/925/525
f 1434/904/525 1442/905/525 1452/905/525 1444/904/525
f 1440/933/525 1439/931/525 1449/931/525 1450/933/525
f 1437/927/525 1436/925/525 1446/925/525 1447/927/525
f 1433/920/525 1434/904/525 1444/904/525 1443/920/525
f 1441/935/525 1440/933/525 1450/933/525 1451/935/525
f 1462/905/525 1461/935/525 1471/935/525 1472/905/525
f 1452/905/525 1451/935/525 1461/935/525 1462/905/525
f 1449/931/525 1448/929/525 1458/929/525 1459/931/525
f 1446/925/525 1445/923/525 1455/923/525 1456/925/525
f 1444/904/525 1452/905/525 1462/905/525 1454/904/525
f 1450/933/525 1449/931/525 1459/931/525 1460/933/525
f 1447/927/525 1446/925/525 1456/925/525 1457/927/525
f 1443/920/525 1444/904/525 1454/904/525 1453/920/525
f 1451/935/525 1450/933/525 1460/933/525 1461/935/525
f 1448/929/525 1447/927/525 1457/927/525 1458/929/525
f 1466/925/568 1465/923/568 1485/923/568 1486/925/568
f 1459/931/525 1458/929/525 1468/929/525 1469/931/525
f 1456/925/525 1455/923/525 1465/923/525 1466/925/525
f 1454/904/525 1462/905/525 1472/905/525 1464/904/525
f 1460/933/525 1459/931/525 1469/931/525 1470/933/525
f 1457/927/525 1456/925/525 1466/925/525 1467/927/525
f 1453/920/525 1454/904/525 1464/904/525 1463/920/525
f 1461/935/525 1460/933/525 1470/933/525 1471/935/525
f 1458/929/525 1457/927/525 1467/927/525 1468/929/525
f 1455/923/525 1453/920/525 1463/920/525 1465/923/525
f 1482/938/569 1481/939/569 1511/939/569 1512/938/569
f 1464/904/565 1472/905/565 1492/905/565 1484/904/565
f 1470/933/562 1469/931/562 1489/931/562 1490/933/562
f 1467/927/569 1466/925/569 1486/925/569 1487/927/569
f 1463/920/566 1464/904/566 1484/904/566 1483/920/566
f 1471/935/563 1470/933/563 1490/933/563 1491/935/563
f 1468/929/570 1467/927/570 1487/927/570 1488/929/570
f 1465/923/567 1463/920/567 1483/920/567 1485/923/567
f 1472/905/564 1471/935/564 1491/935/564 1492/905/564
f 1469/931/561 1468/929/561 1488/929/561 1489/931/561
f 1474/940/572 1473/941/572 1483/920/572 1484/904/572
f 1473/941/572 1475/942/572 1485/923/572 1483/920/572
f 1475/942/572 1476/943/572 1486/925/572 1485/923/572
f 1476/943/572 1477/944/572 1487/927/572 1486/925/572
f 1477/944/572 1478/945/572 1488/929/572 1487/927/572
f 1478/945/572 1479/946/572 1489/931/572 1488/929/572
f 1479/946/572 1480/947/572 1490/933/572 1489/931/572
f 1480/947/572 1481/939/572 1491/935/572 1490/933/572
f 1481/939/572 1482/938/572 1492/905/572 1491/935/572
f 1482/938/572 1474/940/572 1484/904/572 1492/905/572
f 1494/948/565 1502/949/565 1522/949/565 1514/948/565
f 1479/946/566 1478/945/566 1508/945/566 1509/946/566
f 1476/943/563 1475/942/563 1505/942/563 1506/943/563
f 1474/940/570 1482/938/570 1512/938/570 1504/940/570
f 1480/947/567 1479/946/567 1509/946/567 1510/947/567
f 1477/944/564 1476/943/564 1506/943/564 1507/944/564
f 1473/941/561 1474/940/561 1504/940/561 1503/941/561
f 1481/939/568 1480/947/568 1510/947/568 1511/939/568
f 1478/945/565 1477/944/565 1507/944/565 1508/945/565
f 1475/942/562 1473/941/562 1503/941/562 1505/942/562
f 1494/948/572 1493/950/572 1503/941/572 1504/940/572
f 1493/950/572 1495/951/572 1505/942/572 1503/941/572
f 1495/951/572 1496/952/572 1506/943/572 1505/942/572
f 1496/952/572 1497/953/572 1507/944/572 1506/943/572
f 1497/953/572 1498/954/572 1508/945/572 1507/944/572
f 1498/954/572 1499/955/572 1509/946/572 1508/945/572
f 1499/955/572 1500/956/572 1510/947/572 1509/946/572
f 1500/956/572 1501/957/572 1511/939/572 1510/947/572
f 1501/957/572 1502/949/572 1512/938/572 1511/939/572
f 1502/949/572 1494/948/572 1504/940/572 1512/938/572
f 1520/956/525 1519/955/525 1539/955/525 1540/956/525
f 1500/956/562 1499/955/562 1519/955/562 1520/956/562
f 1497/953/569 1496/952/569 1516/952/569 1517/953/569
f 1493/950/566 1494/948/566 1514/948/566 1513/950/566
f 1501/957/563 1500/956/563 1520/956/563 1521/957/563
f 1498/954/570 1497/953/570 1517/953/570 1518/954/570
f 1495/951/567 1493/950/567 1513/950/567 1515/951/567
f 1502/949/564 1501/957/564 1521/957/564 1522/949/564
f 1499/955/561 1498/954/561 1518/954/561 1519/955/561
f 1496/952/568 1495/951/568 1515/951/568 1516/952/568
f 1530/958/567 1529/959/567 1556/959/567 1558/960/567
f 1517/953/525 1516/952/525 1536/952/525 1537/953/525
f 1513/950/525 1514/948/525 1534/948/525 1533/950/525
f 1521/957/525 1520/956/525 1540/956/525 1541/957/525
f 1518/954/525 1517/953/525 1537/953/525 1538/954/525
f 1515/951/525 1513/950/525 1533/950/525 1535/951/525
f 1522/949/525 1521/957/525 1541/957/525 1542/949/525
f 1519/955/525 1518/954/525 1538/954/525 1539/955/525
f 1516/952/525 1515/951/525 1535/951/525 1536/952/525
f 1514/948/525 1522/949/525 1542/949/525 1534/948/525
f 1524/961/572 1523/962/572 1533/950/572 1534/948/572
f 1523/962/572 1525/963/572 1535/951/572 1533/950/572
f 1525/963/572 1526/964/572 1536/952/572 1535/951/572
f 1526/964/572 1527/965/572 1537/953/572 1536/952/572
f 1527/965/572 1528/966/572 1538/954/572 1537/953/572
f 1528/966/572 1529/959/572 1539/955/572 1538/954/572
f 1529/959/572 1530/958/572 1540/956/572 1539/955/572
f 1530/958/572 1531/967/572 1541/957/572 1540/956/572
f 1531/967/572 1532/968/572 1542/949/572 1541/957/572
f 1532/968/572 1524/961/572 1534/948/572 1542/949/572
f 1525/963/562 1523/962/562 1544/962/562 1548/963/562
f 1527/965/564 1526/964/564 1550/964/564 1552/965/564
f 1526/964/563 1525/963/563 1548/963/563 1550/969/563
f 1531/967/568 1530/958/568 1558/958/568 1560/967/568
f 1528/966/565 1527/965/565 1552/965/565 1554/970/565
f 1543/971/572 1546/972/572 1561/973/572 1559/974/572 1557/975/572 1555/976/572 1553/977/572 1551/978/572 1549/979/572 1547/980/572
f 1532/968/569 1531/967/569 1560/967/569 1562/968/569
f 1529/959/566 1528/966/566 1554/966/566 1556/981/566
f 1524/961/570 1532/968/570 1562/982/570 1545/961/570
f 1544/962/573 1545/961/573 1546/972/573 1543/971/573
f 1548/963/574 1544/962/574 1543/971/574 1547/980/574
f 1550/969/575 1548/963/575 1547/980/575 1549/979/575
f 1552/965/576 1550/964/576 1549/979/576 1551/978/576
f 1554/970/577 1552/965/577 1551/978/577 1553/977/577
f 1556/981/578 1554/966/578 1553/977/578 1555/976/578
f 1558/960/579 1556/959/579 1555/976/579 1557/975/579
f 1560/967/580 1558/958/580 1557/975/580 1559/974/580
f 1562/968/581 1560/967/581 1559/974/581 1561/973/581
f 1545/961/582 1562/982/582 1561/973/582 1546/972/582
f 1523/962/561 1524/961/561 1545/961/561 1544/962/561
f 1563/886/583 1584/887/583 1583/888/583 1565/889/583
f 1565/889/584 1583/888/584 1585/890/584 1567/891/584
f 1567/891/585 1585/890/585 1586/892/585 1569/893/585
f 1569/893/586 1586/892/586 1587/894/586 1571/895/586
f 1571/895/587 1587/894/587 1588/896/587 1573/897/587
f 1573/897/588 1588/896/588 1589/898/588 1575/899/588
f 1575/899/589 1589/898/589 1590/900/589 1577/901/589
f 1577/901/590 1590/900/590 1591/902/590 1579/903/590
f 1564/904/525 1582/905/525 1602/905/525 1594/904/525
f 1579/903/591 1591/902/591 1592/906/591 1581/907/591
f 1581/907/592 1592/906/592 1584/908/592 1563/909/592
f 1563/910/593 1565/911/593 1567/912/593 1569/913/593 1571/914/593 1573/915/593 1575/916/593 1577/917/593 1579/918/593 1581/919/593
f 1564/904/594 1566/920/594 1583/921/594 1584/922/594
f 1566/920/594 1568/923/594 1585/924/594 1583/921/594
f 1568/923/594 1570/925/594 1586/926/594 1585/924/594
f 1570/925/594 1572/927/594 1587/928/594 1586/926/594
f 1572/927/594 1574/929/594 1588/930/594 1587/928/594
f 1574/929/594 1576/931/594 1589/932/594 1588/930/594
f 1576/931/594 1578/933/594 1590/934/594 1589/932/594
f 1578/933/594 1580/935/594 1591/936/594 1590/934/594
f 1580/935/594 1582/905/594 1592/937/594 1591/936/594
f 1582/905/594 1564/904/594 1584/922/594 1592/937/594
f 1600/933/525 1599/931/525 1609/931/525 1610/933/525
f 1578/933/525 1576/931/525 1599/931/525 1600/933/525
f 1572/927/525 1570/925/525 1596/925/525 1597/927/525
f 1566/920/525 1564/904/525 1594/904/525 1593/920/525
f 1580/935/525 1578/933/525 1600/933/525 1601/935/525
f 1574/929/525 1572/927/525 1597/927/525 1598/929/525
f 1568/923/525 1566/920/525 1593/920/525 1595/923/525
f 1582/905/525 1580/935/525 1601/935/525 1602/905/525
f 1576/931/525 1574/929/525 1598/929/525 1599/931/525
f 1570/925/525 1568/923/525 1595/923/525 1596/925/525
f 1607/927/525 1606/925/525 1616/925/525 1617/927/525
f 1597/927/525 1596/925/525 1606/925/525 1607/927/525
f 1593/920/525 1594/904/525 1604/904/525 1603/920/525
f 1601/935/525 1600/933/525 1610/933/525 1611/935/525
f 1598/929/525 1597/927/525 1607/927/525 1608/929/525
f 1595/923/525 1593/920/525 1603/920/525 1605/923/525
f 1602/905/525 1601/935/525 1611/935/525 1612/905/525
f 1599/931/525 1598/929/525 1608/929/525 1609/931/525
f 1596/925/525 1595/923/525 1605/923/525 1606/925/525
f 1594/904/525 1602/905/525 1612/905/525 1604/904/525
f 1613/920/525 1614/904/525 1624/904/525 1623/920/525
f 1603/920/525 1604/904/525 1614/904/525 1613/920/525
f 1611/935/525 1610/933/525 1620/933/525 1621/935/525
f 1608/929/525 1607/927/525 1617/927/525 1618/929/525
f 1605/923/525 1603/920/525 1613/920/525 1615/923/525
f 1612/905/525 1611/935/525 1621/935/525 1622/905/525
f 1609/931/525 1608/929/525 1618/929/525 1619/931/525
f 1606/925/525 1605/923/525 1615/923/525 1616/925/525
f 1604/904/525 1612/905/525 1622/905/525 1614/904/525
f 1610/933/525 1609/931/525 1619/931/525 1620/933/525
f 1628/929/525 1627/927/525 1637/927/525 1638/929/525
f 1621/935/525 1620/933/525 1630/933/525 1631/935/525
f 1618/929/525 1617/927/525 1627/927/525 1628/929/525
f 1615/923/525 1613/920/525 1623/920/525 1625/923/525
f 1622/905/525 1621/935/525 1631/935/525 1632/905/525
f 1619/931/525 1618/929/525 1628/929/525 1629/931/525
f 1616/925/525 1615/923/525 1625/923/525 1626/925/525
f 1614/904/525 1622/905/525 1632/905/525 1624/904/525
f 1620/933/525 1619/931/525 1629/931/525 1630/933/525
f 1617/927/525 1616/925/525 1626/925/525 1627/927/525
f 1635/923/525 1633/920/525 1643/920/525 1645/923/525
f 1625/923/525 1623/920/525 1633/920/525 1635/923/525
f 1632/905/525 1631/935/525 1641/935/525 1642/905/525
f 1629/931/525 1628/929/525 1638/929/525 1639/931/525
f 1626/925/525 1625/923/525 1635/923/525 1636/925/525
f 1624/904/525 1632/905/525 1642/905/525 1634/904/525
f 1630/933/525 1629/931/525 1639/931/525 1640/933/525
f 1627/927/525 1626/925/525 1636/925/525 1637/927/525
f 1623/920/525 1624/904/525 1634/904/525 1633/920/525
f 1631/935/525 1630/933/525 1640/933/525 1641/935/525
f 1652/905/525 1651/935/525 1661/935/525 1662/905/525
f 1642/905/525 1641/935/525 1651/935/525 1652/905/525
f 1639/931/525 1638/929/525 1648/929/525 1649/931/525
f 1636/925/525 1635/923/525 1645/923/525 1646/925/525
f 1634/904/525 1642/905/525 1652/905/525 1644/904/525
f 1640/933/525 1639/931/525 1649/931/525 1650/933/525
f 1637/927/525 1636/925/525 1646/925/525 1647/927/525
f 1633/920/525 1634/904/525 1644/904/525 1643/920/525
f 1641/935/525 1640/933/525 1650/933/525 1651/935/525
f 1638/929/525 1637/927/525 1647/927/525 1648/929/525
f 1656/925/590 1655/923/590 1675/923/590 1676/925/590
f 1649/931/525 1648/929/525 1658/929/525 1659/931/525
f 1646/925/525 1645/923/525 1655/923/525 1656/925/525
f 1644/904/525 1652/905/525 1662/905/525 1654/904/525
f 1650/933/525 1649/931/525 1659/931/525 1660/933/525
f 1647/927/525 1646/925/525 1656/925/525 1657/927/525
f 1643/920/525 1644/904/525 1654/904/525 1653/920/525
f 1651/935/525 1650/933/525 1660/933/525 1661/935/525
f 1648/929/525 1647/927/525 1657/927/525 1658/929/525
f 1645/923/525 1643/920/525 1653/920/525 1655/923/525
f 1672/938/591 1671/939/591 1701/939/591 1702/938/591
f 1654/904/587 1662/905/587 1682/905/587 1674/904/587
f 1660/933/595 1659/931/595 1679/931/595 1680/933/595
f 1657/927/591 1656/925/591 1676/925/591 1677/927/591
f 1653/920/588 1654/904/588 1674/904/588 1673/920/588
f 1661/935/585 1660/933/585 1680/933/585 1681/935/585
f 1658/929/592 1657/927/592 1677/927/592 1678/929/592
f 1655/923/589 1653/920/589 1673/920/589 1675/923/589
f 1662/905/586 1661/935/586 1681/935/586 1682/905/586
f 1659/931/583 1658/929/583 1678/929/583 1679/931/583
f 1664/940/594 1663/941/594 1673/920/594 1674/904/594
f 1663/941/594 1665/942/594 1675/923/594 1673/920/594
f 1665/942/594 1666/943/594 1676/925/594 1675/923/594
f 1666/943/594 1667/944/594 1677/927/594 1676/925/594
f 1667/944/594 1668/945/594 1678/929/594 1677/927/594
f 1668/945/594 1669/946/594 1679/931/594 1678/929/594
f 1669/946/594 1670/947/594 1680/933/594 1679/931/594
f 1670/947/594 1671/939/594 1681/935/594 1680/933/594
f 1671/939/594 1672/938/594 1682/905/594 1681/935/594
f 1672/938/594 1664/940/594 1674/904/594 1682/905/594
f 1684/948/587 1692/949/587 1712/949/587 1704/948/587
f 1669/946/588 1668/945/588 1698/945/588 1699/946/588
f 1666/943/585 1665/942/585 1695/942/585 1696/943/585
f 1664/940/592 1672/938/592 1702/938/592 1694/940/592
f 1670/947/589 1669/946/589 1699/946/589 1700/947/589
f 1667/944/586 1666/943/586 1696/943/586 1697/944/586
f 1663/941/583 1664/940/583 1694/940/583 1693/941/583
f 1671/939/590 1670/947/590 1700/947/590 1701/939/590
f 1668/945/587 1667/944/587 1697/944/587 1698/945/587
f 1665/942/584 1663/941/584 1693/941/584 1695/942/584
f 1684/948/594 1683/950/594 1693/941/594 1694/940/594
f 1683/950/594 1685/951/594 1695/942/594 1693/941/594
f 1685/951/594 1686/952/594 1696/943/594 1695/942/594
f 1686/952/594 1687/953/594 1697/944/594 1696/943/594
f 1687/953/594 1688/954/594 1698/945/594 1697/944/594
f 1688/954/594 1689/955/594 1699/946/594 1698/945/594
f 1689/955/594 1690/956/594 1700/947/594 1699/946/594
f 1690/956/594 1691/957/594 1701/939/594 1700/947/594
f 1691/957/594 1692/949/594 1702/938/594 1701/939/594
f 1692/949/594 1684/948/594 1694/940/594 1702/938/594
f 1710/956/525 1709/955/525 1729/955/525 1730/956/525
f 1690/956/584 1689/955/584 1709/955/584 1710/956/584
f 1687/953/591 1686/952/591 1706/952/591 1707/953/591
f 1683/950/588 1684/948/588 1704/948/588 1703/950/588
f 1691/957/585 1690/956/585 1710/956/585 1711/957/585
f 1688/954/592 1687/953/592 1707/953/592 1708/954/592
f 1685/951/589 1683/950/589 1703/950/589 1705/951/589
f 1692/949/586 1691/957/586 1711/957/586 1712/949/586
f 1689/955/583 1688/954/583 1708/954/583 1709/955/583
f 1686/952/590 1685/951/590 1705/951/590 1706/952/590
f 1720/958/589 1719/959/589 1746/959/589 1748/960/589
f 1707/953/525 1706/952/525 1726/952/525 1727/953/525
f 1703/950/525 1704/948/525 1724/948/525 1723/950/525
f 1711/957/525 1710/956/525 1730/956/525 1731/957/525
f 1708/954/525 1707/953/525 1727/953/525 1728/954/525
f 1705/951/525 1703/950/525 1723/950/525 1725/951/525
f 1712/949/525 1711/957/525 1731/957/525 1732/949/525
f 1709/955/525 1708/954/525 1728/954/525 1729/955/525
f 1706/952/525 1705/951/525 1725/951/525 1726/952/525
f 1704/948/525 1712/949/525 1732/949/525 1724/948/525
f 1714/961/594 1713/962/594 1723/950/594 1724/948/594
f 1713/962/594 1715/963/594 1725/951/594 1723/950/594
f 1715/963/594 1716/964/594 1726/952/594 1725/951/594
f 1716/964/594 1717/965/594 1727/953/594 1726/952/594
f 1717/965/594 1718/966/594 1728/954/594 1727/953/594
f 1718/966/594 1719/959/594 1729/955/594 1728/954/594
f 1719/959/594 1720/958/594 1730/956/594 1729/955/594
f 1720/958/594 1721/967/594 1731/957/594 1730/956/594
f 1721/967/594 1722/968/594 1732/949/594 1731/957/594
f 1722/968/594 1714/961/594 1724/948/594 1732/949/594
f 1715/963/584 1713/962/584 1734/962/584 1738/963/584
f 1717/965/586 1716/964/586 1740/964/586 1742/965/586
f 1716/964/585 1715/963/585 1738/963/585 1740/969/585
f 1721/967/590 1720/958/590 1748/958/590 1750/967/590
f 1718/966/587 1717/965/587 1742/965/587 1744/970/587
f 1733/971/594 1736/972/594 1751/973/594 1749/974/594 1747/975/594 1745/976/594 1743/977/594 1741/978/594 1739/979/594 1737/980/594
f 1722/968/591 1721/967/591 1750/967/591 1752/968/591
f 1719/959/588 1718/966/588 1744/966/588 1746/981/588
f 1714/961/592 1722/968/592 1752/982/592 1735/961/592
f 1734/962/596 1735/961/596 1736/972/596 1733/971/596
f 1738/963/597 1734/962/597 1733/971/597 1737/980/597
f 1740/969/598 1738/963/598 1737/980/598 1739/979/598
f 1742/965/599 1740/964/599 1739/979/599 1741/978/599
f 1744/970/600 1742/965/600 1741/978/600 1743/977/600
f 1746/981/601 1744/966/601 1743/977/601 1745/976/601
f 1748/960/602 1746/959/602 1745/976/602 1747/975/602
f 1750/967/603 1748/958/603 1747/975/603 1749/974/603
f 1752/968/604 1750/967/604 1749/974/604 1751/973/604
f 1735/961/605 1752/982/605 1751/973/605 1736/972/605
f 1713/962/583 1714/961/583 1735/961/583 1734/962/583
f 1753/886/606 1755/889/606 1773/888/606 1774/887/606
f 1755/889/607 1757/891/607 1775/890/607 1773/888/607
f 1757/891/608 1759/893/608 1776/892/608 1775/890/608
f 1759/893/609 1761/895/609 1777/894/609 1776/892/609
f 1761/895/610 1763/897/610 1778/896/610 1777/894/610
f 1763/897/611 1765/899/611 1779/898/611 1778/896/611
f 1765/899/612 1767/901/612 1780/900/612 1779/898/612
f 1767/901/613 1769/903/613 1781/902/613 1780/900/613
f 1754/904/525 1784/904/525 1792/905/525 1772/905/525
f 1769/903/614 1771/907/614 1782/906/614 1781/902/614
f 1771/907/615 1753/909/615 1774/908/615 1782/906/615
f 1753/910/616 1771/919/616 1769/918/616 1767/917/616 1765/916/616 1763/915/616 1761/914/616 1759/913/616 1757/912/616 1755/911/616
f 1754/904/617 1774/922/617 1773/921/617 1756/920/617
f 1756/920/617 1773/921/617 1775/924/617 1758/923/617
f 1758/923/617 1775/924/617 1776/926/617 1760/925/617
f 1760/925/617 1776/926/617 1777/928/617 1762/927/617
f 1762/927/617 1777/928/617 1778/930/617 1764/929/617
f 1764/929/617 1778/930/617 1779/932/617 1766/931/617
f 1766/931/617 1779/932/617 1780/934/617 1768/933/617
f 1768/933/617 1780/934/617 1781/936/617 1770/935/617
f 1770/935/617 1781/936/617 1782/937/617 1772/905/617
f 1772/905/617 1782/937/617 1774/922/617 1754/904/617
f 1790/933/525 1800/933/525 1799/931/525 1789/931/525
f 1768/933/525 1790/933/525 1789/931/525 1766/931/525
f 1762/927/525 1787/927/525 1786/925/525 1760/925/525
f 1756/920/525 1783/920/525 1784/904/525 1754/904/525
f 1770/935/525 1791/935/525 1790/933/525 1768/933/525
f 1764/929/525 1788/929/525 1787/927/525 1762/927/525
f 1758/923/525 1785/923/525 1783/920/525 1756/920/525
f 1772/905/525 1792/905/525 1791/935/525 1770/935/525
f 1766/931/525 1789/931/525 1788/929/525 1764/929/525
f 1760/925/525 1786/925/525 1785/923/525 1758/923/525
f 1797/927/525 1807/927/525 1806/925/525 1796/925/525
f 1787/927/525 1797/927/525 1796/925/525 1786/925/525
f 1783/920/525 1793/920/525 1794/904/525 1784/904/525
f 1791/935/525 1801/935/525 1800/933/525 1790/933/525
f 1788/929/525 1798/929/525 1797/927/525 1787/927/525
f 1785/923/525 1795/923/525 1793/920/525 1783/920/525
f 1792/905/525 1802/905/525 1801/935/525 1791/935/525
f 1789/931/525 1799/931/525 1798/929/525 1788/929/525
f 1786/925/525 1796/925/525 1795/923/525 1785/923/525
f 1784/904/525 1794/904/525 1802/905/525 1792/905/525
f 1803/920/525 1813/920/525 1814/904/525 1804/904/525
f 1793/920/525 1803/920/525 1804/904/525 1794/904/525
f 1801/935/525 1811/935/525 1810/933/525 1800/933/525
f 1798/929/525 1808/929/525 1807/927/525 1797/927/525
f 1795/923/525 1805/923/525 1803/920/525 1793/920/525
f 1802/905/525 1812/905/525 1811/935/525 1801/935/525
f 1799/931/525 1809/931/525 1808/929/525 1798/929/525
f 1796/925/525 1806/925/525 1805/923/525 1795/923/525
f 1794/904/525 1804/904/525 1812/905/525 1802/905/525
f 1800/933/525 1810/933/525 1809/931/525 1799/931/525
f 1818/929/525 1828/929/525 1827/927/525 1817/927/525
f 1811/935/525 1821/935/525 1820/933/525 1810/933/525
f 1808/929/525 1818/929/525 1817/927/525 1807/927/525
f 1805/923/525 1815/923/525 1813/920/525 1803/920/525
f 1812/905/525 1822/905/525 1821/935/525 1811/935/525
f 1809/931/525 1819/931/525 1818/929/525 1808/929/525
f 1806/925/525 1816/925/525 1815/923/525 1805/923/525
f 1804/904/525 1814/904/525 1822/905/525 1812/905/525
f 1810/933/525 1820/933/525 1819/931/525 1809/931/525
f 1807/927/525 1817/927/525 1816/925/525 1806/925/525
f 1825/923/525 1835/923/525 1833/920/525 1823/920/525
f 1815/923/525 1825/923/525 1823/920/525 1813/920/525
f 1822/905/525 1832/905/525 1831/935/525 1821/935/525
f 1819/931/525 1829/931/525 1828/929/525 1818/929/525
f 1816/925/525 1826/925/525 1825/923/525 1815/923/525
f 1814/904/525 1824/904/525 1832/905/525 1822/905/525
f 1820/933/525 1830/933/525 1829/931/525 1819/931/525
f 1817/927/525 1827/927/525 1826/925/525 1816/925/525
f 1813/920/525 1823/920/525 1824/904/525 1814/904/525
f 1821/935/525 1831/935/525 1830/933/525 1820/933/525
f 1842/905/525 1852/905/525 1851/935/525 1841/935/525
f 1832/905/525 1842/905/525 1841/935/525 1831/935/525
f 1829/931/525 1839/931/525 1838/929/525 1828/929/525
f 1826/925/525 1836/925/525 1835/923/525 1825/923/525
f 1824/904/525 1834/904/525 1842/905/525 1832/905/525
f 1830/933/525 1840/933/525 1839/931/525 1829/931/525
f 1827/927/525 1837/927/525 1836/925/525 1826/925/525
f 1823/920/525 1833/920/525 1834/904/525 1824/904/525
f 1831/935/525 1841/935/525 1840/933/525 1830/933/525
f 1828/929/525 1838/929/525 1837/927/525 1827/927/525
f 1846/925/613 1866/925/613 1865/923/613 1845/923/613
f 1839/931/525 1849/931/525 1848/929/525 1838/929/525
f 1836/925/525 1846/925/525 1845/923/525 1835/923/525
f 1834/904/525 1844/904/525 1852/905/525 1842/905/525
f 1840/933/525 1850/933/525 1849/931/525 1839/931/525
f 1837/927/525 1847/927/525 1846/925/525 1836/925/525
f 1833/920/525 1843/920/525 1844/904/525 1834/904/525
f 1841/935/525 1851/935/525 1850/933/525 1840/933/525
f 1838/929/525 1848/929/525 1847/927/525 1837/927/525
f 1835/923/525 1845/923/525 1843/920/525 1833/920/525
f 1862/938/614 1892/938/614 1891/939/614 1861/939/614
f 1844/904/610 1864/904/610 1872/905/610 1852/905/610
f 1850/933/607 1870/933/607 1869/931/607 1849/931/607
f 1847/927/614 1867/927/614 1866/925/614 1846/925/614
f 1843/920/611 1863/920/611 1864/904/611 1844/904/611
f 1851/935/608 1871/935/608 1870/933/608 1850/933/608
f 1848/929/615 1868/929/615 1867/927/615 1847/927/615
f 1845/923/612 1865/923/612 1863/920/612 1843/920/612
f 1852/905/609 1872/905/609 1871/935/609 1851/935/609
f 1849/931/606 1869/931/606 1868/929/606 1848/929/606
f 1854/940/617 1864/904/617 1863/920/617 1853/941/617
f 1853/941/617 1863/920/617 1865/923/617 1855/942/617
f 1855/942/617 1865/923/617 1866/925/617 1856/943/617
f 1856/943/617 1866/925/617 1867/927/617 1857/944/617
f 1857/944/617 1867/927/617 1868/929/617 1858/945/617
f 1858/945/617 1868/929/617 1869/931/617 1859/946/617
f 1859/946/617 1869/931/617 1870/933/617 1860/947/617
f 1860/947/617 1870/933/617 1871/935/617 1861/939/617
f 1861/939/617 1871/935/617 1872/905/617 1862/938/617
f 1862/938/617 1872/905/617 1864/904/617 1854/940/617
f 1874/948/610 1894/948/610 1902/949/610 1882/949/610
f 1859/946/611 1889/946/611 1888/945/611 1858/945/611
f 1856/943/608 1886/943/608 1885/942/608 1855/942/608
f 1854/940/615 1884/940/615 1892/938/615 1862/938/615
f 1860/947/612 1890/947/612 1889/946/612 1859/946/612
f 1857/944/609 1887/944/609 1886/943/609 1856/943/609
f 1853/941/606 1883/941/606 1884/940/606 1854/940/606
f 1861/939/613 1891/939/613 1890/947/613 1860/947/613
f 1858/945/610 1888/945/610 1887/944/610 1857/944/610
f 1855/942/607 1885/942/607 1883/941/607 1853/941/607
f 1874/948/617 1884/940/617 1883/941/617 1873/950/617
f 1873/950/617 1883/941/617 1885/942/617 1875/951/617
f 1875/951/617 1885/942/617 1886/943/617 1876/952/617
f 1876/952/617 1886/943/617 1887/944/617 1877/953/617
f 1877/953/617 1887/944/617 1888/945/617 1878/954/617
f 1878/954/617 1888/945/617 1889/946/617 1879/955/617
f 1879/955/617 1889/946/617 1890/947/617 1880/956/617
f 1880/956/617 1890/947/617 1891/939/617 1881/957/617
f 1881/957/617 1891/939/617 1892/938/617 1882/949/617
f 1882/949/617 1892/938/617 1884/940/617 1874/948/617
f 1900/956/525 1920/956/525 1919/955/525 1899/955/525
f 1880/956/607 1900/956/607 1899/955/607 1879/955/607
f 1877/953/614 1897/953/614 1896/952/614 1876/952/614
f 1873/950/611 1893/950/611 1894/948/611 1874/948/611
f 1881/957/608 1901/957/608 1900/956/608 1880/956/608
f 1878/954/615 1898/954/615 1897/953/615 1877/953/615
f 1875/951/612 1895/951/612 1893/950/612 1873/950/612
f 1882/949/609 1902/949/609 1901/957/609 1881/957/609
f 1879/955/606 1899/955/606 1898/954/606 1878/954/606
f 1876/952/613 1896/952/613 1895/951/613 1875/951/613
f 1910/958/612 1938/960/612 1936/959/612 1909/959/612
f 1897/953/525 1917/953/525 1916/952/525 1896/952/525
f 1893/950/525 1913/950/525 1914/948/525 1894/948/525
f 1901/957/525 1921/957/525 1920/956/525 1900/956/525
f 1898/954/525 1918/954/525 1917/953/525 1897/953/525
f 1895/951/525 1915/951/525 1913/950/525 1893/950/525
f 1902/949/525 1922/949/525 1921/957/525 1901/957/525
f 1899/955/525 1919/955/525 1918/954/525 1898/954/525
f 1896/952/525 1916/952/525 1915/951/525 1895/951/525
f 1894/948/525 1914/948/525 1922/949/525 1902/949/525
f 1904/961/617 1914/948/617 1913/950/617 1903/962/617
f 1903/962/617 1913/950/617 1915/951/617 1905/963/617
f 1905/963/617 1915/951/617 1916/952/617 1906/964/617
f 1906/964/617 1916/952/617 1917/953/617 1907/965/617
f 1907/965/617 1917/953/617 1918/954/617 1908/966/617
f 1908/966/617 1918/954/617 1919/955/617 1909/959/617
f 1909/959/617 1919/955/617 1920/956/617 1910/958/617
f 1910/958/617 1920/956/617 1921/957/617 1911/967/617
f 1911/967/617 1921/957/617 1922/949/617 1912/968/617
f 1912/968/617 1922/949/617 1914/948/617 1904/961/617
f 1905/963/607 1928/963/607 1924/962/607 1903/962/607
f 1907/965/609 1932/965/609 1930/964/609 1906/964/609
f 1906/964/608 1930/969/608 1928/963/608 1905/963/608
f 1911/967/613 1940/967/613 1938/958/613 1910/958/613
f 1908/966/610 1934/970/610 1932/965/610 1907/965/610
f 1923/971/617 1927/980/617 1929/979/617 1931/978/617 1933/977/617 1935/976/617 1937/975/617 1939/974/617 1941/973/617 1926/972/617
f 1912/968/614 1942/968/614 1940/967/614 1911/967/614
f 1909/959/611 1936/981/611 1934/966/611 1908/966/611
f 1904/961/615 1925/961/615 1942/982/615 1912/968/615
f 1924/962/618 1923/971/618 1926/972/618 1925/961/618
f 1928/963/619 1927/980/619 1923/971/619 1924/962/619
f 1930/969/620 1929/979/620 1927/980/620 1928/963/620
f 1932/965/621 1931/978/621 1929/979/621 1930/964/621
f 1934/970/622 1933/977/622 1931/978/622 1932/965/622
f 1936/981/623 1935/976/623 1933/977/623 1934/966/623
f 1938/960/624 1937/975/624 1935/976/624 1936/959/624
f 1940/967/625 1939/974/625 1937/975/625 1938/958/625
f 1942/968/626 1941/973/626 1939/974/626 1940/967/626
f 1925/961/627 1926/972/627 1941/973/627 1942/982/627
f 1903/962/606 1924/962/606 1925/961/606 1904/961/606
f 1943/886/628 1945/889/628 1963/888/628 1964/887/628
f 1945/889/629 1947/891/629 1965/890/629 1963/888/629
f 1947/891/630 1949/893/630 1966/892/630 1965/890/630
f 1949/893/631 1951/895/631 1967/894/631 1966/892/631
f 1951/895/632 1953/897/632 1968/896/632 1967/894/632
f 1953/897/633 1955/899/633 1969/898/633 1968/896/633
f 1955/899/634 1957/901/634 1970/900/634 1969/898/634
f 1957/901/635 1959/903/635 1971/902/635 1970/900/635
f 1944/904/525 1974/904/525 1982/905/525 1962/905/525
f 1959/903/636 1961/907/636 1972/906/636 1971/902/636
f 1961/907/637 1943/909/637 1964/908/637 1972/906/637
f 1943/910/638 1961/919/638 1959/918/638 1957/917/638 1955/916/638 1953/915/638 1951/914/638 1949/913/638 1947/912/638 1945/911/638
f 1944/904/639 1964/922/639 1963/921/639 1946/920/639
f 1946/920/639 1963/921/639 1965/924/639 1948/923/639
f 1948/923/639 1965/924/639 1966/926/639 1950/925/639
f 1950/925/639 1966/926/639 1967/928/639 1952/927/639
f 1952/927/639 1967/928/639 1968/930/639 1954/929/639
f 1954/929/639 1968/930/639 1969/932/639 1956/931/639
f 1956/931/639 1969/932/639 1970/934/639 1958/933/639
f 1958/933/639 1970/934/639 1971/936/639 1960/935/639
f 1960/935/639 1971/936/639 1972/937/639 1962/905/639
f 1962/905/639 1972/937/639 1964/922/639 1944/904/639
f 1980/933/525 1990/933/525 1989/931/525 1979/931/525
f 1958/933/525 1980/933/525 1979/931/525 1956/931/525
f 1952/927/525 1977/927/525 1976/925/525 1950/925/525
f 1946/920/525 1973/920/525 1974/904/525 1944/904/525
f 1960/935/525 1981/935/525 1980/933/525 1958/933/525
f 1954/929/525 1978/929/525 1977/927/525 1952/927/525
f 1948/923/525 1975/923/525 1973/920/525 1946/920/525
f 1962/905/525 1982/905/525 1981/935/525 1960/935/525
f 1956/931/525 1979/931/525 1978/929/525 1954/929/525
f 1950/925/525 1976/925/525 1975/923/525 1948/923/525
f 1987/927/525 1997/927/525 1996/925/525 1986/925/525
f 1977/927/525 1987/927/525 1986/925/525 1976/925/525
f 1973/920/525 1983/920/525 1984/904/525 1974/904/525
f 1981/935/525 1991/935/525 1990/933/525 1980/933/525
f 1978/929/525 1988/929/525 1987/927/525 1977/927/525
f 1975/923/525 1985/923/525 1983/920/525 1973/920/525
f 1982/905/525 1992/905/525 1991/935/525 1981/935/525
f 1979/931/525 1989/931/525 1988/929/525 1978/929/525
f 1976/925/525 1986/925/525 1985/923/525 1975/923/525
f 1974/904/525 1984/904/525 1992/905/525 1982/905/525
f 1993/920/525 2003/920/525 2004/904/525 1994/904/525
f 1983/920/525 1993/920/525 1994/904/525 1984/904/525
f 1991/935/525 2001/935/525 2000/933/525 1990/933/525
f 1988/929/525 1998/929/525 1997/927/525 1987/927/525
f 1985/923/525 1995/923/525 1993/920/525 1983/920/525
f 1992/905/525 2002/905/525 2001/935/525 1991/935/525
f 1989/931/525 1999/931/525 1998/929/525 1988/929/525
f 1986/925/525 1996/925/525 1995/923/525 1985/923/525
f 1984/904/525 1994/904/525 2002/905/525 1992/905/525
f 1990/933/525 2000/933/525 1999/931/525 1989/931/525
f 2008/929/525 2018/929/525 2017/927/525 2007/927/525
f 2001/935/525 2011/935/525 2010/933/525 2000/933/525
f 1998/929/525 2008/929/525 2007/927/525 1997/927/525
f 1995/923/525 2005/923/525 2003/920/525 1993/920/525
f 2002/905/525 2012/905/525 2011/935/525 2001/935/525
f 1999/931/525 2009/931/525 2008/929/525 1998/929/525
f 1996/925/525 2006/925/525 2005/923/525 1995/923/525
f 1994/904/525 2004/904/525 2012/905/525 2002/905/525
f 2000/933/525 2010/933/525 2009/931/525 1999/931/525
f 1997/927/525 2007/927/525 2006/925/525 1996/925/525
f 2015/923/525 2025/923/525 2023/920/525 2013/920/525
f 2005/923/525 2015/923/525 2013/920/525 2003/920/525
f 2012/905/525 2022/905/525 2021/935/525 2011/935/525
f 2009/931/525 2019/931/525 2018/929/525 2008/929/525
f 2006/925/525 2016/925/525 2015/923/525 2005/923/525
f 2004/904/525 2014/904/525 2022/905/525 2012/905/525
f 2010/933/525 2020/933/525 2019/931/525 2009/931/525
f 2007/927/525 2017/927/525 2016/925/525 2006/925/525
f 2003/920/525 2013/920/525 2014/904/525 2004/904/525
f 2011/935/525 2021/935/525 2020/933/525 2010/933/525
f 2032/905/525 2042/905/525 2041/935/525 2031/935/525
f 2022/905/525 2032/905/525 2031/935/525 2021/935/525
f 2019/931/525 2029/931/525 2028/929/525 2018/929/525
f 2016/925/525 2026/925/525 2025/923/525 2015/923/525
f 2014/904/525 2024/904/525 2032/905/525 2022/905/525
f 2020/933/525 2030/933/525 2029/931/525 2019/931/525
f 2017/927/525 2027/927/525 2026/925/525 2016/925/525
f 2013/920/525 2023/920/525 2024/904/525 2014/904/525
f 2021/935/525 2031/935/525 2030/933/525 2020/933/525
f 2018/929/525 2028/929/525 2027/927/525 2017/927/525
f 2036/925/635 2056/925/635 2055/923/635 2035/923/635
f 2029/931/525 2039/931/525 2038/929/525 2028/929/525
f 2026/925/525 2036/925/525 2035/923/525 2025/923/525
f 2024/904/525 2034/904/525 2042/905/525 2032/905/525
f 2030/933/525 2040/933/525 2039/931/525 2029/931/525
f 2027/927/525 2037/927/525 2036/925/525 2026/925/525
f 2023/920/525 2033/920/525 2034/904/525 2024/904/525
f 2031/935/525 2041/935/525 2040/933/525 2030/933/525
f 2028/929/525 2038/929/525 2037/927/525 2027/927/525
f 2025/923/525 2035/923/525 2033/920/525 2023/920/525
f 2052/938/636 2082/938/636 2081/939/636 2051/939/636
f 2034/904/632 2054/904/632 2062/905/632 2042/905/632
f 2040/933/629 2060/933/629 2059/931/629 2039/931/629
f 2037/927/636 2057/927/636 2056/925/636 2036/925/636
f 2033/920/633 2053/920/633 2054/904/633 2034/904/633
f 2041/935/630 2061/935/630 2060/933/630 2040/933/630
f 2038/929/637 2058/929/637 2057/927/637 2037/927/637
f 2035/923/634 2055/923/634 2053/920/634 2033/920/634
f 2042/905/631 2062/905/631 2061/935/631 2041/935/631
f 2039/931/628 2059/931/628 2058/929/628 2038/929/628
f 2044/940/639 2054/904/639 2053/920/639 2043/941/639
f 2043/941/639 2053/920/639 2055/923/639 2045/942/639
f 2045/942/639 2055/923/639 2056/925/639 2046/943/639
f 2046/943/639 2056/925/639 2057/927/639 2047/944/639
f 2047/944/639 2057/927/639 2058/929/639 2048/945/639
f 2048/945/639 2058/929/639 2059/931/639 2049/946/639
f 2049/946/639 2059/931/639 2060/933/639 2050/947/639
f 2050/947/639 2060/933/639 2061/935/639 2051/939/639
f 2051/939/639 2061/935/639 2062/905/639 2052/938/639
f 2052/938/639 2062/905/639 2054/904/639 2044/940/639
f 2064/948/632 2084/948/632 2092/949/632 2072/949/632
f 2049/946/633 2079/946/633 2078/945/633 2048/945/633
f 2046/943/630 2076/943/630 2075/942/630 2045/942/630
f 2044/940/637 2074/940/637 2082/938/637 2052/938/637
f 2050/947/634 2080/947/634 2079/946/634 2049/946/634
f 2047/944/631 2077/944/631 2076/943/631 2046/943/631
f 2043/941/628 2073/941/628 2074/940/628 2044/940/628
f 2051/939/635 2081/939/635 2080/947/635 2050/947/635
f 2048/945/632 2078/945/632 2077/944/632 2047/944/632
f 2045/942/629 2075/942/629 2073/941/629 2043/941/629
f 2064/948/639 2074/940/639 2073/941/639 2063/950/639
f 2063/950/639 2073/941/639 2075/942/639 2065/951/639
f 2065/951/639 2075/942/639 2076/943/639 2066/952/639
f 2066/952/639 2076/943/639 2077/944/639 2067/953/639
f 2067/953/639 2077/944/639 2078/945/639 2068/954/639
f 2068/954/639 2078/945/639 2079/946/639 2069/955/639
f 2069/955/639 2079/946/639 2080/947/639 2070/956/639
f 2070/956/639 2080/947/639 2081/939/639 2071/957/639
f 2071/957/639 2081/939/639 2082/938/639 2072/949/639
f 2072/949/639 2082/938/639 2074/940/639 2064/948/639
f 2090/956/525 2110/956/525 2109/955/525 2089/955/525
f 2070/956/629 2090/956/629 2089/955/629 2069/955/629
f 2067/953/636 2087/953/636 2086/952/636 2066/952/636
f 2063/950/633 2083/950/633 2084/948/633 2064/948/633
f 2071/957/630 2091/957/630 2090/956/630 2070/956/630
f 2068/954/637 2088/954/637 2087/953/637 2067/953/637
f 2065/951/634 2085/951/634 2083/950/634 2063/950/634
f 2072/949/631 2092/949/631 2091/957/631 2071/957/631
f 2069/955/628 2089/955/628 2088/954/628 2068/954/628
f 2066/952/635 2086/952/635 2085/951/635 2065/951/635
f 2100/958/634 2128/960/634 2126/959/634 2099/959/634
f 2087/953/525 2107/953/525 2106/952/525 2086/952/525
f 2083/950/525 2103/950/525 2104/948/525 2084/948/525
f 2091/957/525 2111/957/525 2110/956/525 2090/956/525
f 2088/954/525 2108/954/525 2107/953/525 2087/953/525
f 2085/951/525 2105/951/525 2103/950/525 2083/950/525
f 2092/949/525 2112/949/525 2111/957/525 2091/957/525
f 2089/955/525 2109/955/525 2108/954/525 2088/954/525
f 2086/952/525 2106/952/525 2105/951/525 2085/951/525
f 2084/948/525 2104/948/525 2112/949/525 2092/949/525
f 2094/961/639 2104/948/639 2103/950/639 2093/962/639
f 2093/962/639 2103/950/639 2105/951/639 2095/963/639
f 2095/963/639 2105/951/639 2106/952/639 2096/964/639
f 2096/964/639 2106/952/639 2107/953/639 2097/965/639
f 2097/965/639 2107/953/639 2108/954/639 2098/966/639
f 2098/966/639 2108/954/639 2109/955/639 2099/959/639
f 2099/959/639 2109/955/639 2110/956/639 2100/958/639
f 2100/958/639 2110/956/639 2111/957/639 2101/967/639
f 2101/967/639 2111/957/639 2112/949/639 2102/968/639
f 2102/968/639 2112/949/639 2104/948/639 2094/961/639
f 2095/963/629 2118/963/629 2114/962/629 2093/962/629
f 2097/965/631 2122/965/631 2120/964/631 2096/964/631
f 2096/964/630 2120/969/630 2118/963/630 2095/963/630
f 2101/967/635 2130/967/635 2128/958/635 2100/958/635
f 2098/966/632 2124/970/632 2122/965/632 2097/965/632
f 2113/971/639 2117/980/639 2119/979/639 2121/978/639 2123/977/639 2125/976/639 2127/975/639 2129/974/639 2131/973/639 2116/972/639
f 2102/968/636 2132/968/636 2130/967/636 2101/967/636
f 2099/959/633 2126/981/633 2124/966/633 2098/966/633
f 2094/961/637 2115/961/637 2132/982/637 2102/968/637
f 2114/962/640 2113/971/640 2116/972/640 2115/961/640
f 2118/963/641 2117/980/641 2113/971/641 2114/962/641
f 2120/969/642 2119/979/642 2117/980/642 2118/963/642
f 2122/965/643 2121/978/643 2119/979/643 2120/964/643
f 2124/970/644 2123/977/644 2121/978/644 2122/965/644
f 2126/981/645 2125/976/645 2123/977/645 2124/966/645
f 2128/960/646 2127/975/646 2125/976/646 2126/959/646
f 2130/967/647 2129/974/647 2127/975/647 2128/958/647
f 2132/968/648 2131/973/648 2129/974/648 2130/967/648
f 2115/961/649 2116/972/649 2131/973/649 2132/982/649
f 2093/962/628 2114/962/628 2115/961/628 2094/961/628
f 2133/886/650 2135/889/650 2153/888/650 2154/887/650
f 2135/889/651 2137/891/651 2155/890/651 2153/888/651
f 2137/891/652 2139/893/652 2156/892/652 2155/890/652
f 2139/893/653 2141/895/653 2157/894/653 2156/892/653
f 2141/895/654 2143/897/654 2158/896/654 2157/894/654
f 2143/897/655 2145/899/655 2159/898/655 2158/896/655
f 2145/899/656 2147/901/656 2160/900/656 2159/898/656
f 2147/901/657 2149/903/657 2161/902/657 2160/900/657
f 2134/904/525 2164/904/525 2172/905/525 2152/905/525
f 2149/903/658 2151/907/658 2162/906/658 2161/902/658
f 2151/907/659 2133/909/659 2154/908/659 2162/906/659
f 2133/910/660 2151/919/660 2149/918/660 2147/917/660 2145/916/660 2143/915/660 2141/914/660 2139/913/660 2137/912/660 2135/911/660
f 2134/904/661 2154/922/661 2153/921/661 2136/920/661
f 2136/920/661 2153/921/661 2155/924/661 2138/923/661
f 2138/923/661 2155/924/661 2156/926/661 2140/925/661
f 2140/925/661 2156/926/661 2157/928/661 2142/927/661
f 2142/927/661 2157/928/661 2158/930/661 2144/929/661
f 2144/929/661 2158/930/661 2159/932/661 2146/931/661
f 2146/931/661 2159/932/661 2160/934/661 2148/933/661
f 2148/933/661 2160/934/661 2161/936/661 2150/935/661
f 2150/935/661 2161/936/661 2162/937/661 2152/905/661
f 2152/905/661 2162/937/661 2154/922/661 2134/904/661
f 2170/933/525 2180/933/525 2179/931/525 2169/931/525
f 2148/933/525 2170/933/525 2169/931/525 2146/931/525
f 2142/927/525 2167/927/525 2166/925/525 2140/925/525
f 2136/920/525 2163/920/525 2164/904/525 2134/904/525
f 2150/935/525 2171/935/525 2170/933/525 2148/933/525
f 2144/929/525 2168/929/525 2167/927/525 2142/927/525
f 2138/923/525 2165/923/525 2163/920/525 2136/920/525
f 2152/905/525 2172/905/525 2171/935/525 2150/935/525
f 2146/931/525 2169/931/525 2168/929/525 2144/929/525
f 2140/925/525 2166/925/525 2165/923/525 2138/923/525
f 2177/927/525 2187/927/525 2186/925/525 2176/925/525
f 2167/927/525 2177/927/525 2176/925/525 2166/925/525
f 2163/920/525 2173/920/525 2174/904/525 2164/904/525
f 2171/935/525 2181/935/525 2180/933/525 2170/933/525
f 2168/929/525 2178/929/525 2177/927/525 2167/927/525
f 2165/923/525 2175/923/525 2173/920/525 2163/920/525
f 2172/905/525 2182/905/525 2181/935/525 2171/935/525
f 2169/931/525 2179/931/525 2178/929/525 2168/929/525
f 2166/925/525 2176/925/525 2175/923/525 2165/923/525
f 2164/904/525 2174/904/525 2182/905/525 2172/905/525
f 2183/920/525 2193/920/525 2194/904/525 2184/904/525
f 2173/920/525 2183/920/525 2184/904/525 2174/904/525
f 2181/935/525 2191/935/525 2190/933/525 2180/933/525
f 2178/929/525 2188/929/525 2187/927/525 2177/927/525
f 2175/923/525 2185/923/525 2183/920/525 2173/920/525
f 2182/905/525 2192/905/525 2191/935/525 2181/935/525
f 2179/931/525 2189/931/525 2188/929/525 2178/929/525
f 2176/925/525 2186/925/525 2185/923/525 2175/923/525
f 2174/904/525 2184/904/525 2192/905/525 2182/905/525
f 2180/933/525 2190/933/525 2189/931/525 2179/931/525
f 2198/929/525 2208/929/525 2207/927/525 2197/927/525
f 2191/935/525 2201/935/525 2200/933/525 2190/933/525
f 2188/929/525 2198/929/525 2197/927/525 2187/927/525
f 2185/923/525 2195/923/525 2193/920/525 2183/920/525
f 2192/905/525 2202/905/525 2201/935/525 2191/935/525
f 2189/931/525 2199/931/525 2198/929/525 2188/929/525
f 2186/925/525 2196/925/525 2195/923/525 2185/923/525
f 2184/904/525 2194/904/525 2202/905/525 2192/905/525
f 2190/933/525 2200/933/525 2199/931/525 2189/931/525
f 2187/927/525 2197/927/525 2196/925/525 2186/925/525
f 2205/923/525 2215/923/525 2213/920/525 2203/920/525
f 2195/923/525 2205/923/525 2203/920/525 2193/920/525
f 2202/905/525 2212/905/525 2211/935/525 2201/935/525
f 2199/931/525 2209/931/525 2208/929/525 2198/929/525
f 2196/925/525 2206/925/525 2205/923/525 2195/923/525
f 2194/904/525 2204/904/525 2212/905/525 2202/905/525
f 2200/933/525 2210/933/525 2209/931/525 2199/931/525
f 2197/927/525 2207/927/525 2206/925/525 2196/925/525
f 2193/920/525 2203/920/525 2204/904/525 2194/904/525
f 2201/935/525 2211/935/525 2210/933/525 2200/933/525
f 2222/905/525 2232/905/525 2231/935/525 2221/935/525
f 2212/905/525 2222/905/525 2221/935/525 2211/935/525
f 2209/931/525 2219/931/525 2218/929/525 2208/929/525
f 2206/925/525 2216/925/525 2215/923/525 2205/923/525
f 2204/904/525 2214/904/525 2222/905/525 2212/905/525
f 2210/933/525 2220/933/525 2219/931/525 2209/931/525
f 2207/927/525 2217/927/525 2216/925/525 2206/925/525
f 2203/920/525 2213/920/525 2214/904/525 2204/904/525
f 2211/935/525 2221/935/525 2220/933/525 2210/933/525
f 2208/929/525 2218/929/525 2217/927/525 2207/927/525
f 2226/925/657 2246/925/657 2245/923/657 2225/923/657
f 2219/931/525 2229/931/525 2228/929/525 2218/929/525
f 2216/925/525 2226/925/525 2225/923/525 2215/923/525
f 2214/904/525 2224/904/525 2232/905/525 2222/905/525
f 2220/933/525 2230/933/525 2229/931/525 2219/931/525
f 2217/927/525 2227/927/525 2226/925/525 2216/925/525
f 2213/920/525 2223/920/525 2224/904/525 2214/904/525
f 2221/935/525 2231/935/525 2230/933/525 2220/933/525
f 2218/929/525 2228/929/525 2227/927/525 2217/927/525
f 2215/923/525 2225/923/525 2223/920/525 2213/920/525
f 2242/938/658 2272/938/658 2271/939/658 2241/939/658
f 2224/904/654 2244/904/654 2252/905/654 2232/905/654
f 2230/933/651 2250/933/651 2249/931/651 2229/931/651
f 2227/927/658 2247/927/658 2246/925/658 2226/925/658
f 2223/920/655 2243/920/655 2244/904/655 2224/904/655
f 2231/935/652 2251/935/652 2250/933/652 2230/933/652
f 2228/929/659 2248/929/659 2247/927/659 2227/927/659
f 2225/923/656 2245/923/656 2243/920/656 2223/920/656
f 2232/905/653 2252/905/653 2251/935/653 2231/935/653
f 2229/931/650 2249/931/650 2248/929/650 2228/929/650
f 2234/940/661 2244/904/661 2243/920/661 2233/941/661
f 2233/941/661 2243/920/661 2245/923/661 2235/942/661
f 2235/942/661 2245/923/661 2246/925/661 2236/943/661
f 2236/943/661 2246/925/661 2247/927/661 2237/944/661
f 2237/944/661 2247/927/661 2248/929/661 2238/945/661
f 2238/945/661 2248/929/661 2249/931/661 2239/946/661
f 2239/946/661 2249/931/661 2250/933/661 2240/947/661
f 2240/947/661 2250/933/661 2251/935/661 2241/939/661
f 2241/939/661 2251/935/661 2252/905/661 2242/938/661
f 2242/938/661 2252/905/661 2244/904/661 2234/940/661
f 2254/948/654 2274/948/654 2282/949/654 2262/949/654
f 2239/946/655 2269/946/655 2268/945/655 2238/945/655
f 2236/943/652 2266/943/652 2265/942/652 2235/942/652
f 2234/940/659 2264/940/659 2272/938/659 2242/938/659
f 2240/947/656 2270/947/656 2269/946/656 2239/946/656
f 2237/944/653 2267/944/653 2266/943/653 2236/943/653
f 2233/941/650 2263/941/650 2264/940/650 2234/940/650
f 2241/939/657 2271/939/657 2270/947/657 2240/947/657
f 2238/945/654 2268/945/654 2267/944/654 2237/944/654
f 2235/942/651 2265/942/651 2263/941/651 2233/941/651
f 2254/948/661 2264/940/661 2263/941/661 2253/950/661
f 2253/950/661 2263/941/661 2265/942/661 2255/951/661
f 2255/951/661 2265/942/661 2266/943/661 2256/952/661
f 2256/952/661 2266/943/661 2267/944/661 2257/953/661
f 2257/953/661 2267/944/661 2268/945/661 2258/954/661
f 2258/954/661 2268/945/661 2269/946/661 2259/955/661
f 2259/955/661 2269/946/661 2270/947/661 2260/956/661
f 2260/956/661 2270/947/661 2271/939/661 2261/957/661
f 2261/957/661 2271/939/661 2272/938/661 2262/949/661
f 2262/949/661 2272/938/661 2264/940/661 2254/948/661
f 2280/956/525 2300/956/525 2299/955/525 2279/955/525
f 2260/956/651 2280/956/651 2279/955/651 2259/955/651
f 2257/953/658 2277/953/658 2276/952/658 2256/952/658
f 2253/950/655 2273/950/655 2274/948/655 2254/948/655
f 2261/957/652 2281/957/652 2280/956/652 2260/956/652
f 2258/954/659 2278/954/659 2277/953/659 2257/953/659
f 2255/951/656 2275/951/656 2273/950/656 2253/950/656
f 2262/949/653 2282/949/653 2281/957/653 2261/957/653
f 2259/955/650 2279/955/650 2278/954/650 2258/954/650
f 2256/952/657 2276/952/657 2275/951/657 2255/951/657
f 2290/958/656 2318/960/656 2316/959/656 2289/959/656
f 2277/953/525 2297/953/525 2296/952/525 2276/952/525
f 2273/950/525 2293/950/525 2294/948/525 2274/948/525
f 2281/957/525 2301/957/525 2300/956/525 2280/956/525
f 2278/954/525 2298/954/525 2297/953/525 2277/953/525
f 2275/951/525 2295/951/525 2293/950/525 2273/950/525
f 2282/949/525 2302/949/525 2301/957/525 2281/957/525
f 2279/955/525 2299/955/525 2298/954/525 2278/954/525
f 2276/952/525 2296/952/525 2295/951/525 2275/951/525
f 2274/948/525 2294/948/525 2302/949/525 2282/949/525
f 2284/961/661 2294/948/661 2293/950/661 2283/962/661
f 2283/962/661 2293/950/661 2295/951/661 2285/963/661
f 2285/963/661 2295/951/661 2296/952/661 2286/964/661
f 2286/964/661 2296/952/661 2297/953/661 2287/965/661
f 2287/965/661 2297/953/661 2298/954/661 2288/966/661
f 2288/966/661 2298/954/661 2299/955/661 2289/959/661
f 2289/959/661 2299/955/661 2300/956/661 2290/958/661
f 2290/958/661 2300/956/661 2301/957/661 2291/967/661
f 2291/967/661 2301/957/661 2302/949/661 2292/968/661
f 2292/968/661 2302/949/661 2294/948/661 2284/961/661
f 2285/963/651 2308/963/651 2304/962/651 2283/962/651
f 2287/965/653 2312/965/653 2310/964/653 2286/964/653
f 2286/964/652 2310/969/652 2308/963/652 2285/963/652
f 2291/967/657 2320/967/657 2318/958/657 2290/958/657
f 2288/966/654 2314/970/654 2312/965/654 2287/965/654
f 2303/971/661 2307/980/661 2309/979/661 2311/978/661 2313/977/661 2315/976/661 2317/975/661 2319/974/661 2321/973/661 2306/972/661
f 2292/968/658 2322/968/658 2320/967/658 2291/967/658
f 2289/959/655 2316/981/655 2314/966/655 2288/966/655
f 2284/961/659 2305/961/659 2322/982/659 2292/968/659
f 2304/962/662 2303/971/662 2306/972/662 2305/961/662
f 2308/963/663 2307/980/663 2303/971/663 2304/962/663
f 2310/969/664 2309/979/664 2307/980/664 2308/963/664
f 2312/965/665 2311/978/665 2309/979/665 2310/964/665
f 2314/970/666 2313/977/666 2311/978/666 2312/965/666
f 2316/981/667 2315/976/667 2313/977/667 2314/966/667
f 2318/960/668 2317/975/668 2315/976/668 2316/959/668
f 2320/967/669 2319/974/669 2317/975/669 2318/958/669
f 2322/968/670 2321/973/670 2319/974/670 2320/967/670
f 2305/961/671 2306/972/671 2321/973/671 2322/982/671
f 2283/962/650 2304/962/650 2305/961/650 2284/961/650
f 2323/886/672 2325/889/672 2343/888/672 2344/887/672
f 2325/889/673 2327/891/673 2345/890/673 2343/888/673
f 2327/891/674 2329/893/674 2346/892/674 2345/890/674
f 2329/893/675 2331/895/675 2347/894/675 2346/892/675
f 2331/895/676 2333/897/676 2348/896/676 2347/894/676
f 2333/897/677 2335/899/677 2349/898/677 2348/896/677
f 2335/899/678 2337/901/678 2350/900/678 2349/898/678
f 2337/901/679 2339/903/679 2351/902/679 2350/900/679
f 2324/904/525 2354/904/525 2362/905/525 2342/905/525
f 2339/903/680 2341/907/680 2352/906/680 2351/902/680
f 2341/907/681 2323/909/681 2344/908/681 2352/906/681
f 2323/910/682 2341/919/682 2339/918/682 2337/917/682 2335/916/682 2333/915/682 2331/914/682 2329/913/682 2327/912/682 2325/911/682
f 2324/904/683 2344/922/683 2343/921/683 2326/920/683
f 2326/920/683 2343/921/683 2345/924/683 2328/923/683
f 2328/923/683 2345/924/683 2346/926/683 2330/925/683
f 2330/925/683 2346/926/683 2347/928/683 2332/927/683
f 2332/927/683 2347/928/683 2348/930/683 2334/929/683
f 2334/929/683 2348/930/683 2349/932/683 2336/931/683
f 2336/931/683 2349/932/683 2350/934/683 2338/933/683
f 2338/933/683 2350/934/683 2351/936/683 2340/935/683
f 2340/935/683 2351/936/683 2352/937/683 2342/905/683
f 2342/905/683 2352/937/683 2344/922/683 2324/904/683
f 2360/933/525 2370/933/525 2369/931/525 2359/931/525
f 2338/933/525 2360/933/525 2359/931/525 2336/931/525
f 2332/927/525 2357/927/525 2356/925/525 2330/925/525
f 2326/920/525 2353/920/525 2354/904/525 2324/904/525
f 2340/935/525 2361/935/525 2360/933/525 2338/933/525
f 2334/929/525 2358/929/525 2357/927/525 2332/927/525
f 2328/923/525 2355/923/525 2353/920/525 2326/920/525
f 2342/905/525 2362/905/525 2361/935/525 2340/935/525
f 2336/931/525 2359/931/525 2358/929/525 2334/929/525
f 2330/925/525 2356/925/525 2355/923/525 2328/923/525
f 2367/927/525 2377/927/525 2376/925/525 2366/925/525
f 2357/927/525 2367/927/525 2366/925/525 2356/925/525
f 2353/920/525 2363/920/525 2364/904/525 2354/904/525
f 2361/935/525 2371/935/525 2370/933/525 2360/933/525
f 2358/929/525 2368/929/525 2367/927/525 2357/927/525
f 2355/923/525 2365/923/525 2363/920/525 2353/920/525
f 2362/905/525 2372/905/525 2371/935/525 2361/935/525
f 2359/931/525 2369/931/525 2368/929/525 2358/929/525
f 2356/925/525 2366/925/525 2365/923/525 2355/923/525
f 2354/904/525 2364/904/525 2372/905/525 2362/905/525
f 2373/920/525 2383/920/525 2384/904/525 2374/904/525
f 2363/920/525 2373/920/525 2374/904/525 2364/904/525
f 2371/935/525 2381/935/525 2380/933/525 2370/933/525
f 2368/929/525 2378/929/525 2377/927/525 2367/927/525
f 2365/923/525 2375/923/525 2373/920/525 2363/920/525
f 2372/905/525 2382/905/525 2381/935/525 2371/935/525
f 2369/931/525 2379/931/525 2378/929/525 2368/929/525
f 2366/925/525 2376/925/525 2375/923/525 2365/923/525
f 2364/904/525 2374/904/525 2382/905/525 2372/905/525
f 2370/933/525 2380/933/525 2379/931/525 2369/931/525
f 2388/929/525 2398/929/525 2397/927/525 2387/927/525
f 2381/935/525 2391/935/525 2390/933/525 2380/933/525
f 2378/929/525 2388/929/525 2387/927/525 2377/927/525
f 2375/923/525 2385/923/525 2383/920/525 2373/920/525
f 2382/905/525 2392/905/525 2391/935/525 2381/935/525
f 2379/931/525 2389/931/525 2388/929/525 2378/929/525
f 2376/925/525 2386/925/525 2385/923/525 2375/923/525
f 2374/904/525 2384/904/525 2392/905/525 2382/905/525
f 2380/933/525 2390/933/525 2389/931/525 2379/931/525
f 2377/927/525 2387/927/525 2386/925/525 2376/925/525
f 2395/923/525 2405/923/525 2403/920/525 2393/920/525
f 2385/923/525 2395/923/525 2393/920/525 2383/920/525
f 2392/905/525 2402/905/525 2401/935/525 2391/935/525
f 2389/931/525 2399/931/525 2398/929/525 2388/929/525
f 2386/925/525 2396/925/525 2395/923/525 2385/923/525
f 2384/904/525 2394/904/525 2402/905/525 2392/905/525
f 2390/933/525 2400/933/525 2399/931/525 2389/931/525
f 2387/927/525 2397/927/525 2396/925/525 2386/925/525
f 2383/920/525 2393/920/525 2394/904/525 2384/904/525
f 2391/935/525 2401/935/525 2400/933/525 2390/933/525
f 2412/905/525 2422/905/525 2421/935/525 2411/935/525
f 2402/905/525 2412/905/525 2411/935/525 2401/935/525
f 2399/931/525 2409/931/525 2408/929/525 2398/929/525
f 2396/925/525 2406/925/525 2405/923/525 2395/923/525
f 2394/904/525 2404/904/525 2412/905/525 2402/905/525
f 2400/933/525 2410/933/525 2409/931/525 2399/931/525
f 2397/927/525 2407/927/525 2406/925/525 2396/925/525
f 2393/920/525 2403/920/525 2404/904/525 2394/904/525
f 2401/935/525 2411/935/525 2410/933/525 2400/933/525
f 2398/929/525 2408/929/525 2407/927/525 2397/927/525
f 2416/925/679 2436/925/679 2435/923/679 2415/923/679
f 2409/931/525 2419/931/525 2418/929/525 2408/929/525
f 2406/925/525 2416/925/525 2415/923/525 2405/923/525
f 2404/904/525 2414/904/525 2422/905/525 2412/905/525
f 2410/933/525 2420/933/525 2419/931/525 2409/931/525
f 2407/927/525 2417/927/525 2416/925/525 2406/925/525
f 2403/920/525 2413/920/525 2414/904/525 2404/904/525
f 2411/935/525 2421/935/525 2420/933/525 2410/933/525
f 2408/929/525 2418/929/525 2417/927/525 2407/927/525
f 2405/923/525 2415/923/525 2413/920/525 2403/920/525
f 2432/938/680 2462/938/680 2461/939/680 2431/939/680
f 2414/904/676 2434/904/676 2442/905/676 2422/905/676
f 2420/933/673 2440/933/673 2439/931/673 2419/931/673
f 2417/927/680 2437/927/680 2436/925/680 2416/925/680
f 2413/920/677 2433/920/677 2434/904/677 2414/904/677
f 2421/935/674 2441/935/674 2440/933/674 2420/933/674
f 2418/929/681 2438/929/681 2437/927/681 2417/927/681
f 2415/923/678 2435/923/678 2433/920/678 2413/920/678
f 2422/905/675 2442/905/675 2441/935/675 2421/935/675
f 2419/931/672 2439/931/672 2438/929/672 2418/929/672
f 2424/940/683 2434/904/683 2433/920/683 2423/941/683
f 2423/941/683 2433/920/683 2435/923/683 2425/942/683
f 2425/942/683 2435/923/683 2436/925/683 2426/943/683
f 2426/943/683 2436/925/683 2437/927/683 2427/944/683
f 2427/944/683 2437/927/683 2438/929/683 2428/945/683
f 2428/945/683 2438/929/683 2439/931/683 2429/946/683
f 2429/946/683 2439/931/683 2440/933/683 2430/947/683
f 2430/947/683 2440/933/683 2441/935/683 2431/939/683
f 2431/939/683 2441/935/683 2442/905/683 2432/938/683
f 2432/938/683 2442/905/683 2434/904/683 2424/940/683
f 2444/948/676 2464/948/676 2472/949/676 2452/949/676
f 2429/946/677 2459/946/677 2458/945/677 2428/945/677
f 2426/943/674 2456/943/674 2455/942/674 2425/942/674
f 2424/940/681 2454/940/681 2462/938/681 2432/938/681
f 2430/947/678 2460/947/678 2459/946/678 2429/946/678
f 2427/944/675 2457/944/675 2456/943/675 2426/943/675
f 2423/941/672 2453/941/672 2454/940/672 2424/940/672
f 2431/939/679 2461/939/679 2460/947/679 2430/947/679
f 2428/945/676 2458/945/676 2457/944/676 2427/944/676
f 2425/942/684 2455/942/684 2453/941/684 2423/941/684
f 2444/948/683 2454/940/683 2453/941/683 2443/950/683
f 2443/950/683 2453/941/683 2455/942/683 2445/951/683
f 2445/951/683 2455/942/683 2456/943/683 2446/952/683
f 2446/952/683 2456/943/683 2457/944/683 2447/953/683
f 2447/953/683 2457/944/683 2458/945/683 2448/954/683
f 2448/954/683 2458/945/683 2459/946/683 2449/955/683
f 2449/955/683 2459/946/683 2460/947/683 2450/956/683
f 2450/956/683 2460/947/683 2461/939/683 2451/957/683
f 2451/957/683 2461/939/683 2462/938/683 2452/949/683
f 2452/949/683 2462/938/683 2454/940/683 2444/948/683
f 2470/956/525 2490/956/525 2489/955/525 2469/955/525
f 2450/956/673 2470/956/673 2469/955/673 2449/955/673
f 2447/953/685 2467/953/685 2466/952/685 2446/952/685
f 2443/950/677 2463/950/677 2464/948/677 2444/948/677
f 2451/957/674 2471/957/674 2470/956/674 2450/956/674
f 2448/954/681 2468/954/681 2467/953/681 2447/953/681
f 2445/951/686 2465/951/686 2463/950/686 2443/950/686
f 2452/949/675 2472/949/675 2471/957/675 2451/957/675
f 2449/955/672 2469/955/672 2468/954/672 2448/954/672
f 2446/952/679 2466/952/679 2465/951/679 2445/951/679
f 2480/958/678 2508/960/678 2506/959/678 2479/959/678
f 2467/953/525 2487/953/525 2486/952/525 2466/952/525
f 2463/950/525 2483/950/525 2484/948/525 2464/948/525
f 2471/957/525 2491/957/525 2490/956/525 2470/956/525
f 2468/954/525 2488/954/525 2487/953/525 2467/953/525
f 2465/951/525 2485/951/525 2483/950/525 2463/950/525
f 2472/949/525 2492/949/525 2491/957/525 2471/957/525
f 2469/955/525 2489/955/525 2488/954/525 2468/954/525
f 2466/952/525 2486/952/525 2485/951/525 2465/951/525
f 2464/948/525 2484/948/525 2492/949/525 2472/949/525
f 2474/961/683 2484/948/683 2483/950/683 2473/962/683
f 2473/962/683 2483/950/683 2485/951/683 2475/963/683
f 2475/963/683 2485/951/683 2486/952/683 2476/964/683
f 2476/964/683 2486/952/683 2487/953/683 2477/965/683
f 2477/965/683 2487/953/683 2488/954/683 2478/966/683
f 2478/966/683 2488/954/683 2489/955/683 2479/959/683
f 2479/959/683 2489/955/683 2490/956/683 2480/958/683
f 2480/958/683 2490/956/683 2491/957/683 2481/967/683
f 2481/967/683 2491/957/683 2492/949/683 2482/968/683
f 2482/968/683 2492/949/683 2484/948/683 2474/961/683
f 2475/963/684 2498/963/684 2494/962/684 2473/962/684
f 2477/965/675 2502/965/675 2500/964/675 2476/964/675
f 2476/964/674 2500/969/674 2498/963/674 2475/963/674
f 2481/967/679 2510/967/679 2508/958/679 2480/958/679
f 2478/966/676 2504/970/676 2502/965/676 2477/965/676
f 2493/971/683 2497/980/683 2499/979/683 2501/978/683 2503/977/683 2505/976/683 2507/975/683 2509/974/683 2511/973/683 2496/972/683
f 2482/968/680 2512/968/680 2510/967/680 2481/967/680
f 2479/959/677 2506/981/677 2504/966/677 2478/966/677
f 2474/961/681 2495/961/681 2512/982/681 2482/968/681
f 2494/962/687 2493/971/687 2496/972/687 2495/961/687
f 2498/963/688 2497/980/688 2493/971/688 2494/962/688
f 2500/969/689 2499/979/689 2497/980/689 2498/963/689
f 2502/965/690 2501/978/690 2499/979/690 2500/964/690
f 2504/970/691 2503/977/691 2501/978/691 2502/965/691
f 2506/981/692 2505/976/692 2503/977/692 2504/966/692
f 2508/960/693 2507/975/693 2505/976/693 2506/959/693
f 2510/967/694 2509/974/694 2507/975/694 2508/958/694
f 2512/968/695 2511/973/695 2509/974/695 2510/967/695
f 2495/961/696 2496/972/696 2511/973/696 2512/982/696
f 2473/962/672 2494/962/672 2495/961/672 2474/961/672
o Cube.002
v -0.597045 2.238120 0.847779
v -0.597045 2.957483 0.847779
v -0.597045 2.238120 -1.132879
v -0.597045 2.957483 -1.132879
v 2.962658 1.929569 1.209519
v 2.962658 1.929569 -1.494620
v -0.597045 1.929569 -1.494620
v -0.597045 1.929569 1.209519
v -0.708502 2.238120 -1.016593
v -0.597045 2.238120 -1.132879
v -0.597045 2.238120 0.847779
v -0.708502 2.238120 0.731492
v -0.708502 2.957483 0.731492
v -0.597045 2.957483 0.847779
v -0.597045 2.957483 -1.132879
v -0.708502 2.957483 -1.016593
v 2.692351 3.266034 0.939212
v 2.962658 3.035472 1.209519
v 2.692351 3.266034 -1.224312
v 2.962658 3.035472 -1.494620
v -0.597045 3.035472 1.209519
v -0.326738 3.266034 0.939212
v -0.326738 3.266034 -1.224312
v -0.597045 3.035472 -1.494620
vn -1.0000 -0.0000 -0.0000
vn -0.0000 -0.0000 1.0000
vn -0.0000 -0.0000 -1.0000
vn -0.0000 -1.0000 -0.0000
vn 1.0000 -0.0000 -0.0000
vn -0.0000 1.0000 -0.0000
vn -0.7219 -0.0000 0.6920
vn -0.7219 -0.0000 -0.6920
vn -0.6490 0.7608 -0.0000
vn -0.0000 0.7608 -0.6490
vn 0.6490 0.7608 -0.0000
vn -0.0000 0.7608 0.6490
vt 0.567282 0.033443
vt 0.432718 0.033443
vt 0.375000 0.000000
vt 0.581871 0.000000
vt 0.375000 0.750000
vt 0.581871 0.750000
vt 0.581871 1.000000
vt 0.375000 1.000000
vt 0.375000 0.250000
vt 0.581871 0.250000
vt 0.581871 0.500000
vt 0.375000 0.500000
vt 0.125000 0.500000
vt 0.125000 0.750000
vt 0.581871 0.500000
vt 0.432718 0.216557
vt 0.567282 0.216557
vt 0.581871 0.000000
vt 0.432718 0.044194
vt 0.567282 0.044194
vt 0.567282 0.205806
vt 0.432718 0.205806
vt 0.856016 0.725010
vt 0.856016 0.524990
vt 0.875000 0.500000
vt 0.875000 0.750000
vt 0.643984 0.524990
vt 0.625000 0.500000
vt 0.643984 0.725010
vt 0.625000 0.750000
s 0
usemtl Material.003
f 2514/983/697 2513/984/697 2520/985/697 2533/986/697
f 2517/987/698 2530/988/698 2533/989/698 2520/990/698
f 2519/991/699 2536/992/699 2532/993/699 2518/994/699
f 2519/995/700 2518/994/700 2517/987/700 2520/996/700
f 2518/994/701 2532/997/701 2530/988/701 2517/987/701
f 2513/984/697 2515/998/697 2519/991/697 2520/985/697
f 2516/999/697 2514/983/697 2533/1000/697 2536/992/697
f 2515/998/697 2516/999/697 2536/992/697 2519/991/697
f 2516/999/702 2515/998/702 2522/998/702 2527/999/702
f 2524/1001/697 2525/1002/697 2528/1003/697 2521/1004/697
f 2513/984/702 2514/983/702 2526/983/702 2523/984/702
f 2514/983/702 2516/999/702 2527/999/702 2528/1003/702 2525/1002/702 2526/983/702
f 2523/984/703 2526/983/703 2525/1002/703 2524/1001/703
f 2527/999/704 2522/998/704 2521/1004/704 2528/1003/704
f 2515/998/700 2513/984/700 2523/984/700 2524/1001/700 2521/1004/700 2522/998/700
f 2534/1005/705 2535/1006/705 2536/1007/705 2533/1008/705
f 2535/1006/706 2531/1009/706 2532/1010/706 2536/1007/706
f 2531/1009/707 2529/1011/707 2530/988/707 2532/997/707
f 2529/1011/708 2534/1005/708 2533/1008/708 2530/1012/708
f 2531/1009/702 2535/1006/702 2534/1005/702 2529/1011/702
o Cylinder.001
v -1.165626 2.608184 -0.533981
v -0.714778 2.608184 -0.533981
v -1.165626 2.344690 -0.473149
v -0.714778 2.344690 -0.473149
v -1.165626 2.167275 -0.269056
v -0.714778 2.167275 -0.269056
v -1.165626 2.143706 0.000339
v -0.714778 2.143706 0.000339
v -1.165626 2.282985 0.232139
v -0.714778 2.282985 0.232139
v -1.165626 2.531913 0.337802
v -0.714778 2.531913 0.337802
v -1.165626 2.795406 0.276970
v -0.714778 2.795406 0.276970
v -1.165626 2.972821 0.072878
v -0.714778 2.972821 0.072878
v -1.165626 2.996390 -0.196518
v -0.714778 2.996390 -0.196518
v -1.165626 2.857111 -0.428318
v -0.714778 2.857111 -0.428318
vn -0.0000 -0.2250 -0.9744
vn -0.0000 -0.7547 -0.6561
vn -0.0000 -0.9962 -0.0872
vn -0.0000 -0.8572 0.5150
vn -0.0000 -0.3907 0.9205
vn -0.0000 0.2250 0.9744
vn -0.0000 0.7547 0.6561
vn -0.0000 0.9962 0.0872
vn 1.0000 -0.0000 -0.0000
vn -0.0000 0.8572 -0.5150
vn -0.0000 0.3907 -0.9205
vn -1.0000 -0.0000 -0.0000
vt 1.000000 0.500000
vt 1.000000 1.000000
vt 0.900000 1.000000
vt 0.900000 0.500000
vt 0.800000 1.000000
vt 0.800000 0.500000
vt 0.700000 1.000000
vt 0.700000 0.500000
vt 0.600000 1.000000
vt 0.600000 0.500000
vt 0.500000 1.000000
vt 0.500000 0.500000
vt 0.400000 1.000000
vt 0.400000 0.500000
vt 0.300000 1.000000
vt 0.300000 0.500000
vt 0.200000 1.000000
vt 0.200000 0.500000
vt 0.391068 0.444164
vt 0.250000 0.490000
vt 0.108932 0.444164
vt 0.021746 0.324164
vt 0.021746 0.175836
vt 0.108932 0.055836
vt 0.250000 0.010000
vt 0.391068 0.055836
vt 0.478254 0.175836
vt 0.478254 0.324164
vt 0.100000 1.000000
vt 0.100000 0.500000
vt -0.000000 1.000000
vt -0.000000 0.500000
vt 0.750000 0.490000
vt 0.891068 0.444164
vt 0.978254 0.324164
vt 0.978254 0.175836
vt 0.891068 0.055836
vt 0.750000 0.010000
vt 0.608932 0.055836
vt 0.521746 0.175836
vt 0.521746 0.324164
vt 0.608932 0.444164
s 0
usemtl Material.007
f 2537/1013/709 2538/1014/709 2540/1015/709 2539/1016/709
f 2539/1016/710 2540/1015/710 2542/1017/710 2541/1018/710
f 2541/1018/711 2542/1017/711 2544/1019/711 2543/1020/711
f 2543/1020/712 2544/1019/712 2546/1021/712 2545/1022/712
f 2545/1022/713 2546/1021/713 2548/1023/713 2547/1024/713
f 2547/1024/714 2548/1023/714 2550/1025/714 2549/1026/714
f 2549/1026/715 2550/1025/715 2552/1027/715 2551/1028/715
f 2551/1028/716 2552/1027/716 2554/1029/716 2553/1030/716
f 2540/1031/717 2538/1032/717 2556/1033/717 2554/1034/717 2552/1035/717 2550/1036/717 2548/1037/717 2546/1038/717 2544/1039/717 2542/1040/717
f 2553/1030/718 2554/1029/718 2556/1041/718 2555/1042/718
f 2555/1042/719 2556/1041/719 2538/1043/719 2537/1044/719
f 2537/1045/720 2539/1046/720 2541/1047/720 2543/1048/720 2545/1049/720 2547/1050/720 2549/1051/720 2551/1052/720 2553/1053/720 2555/1054/720
o Cylinder.002
v -1.476656 2.577070 -0.454855
v -1.142910 2.577070 -0.454855
v -1.476656 2.352021 -0.402898
v -1.142910 2.352021 -0.402898
v -1.476656 2.200493 -0.228585
v -1.142910 2.200493 -0.228585
v -1.476656 2.180362 0.001504
v -1.142910 2.180362 0.001504
v -1.476656 2.299320 0.199482
v -1.142910 2.299320 0.199482
v -1.476656 2.511927 0.289729
v -1.142910 2.511927 0.289729
v -1.476656 2.736975 0.237772
v -1.142910 2.736975 0.237772
v -1.476656 2.888504 0.063459
v -1.142910 2.888504 0.063459
v -1.476656 2.908634 -0.166630
v -1.142910 2.908634 -0.166630
v -1.476656 2.789677 -0.364609
v -1.142910 2.789677 -0.364609
v -1.476656 2.570116 -0.375382
v -1.476656 2.393109 -0.334517
v -1.476656 2.273927 -0.197414
v -1.476656 2.258094 -0.016442
v -1.476656 2.351658 0.139274
v -1.476656 2.518880 0.210256
v -1.476656 2.695887 0.169390
v -1.476656 2.815069 0.032287
v -1.476656 2.830902 -0.148685
v -1.476656 2.737338 -0.304400
v -3.738856 2.570116 -0.375382
v -3.738856 2.393109 -0.334517
v -3.738856 2.273927 -0.197414
v -3.738856 2.258094 -0.016442
v -3.738856 2.351658 0.139274
v -3.738856 2.518880 0.210256
v -3.738856 2.695887 0.169390
v -3.738856 2.815069 0.032287
v -3.738856 2.830902 -0.148685
v -3.738856 2.737338 -0.304400
v -1.476656 2.577662 -0.461626
v -1.476656 2.348521 -0.408725
v -1.476656 2.194236 -0.231241
v -1.476656 2.173740 0.003033
v -1.476656 2.294860 0.204612
v -1.476656 2.511334 0.296500
v -1.476656 2.740476 0.243598
v -1.476656 2.894760 0.066114
v -1.476656 2.915257 -0.168159
v -1.476656 2.794136 -0.369738
v -3.738856 2.577662 -0.461626
v -3.738856 2.348521 -0.408725
v -3.738856 2.194236 -0.231241
v -3.738856 2.173740 0.003033
v -3.738856 2.294860 0.204612
v -3.738856 2.511334 0.296500
v -3.738856 2.740476 0.243598
v -3.738856 2.894760 0.066114
v -3.738856 2.915256 -0.168159
v -3.738856 2.794136 -0.369738
vn -0.0000 -0.2250 -0.9744
vn -0.0000 -0.7547 -0.6561
vn -0.0000 -0.9962 -0.0872
vn -0.0000 -0.8572 0.5150
vn -0.0000 -0.3907 0.9205
vn -0.0000 0.2250 0.9744
vn -0.0000 0.7547 0.6561
vn -0.0000 0.9962 0.0872
vn 1.0000 -0.0000 -0.0000
vn -0.0000 0.8572 -0.5150
vn -0.0000 0.3907 -0.9205
vn -1.0000 -0.0000 -0.0000
vt 1.000000 0.500000
vt 1.000000 1.000000
vt 0.900000 1.000000
vt 0.900000 0.500000
vt 0.800000 1.000000
vt 0.800000 0.500000
vt 0.700000 1.000000
vt 0.700000 0.500000
vt 0.600000 1.000000
vt 0.600000 0.500000
vt 0.500000 1.000000
vt 0.500000 0.500000
vt 0.400000 1.000000
vt 0.400000 0.500000
vt 0.300000 1.000000
vt 0.300000 0.500000
vt 0.200000 1.000000
vt 0.200000 0.500000
vt 0.391068 0.444164
vt 0.250000 0.490000
vt 0.108932 0.444164
vt 0.021746 0.324164
vt 0.021746 0.175836
vt 0.108932 0.055836
vt 0.250000 0.010000
vt 0.391068 0.055836
vt 0.478254 0.175836
vt 0.478254 0.324164
vt 0.100000 1.000000
vt 0.100000 0.500000
vt -0.000000 1.000000
vt -0.000000 0.500000
vt 0.000000 0.000000
s 0
usemtl Material.006
f 2557/1055/721 2558/1056/721 2560/1057/721 2559/1058/721
f 2559/1058/722 2560/1057/722 2562/1059/722 2561/1060/722
f 2561/1060/723 2562/1059/723 2564/1061/723 2563/1062/723
f 2563/1062/724 2564/1061/724 2566/1063/724 2565/1064/724
f 2565/1064/725 2566/1063/725 2568/1065/725 2567/1066/725
f 2567/1066/726 2568/1065/726 2570/1067/726 2569/1068/726
f 2569/1068/727 2570/1067/727 2572/1069/727 2571/1070/727
f 2571/1070/728 2572/1069/728 2574/1071/728 2573/1072/728
f 2560/1073/729 2558/1074/729 2576/1075/729 2574/1076/729 2572/1077/729 2570/1078/729 2568/1079/729 2566/1080/729 2564/1081/729 2562/1082/729
f 2573/1072/730 2574/1071/730 2576/1083/730 2575/1084/730
f 2575/1084/731 2576/1083/731 2558/1085/731 2557/1086/731
f 2563/1062/732 2565/1064/732 2581/1064/732 2580/1062/732
f 2587/1087/732 2596/1087/732 2616/1087/732 2607/1087/732
f 2557/1055/732 2559/1058/732 2578/1058/732 2577/1055/732
f 2561/1060/732 2563/1062/732 2580/1062/732 2579/1060/732
f 2559/1058/732 2561/1060/732 2579/1060/732 2578/1058/732
f 2575/1084/732 2557/1086/732 2577/1086/732 2586/1084/732
f 2573/1072/732 2575/1084/732 2586/1084/732 2585/1072/732
f 2571/1070/732 2573/1072/732 2585/1072/732 2584/1070/732
f 2569/1068/732 2571/1070/732 2584/1070/732 2583/1068/732
f 2567/1066/732 2569/1068/732 2583/1068/732 2582/1066/732
f 2565/1064/732 2567/1066/732 2582/1066/732 2581/1064/732
f 2589/1087/732 2588/1087/732 2608/1087/732 2609/1087/732
f 2583/1068/729 2584/1070/729 2604/1070/729 2603/1068/729
f 2596/1087/732 2595/1087/732 2615/1087/732 2616/1087/732
f 2588/1087/732 2587/1087/732 2607/1087/732 2608/1087/732
f 2582/1066/729 2583/1068/729 2603/1068/729 2602/1066/729
f 2595/1087/732 2594/1087/732 2614/1087/732 2615/1087/732
f 2581/1064/729 2582/1066/729 2602/1066/729 2601/1064/729
f 2594/1087/732 2593/1087/732 2613/1087/732 2614/1087/732
f 2580/1062/729 2581/1064/729 2601/1064/729 2600/1062/729
f 2599/1060/723 2600/1062/723 2610/1062/723 2609/1060/723
f 2606/1084/731 2597/1086/731 2607/1086/731 2616/1084/731
f 2603/1068/727 2604/1070/727 2614/1070/727 2613/1068/727
f 2600/1062/724 2601/1064/724 2611/1064/724 2610/1062/724
f 2597/1055/721 2598/1058/721 2608/1058/721 2607/1055/721
f 2604/1070/728 2605/1072/728 2615/1072/728 2614/1070/728
f 2601/1064/725 2602/1066/725 2612/1066/725 2611/1064/725
f 2598/1058/722 2599/1060/722 2609/1060/722 2608/1058/722
f 2605/1072/730 2606/1084/730 2616/1084/730 2615/1072/730
f 2602/1066/726 2603/1068/726 2613/1068/726 2612/1066/726
f 2584/1070/729 2585/1072/729 2605/1072/729 2604/1070/729
f 2590/1087/732 2589/1087/732 2609/1087/732 2610/1087/732
f 2577/1055/729 2578/1058/729 2598/1058/729 2597/1055/729
f 2585/1072/729 2586/1084/729 2606/1084/729 2605/1072/729
f 2591/1087/732 2590/1087/732 2610/1087/732 2611/1087/732
f 2578/1058/729 2579/1060/729 2599/1060/729 2598/1058/729
f 2586/1084/729 2577/1086/729 2597/1086/729 2606/1084/729
f 2592/1087/732 2591/1087/732 2611/1087/732 2612/1087/732
f 2579/1060/729 2580/1062/729 2600/1062/729 2599/1060/729
f 2593/1087/732 2592/1087/732 2612/1087/732 2613/1087/732
o Cylinder.004
v 2.119465 3.159245 -0.219509
v 2.119465 3.345150 -0.219509
v 2.428947 3.159245 -0.118952
v 2.428947 3.345150 -0.118952
v 2.620218 3.159245 0.144309
v 2.620218 3.345150 0.144309
v 2.620218 3.159245 0.469718
v 2.620218 3.345150 0.469718
v 2.428947 3.159245 0.732979
v 2.428947 3.345150 0.732979
v 2.119465 3.159245 0.833536
v 2.119465 3.345150 0.833536
v 1.809983 3.159245 0.732979
v 1.809983 3.345150 0.732979
v 1.618713 3.159245 0.469718
v 1.618713 3.345150 0.469718
v 1.618713 3.159245 0.144309
v 1.618713 3.345150 0.144309
v 1.809983 3.159245 -0.118952
v 1.809983 3.345150 -0.118952
vn 0.3090 -0.0000 -0.9511
vn 0.8090 -0.0000 -0.5878
vn 1.0000 -0.0000 -0.0000
vn 0.8090 -0.0000 0.5878
vn 0.3090 -0.0000 0.9511
vn -0.3090 -0.0000 0.9511
vn -0.8090 -0.0000 0.5878
vn -1.0000 -0.0000 -0.0000
vn -0.0000 1.0000 -0.0000
vn -0.8090 -0.0000 -0.5878
vn -0.3090 -0.0000 -0.9511
vn -0.0000 -1.0000 -0.0000
vt 1.000000 0.500000
vt 1.000000 1.000000
vt 0.900000 1.000000
vt 0.900000 0.500000
vt 0.800000 1.000000
vt 0.800000 0.500000
vt 0.700000 1.000000
vt 0.700000 0.500000
vt 0.600000 1.000000
vt 0.600000 0.500000
vt 0.500000 1.000000
vt 0.500000 0.500000
vt 0.400000 1.000000
vt 0.400000 0.500000
vt 0.300000 1.000000
vt 0.300000 0.500000
vt 0.200000 1.000000
vt 0.200000 0.500000
vt 0.391068 0.444164
vt 0.250000 0.490000
vt 0.108932 0.444164
vt 0.021746 0.324164
vt 0.021746 0.175836
vt 0.108932 0.055836
vt 0.250000 0.010000
vt 0.391068 0.055836
vt 0.478254 0.175836
vt 0.478254 0.324164
vt 0.100000 1.000000
vt 0.100000 0.500000
vt -0.000000 1.000000
vt -0.000000 0.500000
vt 0.750000 0.490000
vt 0.891068 0.444164
vt 0.978254 0.324164
vt 0.978254 0.175836
vt 0.891068 0.055836
vt 0.750000 0.010000
vt 0.608932 0.055836
vt 0.521746 0.175836
vt 0.521746 0.324164
vt 0.608932 0.444164
s 0
usemtl Material.005
f 2617/1088/733 2618/1089/733 2620/1090/733 2619/1091/733
f 2619/1091/734 2620/1090/734 2622/1092/734 2621/1093/734
f 2621/1093/735 2622/1092/735 2624/1094/735 2623/1095/735
f 2623/1095/736 2624/1094/736 2626/1096/736 2625/1097/736
f 2625/1097/737 2626/1096/737 2628/1098/737 2627/1099/737
f 2627/1099/738 2628/1098/738 2630/1100/738 2629/1101/738
f 2629/1101/739 2630/1100/739 2632/1102/739 2631/1103/739
f 2631/1103/740 2632/1102/740 2634/1104/740 2633/1105/740
f 2620/1106/741 2618/1107/741 2636/1108/741 2634/1109/741 2632/1110/741 2630/1111/741 2628/1112/741 2626/1113/741 2624/1114/741 2622/1115/741
f 2633/1105/742 2634/1104/742 2636/1116/742 2635/1117/742
f 2635/1117/743 2636/1116/743 2618/1118/743 2617/1119/743
f 2617/1120/744 2619/1121/744 2621/1122/744 2623/1123/744 2625/1124/744 2627/1125/744 2629/1126/744 2631/1127/744 2633/1128/744 2635/1129/744
