Using pre-set license
Built from '2022.3/staging' branch; Version is '2022.3.55f1 (9f374180d209) revision 10434369'; Using compiler version '192829333'; Build Type 'Release'
OS: 'Windows 10  (10.0.19045) 64bit Core' Language: 'uk' Physical Memory: 5989 MB
BatchMode: 1, IsHumanControllingUs: 0, StartBugReporterOnCrash: 0, Is64bit: 1, IsPro: 1

COMMAND LINE ARGUMENTS:
C:\Program Files\Unity\Hub\Editor\2022.3.55f1\Editor\Unity.exe
-adb2
-batchMode
-noUpm
-name
AssetImportWorker0
-projectPath
C:/Users/volzh/Documents/GitHub/game-tanki3d/TANKI3D/Tanki3d
-logFile
Logs/AssetImportWorker0.log
-srvPort
55800
Successfully changed project path to: C:/Users/volzh/Documents/GitHub/game-tanki3d/TANKI3D/Tanki3d
C:/Users/volzh/Documents/GitHub/game-tanki3d/TANKI3D/Tanki3d
[UnityMemory] Configuration Parameters - Can be set up in boot.config
    "memorysetup-bucket-allocator-granularity=16"
    "memorysetup-bucket-allocator-bucket-count=8"
    "memorysetup-bucket-allocator-block-size=33554432"
    "memorysetup-bucket-allocator-block-count=8"
    "memorysetup-main-allocator-block-size=16777216"
    "memorysetup-thread-allocator-block-size=16777216"
    "memorysetup-gfx-main-allocator-block-size=16777216"
    "memorysetup-gfx-thread-allocator-block-size=16777216"
    "memorysetup-cache-allocator-block-size=4194304"
    "memorysetup-typetree-allocator-block-size=2097152"
    "memorysetup-profiler-bucket-allocator-granularity=16"
    "memorysetup-profiler-bucket-allocator-bucket-count=8"
    "memorysetup-profiler-bucket-allocator-block-size=33554432"
    "memorysetup-profiler-bucket-allocator-block-count=8"
    "memorysetup-profiler-allocator-block-size=16777216"
    "memorysetup-profiler-editor-allocator-block-size=1048576"
    "memorysetup-temp-allocator-size-main=16777216"
    "memorysetup-job-temp-allocator-block-size=2097152"
    "memorysetup-job-temp-allocator-block-size-background=1048576"
    "memorysetup-job-temp-allocator-reduction-small-platforms=262144"
    "memorysetup-allocator-temp-initial-block-size-main=262144"
    "memorysetup-allocator-temp-initial-block-size-worker=262144"
    "memorysetup-temp-allocator-size-background-worker=32768"
    "memorysetup-temp-allocator-size-job-worker=262144"
    "memorysetup-temp-allocator-size-preload-manager=33554432"
    "memorysetup-temp-allocator-size-nav-mesh-worker=65536"
    "memorysetup-temp-allocator-size-audio-worker=65536"
    "memorysetup-temp-allocator-size-cloud-worker=32768"
    "memorysetup-temp-allocator-size-gi-baking-worker=262144"
    "memorysetup-temp-allocator-size-gfx=262144"
Player connection [15752]  Target information:

Player connection [15752]  * "[IP] 192.168.68.104 [Port] 0 [Flags] 2 [Guid] 1235439752 [EditorId] 1235439752 [Version] 1048832 [Id] WindowsEditor(7,DESKTOP-Z3N1TSU) [Debug] 1 [PackageName] WindowsEditor [ProjectName] Editor" 

Player connection [15752] Host joined multi-casting on [225.0.0.222:54997]...
Player connection [15752] Host joined alternative multi-casting on [225.0.0.222:34997]...
[PhysX] Initialized MultithreadedTaskDispatcher with 8 workers.
Refreshing native plugins compatible for Editor in 1254.31 ms, found 5 plugins.
Preloading 0 native plugins for Editor in 0.00 ms.
Initialize engine version: 2022.3.55f1 (9f374180d209)
[Subsystems] Discovering subsystems at path C:/Program Files/Unity/Hub/Editor/2022.3.55f1/Editor/Data/Resources/UnitySubsystems
[Subsystems] Discovering subsystems at path C:/Users/volzh/Documents/GitHub/game-tanki3d/TANKI3D/Tanki3d/Assets
GfxDevice: creating device client; threaded=0; jobified=0
Direct3D:
    Version:  Direct3D 11.0 [level 11.1]
    Renderer: AMD Radeon(TM) Graphics (ID=0x164c)
    Vendor:   ATI
    VRAM:     2994 MB
    Driver:   31.0.21921.1000
Initialize mono
Mono path[0] = 'C:/Program Files/Unity/Hub/Editor/2022.3.55f1/Editor/Data/Managed'
Mono path[1] = 'C:/Program Files/Unity/Hub/Editor/2022.3.55f1/Editor/Data/MonoBleedingEdge/lib/mono/unityjit-win32'
Mono config path = 'C:/Program Files/Unity/Hub/Editor/2022.3.55f1/Editor/Data/MonoBleedingEdge/etc'
Using monoOptions --debugger-agent=transport=dt_socket,embedding=1,server=y,suspend=n,address=127.0.0.1:56152
Begin MonoManager ReloadAssembly
Registering precompiled unity dll's ...
Register platform support module: C:/Program Files/Unity/Hub/Editor/2022.3.55f1/Editor/Data/PlaybackEngines/WindowsStandaloneSupport/UnityEditor.WindowsStandalone.Extensions.dll
Registered in 0.211255 seconds.
- Loaded All Assemblies, in  9.231 seconds
Native extension for WindowsStandalone target not found
Mono: successfully reloaded assembly
- Finished resetting the current domain, in  0.325 seconds
Domain Reload Profiling: 9554ms
	BeginReloadAssembly (8611ms)
		ExecutionOrderSort (0ms)
		DisableScriptedObjects (0ms)
		BackupInstance (0ms)
		ReleaseScriptingObjects (0ms)
		CreateAndSetChildDomain (1ms)
	RebuildCommonClasses (45ms)
	RebuildNativeTypeToScriptingClass (15ms)
	initialDomainReloadingComplete (275ms)
	LoadAllAssembliesAndSetupDomain (283ms)
		LoadAssemblies (8611ms)
		RebuildTransferFunctionScriptingTraits (0ms)
		AnalyzeDomain (273ms)
			TypeCache.Refresh (272ms)
				TypeCache.ScanAssembly (255ms)
			ScanForSourceGeneratedMonoScriptInfo (1ms)
			ResolveRequiredComponents (1ms)
	FinalizeReload (325ms)
		ReleaseScriptCaches (0ms)
		RebuildScriptCaches (0ms)
		SetupLoadedEditorAssemblies (270ms)
			LogAssemblyErrors (0ms)
			InitializePlatformSupportModulesInManaged (10ms)
			SetLoadedEditorAssemblies (9ms)
			RefreshPlugins (0ms)
			BeforeProcessingInitializeOnLoad (4ms)
			ProcessInitializeOnLoadAttributes (185ms)
			ProcessInitializeOnLoadMethodAttributes (62ms)
			AfterProcessingInitializeOnLoad (0ms)
			EditorAssembliesLoaded (0ms)
		ExecutionOrderSort2 (0ms)
		AwakeInstancesAfterBackupRestoration (0ms)
========================================================================
Worker process is ready to serve import requests
Caller must complete domain reload
Begin MonoManager ReloadAssembly
- Loaded All Assemblies, in 14.140 seconds
Native extension for WindowsStandalone target not found
Mono: successfully reloaded assembly
- Finished resetting the current domain, in  1.496 seconds
Domain Reload Profiling: 15628ms
	BeginReloadAssembly (237ms)
		ExecutionOrderSort (0ms)
		DisableScriptedObjects (6ms)
		BackupInstance (0ms)
		ReleaseScriptingObjects (0ms)
		CreateAndSetChildDomain (27ms)
	RebuildCommonClasses (39ms)
	RebuildNativeTypeToScriptingClass (14ms)
	initialDomainReloadingComplete (67ms)
	LoadAllAssembliesAndSetupDomain (13774ms)
		LoadAssemblies (13462ms)
		RebuildTransferFunctionScriptingTraits (0ms)
		AnalyzeDomain (466ms)
			TypeCache.Refresh (393ms)
				TypeCache.ScanAssembly (355ms)
			ScanForSourceGeneratedMonoScriptInfo (57ms)
			ResolveRequiredComponents (14ms)
	FinalizeReload (1496ms)
		ReleaseScriptCaches (0ms)
		RebuildScriptCaches (0ms)
		SetupLoadedEditorAssemblies (1225ms)
			LogAssemblyErrors (0ms)
			InitializePlatformSupportModulesInManaged (9ms)
			SetLoadedEditorAssemblies (7ms)
			RefreshPlugins (0ms)
			BeforeProcessingInitializeOnLoad (124ms)
			ProcessInitializeOnLoadAttributes (970ms)
			ProcessInitializeOnLoadMethodAttributes (107ms)
			AfterProcessingInitializeOnLoad (8ms)
			EditorAssembliesLoaded (0ms)
		ExecutionOrderSort2 (0ms)
		AwakeInstancesAfterBackupRestoration (7ms)
Launched and connected shader compiler UnityShaderCompiler.exe after 0.06 seconds
Refreshing native plugins compatible for Editor in 12.01 ms, found 5 plugins.
Preloading 0 native plugins for Editor in 0.00 ms.
Unloading 6327 Unused Serialized files (Serialized files now loaded: 0)
Unloading 84 unused Assets / (3.5 MB). Loaded Objects now: 6781.
Memory consumption went from 233.6 MB to 230.1 MB.
Total: 8.498800 ms (FindLiveObjects: 0.681000 ms CreateObjectMapping: 0.534000 ms MarkObjects: 5.638600 ms  DeleteObjects: 1.643600 ms)

AssetImportParameters requested are different than current active one (requested -> active):
  custom:container-demuxer-ogg: 62fdf1f143b41e24485cea50d1cbac27 -> 
  custom:video-decoder-ogg-theora: a1e56fd34408186e4bbccfd4996cb3dc -> 
  custom:framework-win-MediaFoundation: 216162199b28c13a410421893ffa2e32 -> 
  custom:CustomObjectIndexerAttribute: 9a22284fe3817be447336de3de66b15e -> 
  custom:container-demuxer-webm: 4f35f7cbe854078d1ac9338744f61a02 -> 
  custom:container-muxer-webm: aa71ff27fc2769a1b78a27578f13a17b -> 
  custom:video-decoder-webm-vp8: 9c59270c3fd7afecdb556c50c9e8de78 -> 
  custom:SearchIndexIgnoredProperties: e643bd26f0fe6173181afceb89e7c659 -> 
  custom:AudioImporter_EditorPlatform: d09bf68614088b80899f8185d706f6e7 -> 
  custom:video-encoder-webm-vp8: eb34c28f22e8b96e1ab97ce403110664 -> 
  custom:audio-decoder-ogg-vorbis: bf7c407c2cedff20999df2af8eb42d56 -> 
  custom:audio-encoder-webm-vorbis: bf7c407c2cedff20999df2af8eb42d56 -> 
========================================================================
Received Import Request.
  Time since last request: 58360.453957 seconds.
  path: Assets/Sprites
  artifactKey: Guid(f9eba8ed709e97d4f99b60dd7f3ce4a2) Importer(815301076,1909f56bfc062723c751e8b465ee728b)
Start importing Assets/Sprites using Guid(f9eba8ed709e97d4f99b60dd7f3ce4a2) Importer(815301076,1909f56bfc062723c751e8b465ee728b) [PhysX] Initialized MultithreadedTaskDispatcher with 8 workers.
 -> (artifact id: 'fd3cbcd2752bdac21755a3b7e3aeb4a4') in 0.004845 seconds
Number of updated asset objects reloaded before import = 0
Number of asset objects unloaded after import = 0
========================================================================
Received Import Request.
  Time since last request: 6.292664 seconds.
  path: Assets/UI
  artifactKey: Guid(c740649f294ac594b9f7412fa326e1e0) Importer(815301076,1909f56bfc062723c751e8b465ee728b)
Start importing Assets/UI using Guid(c740649f294ac594b9f7412fa326e1e0) Importer(815301076,1909f56bfc062723c751e8b465ee728b) [PhysX] Initialized MultithreadedTaskDispatcher with 8 workers.
 -> (artifact id: '8c4857103448c29ed4f82a0a39fe4b57') in 0.000967 seconds
Number of updated asset objects reloaded before import = 0
Number of asset objects unloaded after import = 0
========================================================================
Received Import Request.
  Time since last request: 8.913642 seconds.
  path: Assets/Shaders
  artifactKey: Guid(e7ab029c4cdb4cc448153e0ecde40ecf) Importer(815301076,1909f56bfc062723c751e8b465ee728b)
Start importing Assets/Shaders using Guid(e7ab029c4cdb4cc448153e0ecde40ecf) Importer(815301076,1909f56bfc062723c751e8b465ee728b) [PhysX] Initialized MultithreadedTaskDispatcher with 8 workers.
 -> (artifact id: '104b34ed9fb7a8775cd96be3b443a19e') in 0.000756 seconds
Number of updated asset objects reloaded before import = 0
Number of asset objects unloaded after import = 0
========================================================================
Received Import Request.
  Time since last request: 11.078594 seconds.
  path: Assets/Audio
  artifactKey: Guid(06c32de982f18ee46889ce305f2a7be7) Importer(815301076,1909f56bfc062723c751e8b465ee728b)
Start importing Assets/Audio using Guid(06c32de982f18ee46889ce305f2a7be7) Importer(815301076,1909f56bfc062723c751e8b465ee728b) [PhysX] Initialized MultithreadedTaskDispatcher with 8 workers.
 -> (artifact id: '7fdd02d49c6e9b3ab9e2a406d8ed4fb0') in 0.000792 seconds
Number of updated asset objects reloaded before import = 0
Number of asset objects unloaded after import = 0
========================================================================
Received Import Request.
  Time since last request: 7.297447 seconds.
  path: Assets/Audio/New Audio
  artifactKey: Guid(5fecab3b03a97c646a7592f1285a8faa) Importer(815301076,1909f56bfc062723c751e8b465ee728b)
Start importing Assets/Audio/New Audio using Guid(5fecab3b03a97c646a7592f1285a8faa) Importer(815301076,1909f56bfc062723c751e8b465ee728b) [PhysX] Initialized MultithreadedTaskDispatcher with 8 workers.
 -> (artifact id: 'bcddd62e3905ce873debbcaf34c9ed14') in 0.000877 seconds
Number of updated asset objects reloaded before import = 0
Number of asset objects unloaded after import = 0
========================================================================
Received Import Request.
  Time since last request: 7.235855 seconds.
  path: Assets/Audio/Old Audio
  artifactKey: Guid(ebd747fd9c0b76645bb7ea4a415a7562) Importer(815301076,1909f56bfc062723c751e8b465ee728b)
Start importing Assets/Audio/Old Audio using Guid(ebd747fd9c0b76645bb7ea4a415a7562) Importer(815301076,1909f56bfc062723c751e8b465ee728b) [PhysX] Initialized MultithreadedTaskDispatcher with 8 workers.
 -> (artifact id: 'acb70655d65884d9f7ead7b581f5f7d2') in 0.000815 seconds
Number of updated asset objects reloaded before import = 0
Number of asset objects unloaded after import = 0
========================================================================
Received Import Request.
  Time since last request: 2.108692 seconds.
  path: Assets/new
  artifactKey: Guid(d66fe286cec66e443bf216165066f7e2) Importer(815301076,1909f56bfc062723c751e8b465ee728b)
Start importing Assets/new using Guid(d66fe286cec66e443bf216165066f7e2) Importer(815301076,1909f56bfc062723c751e8b465ee728b) [PhysX] Initialized MultithreadedTaskDispatcher with 8 workers.
 -> (artifact id: '3332885cb1d6d2b774e95c7093e1aff0') in 0.000865 seconds
Number of updated asset objects reloaded before import = 0
Number of asset objects unloaded after import = 0
========================================================================
Received Import Request.
  Time since last request: 0.903063 seconds.
  path: Assets/new/audio
  artifactKey: Guid(6d6da72a64321f64c8a27dfd93fb8e01) Importer(815301076,1909f56bfc062723c751e8b465ee728b)
Start importing Assets/new/audio using Guid(6d6da72a64321f64c8a27dfd93fb8e01) Importer(815301076,1909f56bfc062723c751e8b465ee728b) [PhysX] Initialized MultithreadedTaskDispatcher with 8 workers.
 -> (artifact id: 'c356aac824d51f94ebf2b582fb77cafe') in 0.000896 seconds
Number of updated asset objects reloaded before import = 0
Number of asset objects unloaded after import = 0
========================================================================
Received Import Request.
  Time since last request: 0.064561 seconds.
  path: Assets/new/audio/bolshoy-vzryiv (mp3cut.net).mp3
  artifactKey: Guid(196b84815aed7b44a8b9b864e47f30f0) Importer(815301076,1909f56bfc062723c751e8b465ee728b)
Start importing Assets/new/audio/bolshoy-vzryiv (mp3cut.net).mp3 using Guid(196b84815aed7b44a8b9b864e47f30f0) Importer(815301076,1909f56bfc062723c751e8b465ee728b) [PhysX] Initialized MultithreadedTaskDispatcher with 8 workers.
[PhysX] Initialized MultithreadedTaskDispatcher with 8 workers.
 -> (artifact id: '58dd5763a782c5f24c21a190273d8053') in 0.153556 seconds
Number of updated asset objects reloaded before import = 0
Number of asset objects unloaded after import = 2
========================================================================
Received Import Request.
  Time since last request: 0.000070 seconds.
  path: Assets/new/audio/Wham! - Last Christmas (minus 25).mp3
  artifactKey: Guid(bc582601a2217ba4e9ab55eb7be35616) Importer(815301076,1909f56bfc062723c751e8b465ee728b)
Start importing Assets/new/audio/Wham! - Last Christmas (minus 25).mp3 using Guid(bc582601a2217ba4e9ab55eb7be35616) Importer(815301076,1909f56bfc062723c751e8b465ee728b) [PhysX] Initialized MultithreadedTaskDispatcher with 8 workers.
[PhysX] Initialized MultithreadedTaskDispatcher with 8 workers.
 -> (artifact id: '10aa4cf71474f701deeef0f5cd6643dc') in 0.020603 seconds
Number of updated asset objects reloaded before import = 0
Number of asset objects unloaded after import = 2
========================================================================
Received Import Request.
  Time since last request: 0.000052 seconds.
  path: Assets/new/audio/GameAudioMixer.mixer
  artifactKey: Guid(439d313f1907f6046840e0e90ddf513e) Importer(815301076,1909f56bfc062723c751e8b465ee728b)
Start importing Assets/new/audio/GameAudioMixer.mixer using Guid(439d313f1907f6046840e0e90ddf513e) Importer(815301076,1909f56bfc062723c751e8b465ee728b) [PhysX] Initialized MultithreadedTaskDispatcher with 8 workers.
Refreshing native plugins compatible for Editor in 6.62 ms, found 5 plugins.
Preloading 0 native plugins for Editor in 0.00 ms.
 -> (artifact id: 'af07a0c25bb2aa07e2899dde4bf2930e') in 0.010934 seconds
Number of updated asset objects reloaded before import = 0
Number of asset objects unloaded after import = 10
========================================================================
Received Import Request.
  Time since last request: 6.359957 seconds.
  path: Assets/old
  artifactKey: Guid(4ecd1d87d89b7c64abab8eb07bab5956) Importer(815301076,1909f56bfc062723c751e8b465ee728b)
Start importing Assets/old using Guid(4ecd1d87d89b7c64abab8eb07bab5956) Importer(815301076,1909f56bfc062723c751e8b465ee728b) [PhysX] Initialized MultithreadedTaskDispatcher with 8 workers.
 -> (artifact id: '3bd31875ca42903ae0c40b75beca22ce') in 0.001022 seconds
Number of updated asset objects reloaded before import = 0
Number of asset objects unloaded after import = 0
========================================================================
Received Import Request.
  Time since last request: 0.070220 seconds.
  path: Assets/old/Button.prefab
  artifactKey: Guid(6bc338faeadf3ed4990d0e167ef96056) Importer(815301076,1909f56bfc062723c751e8b465ee728b)
Start importing Assets/old/Button.prefab using Guid(6bc338faeadf3ed4990d0e167ef96056) Importer(815301076,1909f56bfc062723c751e8b465ee728b) [PhysX] Initialized MultithreadedTaskDispatcher with 8 workers.
 -> (artifact id: 'a6f8f818907cb078f3498350084f166d') in 0.030917 seconds
Number of updated asset objects reloaded before import = 0
Number of asset objects unloaded after import = 8
========================================================================
Received Import Request.
  Time since last request: 0.000032 seconds.
  path: Assets/old/Без названия(1).png
  artifactKey: Guid(0ffd87fc013ca4b46ba95595e030c1c4) Importer(815301076,1909f56bfc062723c751e8b465ee728b)
Start importing Assets/old/Без названия(1).png using Guid(0ffd87fc013ca4b46ba95595e030c1c4) Importer(815301076,1909f56bfc062723c751e8b465ee728b) [PhysX] Initialized MultithreadedTaskDispatcher with 8 workers.
[PhysX] Initialized MultithreadedTaskDispatcher with 8 workers.
 -> (artifact id: '8e2c73b24a1838d5bc1a3f686cd736e1') in 0.090385 seconds
Number of updated asset objects reloaded before import = 0
Number of asset objects unloaded after import = 3
========================================================================
Received Import Request.
  Time since last request: 0.391517 seconds.
  path: Assets/old/Audio
  artifactKey: Guid(92dd78ca7eac44046a80a67e614478d4) Importer(815301076,1909f56bfc062723c751e8b465ee728b)
Start importing Assets/old/Audio using Guid(92dd78ca7eac44046a80a67e614478d4) Importer(815301076,1909f56bfc062723c751e8b465ee728b) [PhysX] Initialized MultithreadedTaskDispatcher with 8 workers.
 -> (artifact id: 'b5047e2d0ace7d5291dc01b01756d7f0') in 0.000848 seconds
Number of updated asset objects reloaded before import = 0
Number of asset objects unloaded after import = 0
========================================================================
Received Import Request.
  Time since last request: 0.053440 seconds.
  path: Assets/old/Audio/bolshoy-vzryiv (mp3cut.net).mp3
  artifactKey: Guid(c8923cfb9c52a3645b37d34ef090d819) Importer(815301076,1909f56bfc062723c751e8b465ee728b)
Start importing Assets/old/Audio/bolshoy-vzryiv (mp3cut.net).mp3 using Guid(c8923cfb9c52a3645b37d34ef090d819) Importer(815301076,1909f56bfc062723c751e8b465ee728b) [PhysX] Initialized MultithreadedTaskDispatcher with 8 workers.
[PhysX] Initialized MultithreadedTaskDispatcher with 8 workers.
 -> (artifact id: 'f5123542c0e2a8c01e87d73a3b91cc60') in 0.008978 seconds
Number of updated asset objects reloaded before import = 0
Number of asset objects unloaded after import = 2
========================================================================
Received Import Request.
  Time since last request: 0.009921 seconds.
  path: Assets/old/Audio/funny-halloween-spooky-horror-background-music-242101.mp3
  artifactKey: Guid(aeb3ea43f79e46c439a06f7e25e0bbaf) Importer(815301076,1909f56bfc062723c751e8b465ee728b)
Start importing Assets/old/Audio/funny-halloween-spooky-horror-background-music-242101.mp3 using Guid(aeb3ea43f79e46c439a06f7e25e0bbaf) Importer(815301076,1909f56bfc062723c751e8b465ee728b) [PhysX] Initialized MultithreadedTaskDispatcher with 8 workers.
[PhysX] Initialized MultithreadedTaskDispatcher with 8 workers.
 -> (artifact id: '3492411d1b6a4670d0386d71aee79bf9') in 0.020511 seconds
Number of updated asset objects reloaded before import = 0
Number of asset objects unloaded after import = 2
========================================================================
Received Import Request.
  Time since last request: 0.000041 seconds.
  path: Assets/old/Audio/Wham! - Last Christmas (minus 25).mp3
  artifactKey: Guid(ae3bca48cc0be5942882e01887082019) Importer(815301076,1909f56bfc062723c751e8b465ee728b)
Start importing Assets/old/Audio/Wham! - Last Christmas (minus 25).mp3 using Guid(ae3bca48cc0be5942882e01887082019) Importer(815301076,1909f56bfc062723c751e8b465ee728b) [PhysX] Initialized MultithreadedTaskDispatcher with 8 workers.
[PhysX] Initialized MultithreadedTaskDispatcher with 8 workers.
 -> (artifact id: '78c4493ff0c907b3aac0deab8022f627') in 0.037457 seconds
Number of updated asset objects reloaded before import = 0
Number of asset objects unloaded after import = 2
========================================================================
Received Import Request.
  Time since last request: 4.007336 seconds.
  path: Assets/Materials
  artifactKey: Guid(2bcc608b2bdd5694bb4396f87cb4c1f1) Importer(815301076,1909f56bfc062723c751e8b465ee728b)
Start importing Assets/Materials using Guid(2bcc608b2bdd5694bb4396f87cb4c1f1) Importer(815301076,1909f56bfc062723c751e8b465ee728b) [PhysX] Initialized MultithreadedTaskDispatcher with 8 workers.
 -> (artifact id: 'fad47fa66d6dae5fe024ff9bdc02f0a1') in 0.000839 seconds
Number of updated asset objects reloaded before import = 0
Number of asset objects unloaded after import = 0
========================================================================
Received Import Request.
  Time since last request: 12.299838 seconds.
  path: Assets/Materials/New Materials
  artifactKey: Guid(161deaa0c4848164787729de4ad1cbaf) Importer(815301076,1909f56bfc062723c751e8b465ee728b)
Start importing Assets/Materials/New Materials using Guid(161deaa0c4848164787729de4ad1cbaf) Importer(815301076,1909f56bfc062723c751e8b465ee728b) [PhysX] Initialized MultithreadedTaskDispatcher with 8 workers.
 -> (artifact id: 'a4d3bd5a8395addbd8e9b7c70894a90c') in 0.000650 seconds
Number of updated asset objects reloaded before import = 0
Number of asset objects unloaded after import = 0
========================================================================
Received Import Request.
  Time since last request: 7.777840 seconds.
  path: Assets/Materials/Old Materials
  artifactKey: Guid(96de2cc71ec4cd34fbda7441afd08593) Importer(815301076,1909f56bfc062723c751e8b465ee728b)
Start importing Assets/Materials/Old Materials using Guid(96de2cc71ec4cd34fbda7441afd08593) Importer(815301076,1909f56bfc062723c751e8b465ee728b) [PhysX] Initialized MultithreadedTaskDispatcher with 8 workers.
 -> (artifact id: 'a622dcfd780e8f93019cfbdf28ea00c0') in 0.000665 seconds
Number of updated asset objects reloaded before import = 0
Number of asset objects unloaded after import = 0
========================================================================
Received Import Request.
  Time since last request: 4.275141 seconds.
  path: Assets/new/material
  artifactKey: Guid(d21b12af8a35d1a45b243197f4fa2edb) Importer(815301076,1909f56bfc062723c751e8b465ee728b)
Start importing Assets/new/material using Guid(d21b12af8a35d1a45b243197f4fa2edb) Importer(815301076,1909f56bfc062723c751e8b465ee728b) [PhysX] Initialized MultithreadedTaskDispatcher with 8 workers.
 -> (artifact id: 'eeb5fe8b600be60f80ec0b8475ff3ffe') in 0.000931 seconds
Number of updated asset objects reloaded before import = 0
Number of asset objects unloaded after import = 0
========================================================================
Received Import Request.
  Time since last request: 1.331714 seconds.
  path: Assets/new/material/HALLOWEEN
  artifactKey: Guid(c8be94aad3140f94882e105c440438f7) Importer(815301076,1909f56bfc062723c751e8b465ee728b)
Start importing Assets/new/material/HALLOWEEN using Guid(c8be94aad3140f94882e105c440438f7) Importer(815301076,1909f56bfc062723c751e8b465ee728b) [PhysX] Initialized MultithreadedTaskDispatcher with 8 workers.
 -> (artifact id: '3cfa22faac87a47eac8f2155d5bdc9e1') in 0.001286 seconds
Number of updated asset objects reloaded before import = 0
Number of asset objects unloaded after import = 0
========================================================================
Received Import Request.
  Time since last request: 0.047812 seconds.
  path: Assets/new/material/HALLOWEEN/PLANE.mat
  artifactKey: Guid(c0efb56075d67ce449086b5b4bee8180) Importer(815301076,1909f56bfc062723c751e8b465ee728b)
Start importing Assets/new/material/HALLOWEEN/PLANE.mat using Guid(c0efb56075d67ce449086b5b4bee8180) Importer(815301076,1909f56bfc062723c751e8b465ee728b) [PhysX] Initialized MultithreadedTaskDispatcher with 8 workers.
[PhysX] Initialized MultithreadedTaskDispatcher with 8 workers.
 -> (artifact id: 'c7b022b335eba40da2fbd942d5ba867e') in 0.332066 seconds
Number of updated asset objects reloaded before import = 0
Number of asset objects unloaded after import = 1
========================================================================
Received Import Request.
  Time since last request: 0.000086 seconds.
  path: Assets/new/material/HALLOWEEN/rrere.mat
  artifactKey: Guid(f4488e510ca19cb4d8fa2ac89fc5802e) Importer(815301076,1909f56bfc062723c751e8b465ee728b)
Start importing Assets/new/material/HALLOWEEN/rrere.mat using Guid(f4488e510ca19cb4d8fa2ac89fc5802e) Importer(815301076,1909f56bfc062723c751e8b465ee728b) [PhysX] Initialized MultithreadedTaskDispatcher with 8 workers.
[PhysX] Initialized MultithreadedTaskDispatcher with 8 workers.
 -> (artifact id: '7d7fe37619f3427ba993a5773144013e') in 0.164806 seconds
Number of updated asset objects reloaded before import = 0
Number of asset objects unloaded after import = 1
========================================================================
Received Import Request.
  Time since last request: 0.000047 seconds.
  path: Assets/new/material/HALLOWEEN/Pump 1.mat
  artifactKey: Guid(f88b4ed69c4d373429e33eba14ae10c6) Importer(815301076,1909f56bfc062723c751e8b465ee728b)
Start importing Assets/new/material/HALLOWEEN/Pump 1.mat using Guid(f88b4ed69c4d373429e33eba14ae10c6) Importer(815301076,1909f56bfc062723c751e8b465ee728b) [PhysX] Initialized MultithreadedTaskDispatcher with 8 workers.
[PhysX] Initialized MultithreadedTaskDispatcher with 8 workers.
 -> (artifact id: 'c736ae9d51be1d9ae5bb120eef625a45') in 0.072213 seconds
Number of updated asset objects reloaded before import = 0
Number of asset objects unloaded after import = 1
========================================================================
Received Import Request.
  Time since last request: 0.000104 seconds.
  path: Assets/new/material/HALLOWEEN/PumpMAUN.mat
  artifactKey: Guid(e9adaf7e2c6a35541be7b48366f90e27) Importer(815301076,1909f56bfc062723c751e8b465ee728b)
Start importing Assets/new/material/HALLOWEEN/PumpMAUN.mat using Guid(e9adaf7e2c6a35541be7b48366f90e27) Importer(815301076,1909f56bfc062723c751e8b465ee728b) [PhysX] Initialized MultithreadedTaskDispatcher with 8 workers.
[PhysX] Initialized MultithreadedTaskDispatcher with 8 workers.
 -> (artifact id: '0b9167a10e22e933a0603fcb6d95a789') in 0.015921 seconds
Number of updated asset objects reloaded before import = 0
Number of asset objects unloaded after import = 1
========================================================================
Received Import Request.
  Time since last request: 0.000037 seconds.
  path: Assets/new/material/HALLOWEEN/Svich.mat
  artifactKey: Guid(5a04a4fc67d30e241b1c84fbf9fecf60) Importer(815301076,1909f56bfc062723c751e8b465ee728b)
Start importing Assets/new/material/HALLOWEEN/Svich.mat using Guid(5a04a4fc67d30e241b1c84fbf9fecf60) Importer(815301076,1909f56bfc062723c751e8b465ee728b) [PhysX] Initialized MultithreadedTaskDispatcher with 8 workers.
[PhysX] Initialized MultithreadedTaskDispatcher with 8 workers.
 -> (artifact id: '181362821fd19b38d588d20aafae5efe') in 0.023962 seconds
Number of updated asset objects reloaded before import = 0
Number of asset objects unloaded after import = 1
========================================================================
Received Import Request.
  Time since last request: 1.317237 seconds.
  path: Assets/new/material/NEW YEAR
  artifactKey: Guid(8769463d9159eef4ab519fe20fb055ec) Importer(815301076,1909f56bfc062723c751e8b465ee728b)
Start importing Assets/new/material/NEW YEAR using Guid(8769463d9159eef4ab519fe20fb055ec) Importer(815301076,1909f56bfc062723c751e8b465ee728b) [PhysX] Initialized MultithreadedTaskDispatcher with 8 workers.
 -> (artifact id: 'f55e874a03eedd57e6f5f0a8e08e65d0') in 0.000864 seconds
Number of updated asset objects reloaded before import = 0
Number of asset objects unloaded after import = 0
========================================================================
Received Import Request.
  Time since last request: 2.431564 seconds.
  path: Assets/new/material/NEW YEAR/GlowingObjectMaterial.mat
  artifactKey: Guid(a9a48ac8e796cc1478f17d7de3d753a5) Importer(815301076,1909f56bfc062723c751e8b465ee728b)
Start importing Assets/new/material/NEW YEAR/GlowingObjectMaterial.mat using Guid(a9a48ac8e796cc1478f17d7de3d753a5) Importer(815301076,1909f56bfc062723c751e8b465ee728b) [PhysX] Initialized MultithreadedTaskDispatcher with 8 workers.
[PhysX] Initialized MultithreadedTaskDispatcher with 8 workers.
 -> (artifact id: 'a5ee94110cbb0202d1b7d1ab81255ce1') in 0.020428 seconds
Number of updated asset objects reloaded before import = 0
Number of asset objects unloaded after import = 1
========================================================================
Received Import Request.
  Time since last request: 0.000030 seconds.
  path: Assets/new/material/NEW YEAR/Pumpkin.mat
  artifactKey: Guid(2ce0ff80c6f9fce44a247c34e7a08414) Importer(815301076,1909f56bfc062723c751e8b465ee728b)
Start importing Assets/new/material/NEW YEAR/Pumpkin.mat using Guid(2ce0ff80c6f9fce44a247c34e7a08414) Importer(815301076,1909f56bfc062723c751e8b465ee728b) [PhysX] Initialized MultithreadedTaskDispatcher with 8 workers.
[PhysX] Initialized MultithreadedTaskDispatcher with 8 workers.
 -> (artifact id: '5750d8af5d3e6e08d77f467fdbf09917') in 0.035942 seconds
Number of updated asset objects reloaded before import = 0
Number of asset objects unloaded after import = 1
========================================================================
Received Import Request.
  Time since last request: 0.000043 seconds.
  path: Assets/new/material/NEW YEAR/TREE1.mat
  artifactKey: Guid(5996a7a1833a49f498ec9cfab35a76ad) Importer(815301076,1909f56bfc062723c751e8b465ee728b)
Start importing Assets/new/material/NEW YEAR/TREE1.mat using Guid(5996a7a1833a49f498ec9cfab35a76ad) Importer(815301076,1909f56bfc062723c751e8b465ee728b) [PhysX] Initialized MultithreadedTaskDispatcher with 8 workers.
[PhysX] Initialized MultithreadedTaskDispatcher with 8 workers.
 -> (artifact id: '714b8ae793a2ff0f97211138fd9cc01b') in 0.030438 seconds
Number of updated asset objects reloaded before import = 0
Number of asset objects unloaded after import = 1
========================================================================
Received Import Request.
  Time since last request: 0.000059 seconds.
  path: Assets/new/material/NEW YEAR/TREE.mat
  artifactKey: Guid(912966a3cf160d04f9cf7e0a4b4539de) Importer(815301076,1909f56bfc062723c751e8b465ee728b)
Start importing Assets/new/material/NEW YEAR/TREE.mat using Guid(912966a3cf160d04f9cf7e0a4b4539de) Importer(815301076,1909f56bfc062723c751e8b465ee728b) [PhysX] Initialized MultithreadedTaskDispatcher with 8 workers.
[PhysX] Initialized MultithreadedTaskDispatcher with 8 workers.
 -> (artifact id: 'd539ae4dbe4cfec3daffbaf2010e2a48') in 0.029407 seconds
Number of updated asset objects reloaded before import = 0
Number of asset objects unloaded after import = 1
========================================================================
Received Import Request.
  Time since last request: 0.000040 seconds.
  path: Assets/new/material/NEW YEAR/TankFIX.physicMaterial
  artifactKey: Guid(ea1ed878631ffc04e8cd1654dcf0c53b) Importer(815301076,1909f56bfc062723c751e8b465ee728b)
Start importing Assets/new/material/NEW YEAR/TankFIX.physicMaterial using Guid(ea1ed878631ffc04e8cd1654dcf0c53b) Importer(815301076,1909f56bfc062723c751e8b465ee728b) [PhysX] Initialized MultithreadedTaskDispatcher with 8 workers.
 -> (artifact id: 'fa29cf5dbf974798dbb8580858a81375') in 0.001218 seconds
Number of updated asset objects reloaded before import = 0
Number of asset objects unloaded after import = 1
========================================================================
Received Import Request.
  Time since last request: 0.000042 seconds.
  path: Assets/new/material/NEW YEAR/Pump.mat
  artifactKey: Guid(88e5c0aa3566c8147a5bf59ff29bd86d) Importer(815301076,1909f56bfc062723c751e8b465ee728b)
Start importing Assets/new/material/NEW YEAR/Pump.mat using Guid(88e5c0aa3566c8147a5bf59ff29bd86d) Importer(815301076,1909f56bfc062723c751e8b465ee728b) [PhysX] Initialized MultithreadedTaskDispatcher with 8 workers.
[PhysX] Initialized MultithreadedTaskDispatcher with 8 workers.
 -> (artifact id: 'ff1caf0b1cb2ff9f015268d0219ff3d2') in 0.014772 seconds
Number of updated asset objects reloaded before import = 0
Number of asset objects unloaded after import = 1
========================================================================
Received Import Request.
  Time since last request: 0.000036 seconds.
  path: Assets/new/material/NEW YEAR/Wall.mat
  artifactKey: Guid(54ee187115f4a8b4aa31738f6f61d578) Importer(815301076,1909f56bfc062723c751e8b465ee728b)
Start importing Assets/new/material/NEW YEAR/Wall.mat using Guid(54ee187115f4a8b4aa31738f6f61d578) Importer(815301076,1909f56bfc062723c751e8b465ee728b) [PhysX] Initialized MultithreadedTaskDispatcher with 8 workers.
[PhysX] Initialized MultithreadedTaskDispatcher with 8 workers.
 -> (artifact id: '334ee0b61a5e6b58bfea0f1006ad8252') in 0.029798 seconds
Number of updated asset objects reloaded before import = 0
Number of asset objects unloaded after import = 2
========================================================================
Received Import Request.
  Time since last request: 0.000032 seconds.
  path: Assets/new/material/NEW YEAR/Svich.mat
  artifactKey: Guid(7e98064f8b2913e48965e4e59be96852) Importer(815301076,1909f56bfc062723c751e8b465ee728b)
Start importing Assets/new/material/NEW YEAR/Svich.mat using Guid(7e98064f8b2913e48965e4e59be96852) Importer(815301076,1909f56bfc062723c751e8b465ee728b) [PhysX] Initialized MultithreadedTaskDispatcher with 8 workers.
[PhysX] Initialized MultithreadedTaskDispatcher with 8 workers.
 -> (artifact id: '58b083d880906a9725ffc2c820cfb0cd') in 0.013814 seconds
Number of updated asset objects reloaded before import = 0
Number of asset objects unloaded after import = 1
========================================================================
Received Import Request.
  Time since last request: 0.000079 seconds.
  path: Assets/new/material/NEW YEAR/TANK.mat
  artifactKey: Guid(5fadb8ddd83c4934b80823dc2cdafe1c) Importer(815301076,1909f56bfc062723c751e8b465ee728b)
Start importing Assets/new/material/NEW YEAR/TANK.mat using Guid(5fadb8ddd83c4934b80823dc2cdafe1c) Importer(815301076,1909f56bfc062723c751e8b465ee728b) [PhysX] Initialized MultithreadedTaskDispatcher with 8 workers.
[PhysX] Initialized MultithreadedTaskDispatcher with 8 workers.
 -> (artifact id: '7fbf635c036c7e99ee66a8d807e00b17') in 0.032100 seconds
Number of updated asset objects reloaded before import = 0
Number of asset objects unloaded after import = 1
========================================================================
Received Import Request.
  Time since last request: 10.602142 seconds.
  path: Assets/new/material 1
  artifactKey: Guid(c82107fec6d2cb344a61f754222c6eb3) Importer(815301076,1909f56bfc062723c751e8b465ee728b)
Start importing Assets/new/material 1 using Guid(c82107fec6d2cb344a61f754222c6eb3) Importer(815301076,1909f56bfc062723c751e8b465ee728b) [PhysX] Initialized MultithreadedTaskDispatcher with 8 workers.
 -> (artifact id: '696d551d597ed92b60c7d6ed1098ec02') in 0.000940 seconds
Number of updated asset objects reloaded before import = 2
Number of asset objects unloaded after import = 0
========================================================================
Received Import Request.
  Time since last request: 0.106795 seconds.
  path: Assets/new/material 1/REDTANK.prefab
  artifactKey: Guid(d2890deb5d6c983448e07e61e754f7d5) Importer(815301076,1909f56bfc062723c751e8b465ee728b)
Start importing Assets/new/material 1/REDTANK.prefab using Guid(d2890deb5d6c983448e07e61e754f7d5) Importer(815301076,1909f56bfc062723c751e8b465ee728b) [PhysX] Initialized MultithreadedTaskDispatcher with 8 workers.
[PhysX] Initialized MultithreadedTaskDispatcher with 8 workers.
 -> (artifact id: '1f024950618968f9fc86fdb500f51f43') in 0.042788 seconds
Number of updated asset objects reloaded before import = 0
Number of asset objects unloaded after import = 15
========================================================================
Received Import Request.
  Time since last request: 12.097936 seconds.
  path: Assets/old/MATERIAL
  artifactKey: Guid(8dc001441dcbdff4f9bd13cf09e527d4) Importer(815301076,1909f56bfc062723c751e8b465ee728b)
Start importing Assets/old/MATERIAL using Guid(8dc001441dcbdff4f9bd13cf09e527d4) Importer(815301076,1909f56bfc062723c751e8b465ee728b) [PhysX] Initialized MultithreadedTaskDispatcher with 8 workers.
 -> (artifact id: 'f71950aff1e0dfff858a558171e6c935') in 0.000833 seconds
Number of updated asset objects reloaded before import = 0
Number of asset objects unloaded after import = 0
========================================================================
Received Import Request.
  Time since last request: 1.240618 seconds.
  path: Assets/old/MATERIAL/NEW YEAR
  artifactKey: Guid(72ba43516c43f7c46bf94374608eb6f8) Importer(815301076,1909f56bfc062723c751e8b465ee728b)
Start importing Assets/old/MATERIAL/NEW YEAR using Guid(72ba43516c43f7c46bf94374608eb6f8) Importer(815301076,1909f56bfc062723c751e8b465ee728b) [PhysX] Initialized MultithreadedTaskDispatcher with 8 workers.
 -> (artifact id: 'e30514540729b6af7f85203bb7b3404f') in 0.000675 seconds
Number of updated asset objects reloaded before import = 0
Number of asset objects unloaded after import = 0
========================================================================
Received Import Request.
  Time since last request: 10.184385 seconds.
  path: Assets/old/Prefab
  artifactKey: Guid(957b5a5bec36e0d44b516148ddfacc01) Importer(815301076,1909f56bfc062723c751e8b465ee728b)
Start importing Assets/old/Prefab using Guid(957b5a5bec36e0d44b516148ddfacc01) Importer(815301076,1909f56bfc062723c751e8b465ee728b) [PhysX] Initialized MultithreadedTaskDispatcher with 8 workers.
 -> (artifact id: '394cfc0046c164183c6f0fcfb80d0446') in 0.000934 seconds
Number of updated asset objects reloaded before import = 0
Number of asset objects unloaded after import = 0
========================================================================
Received Import Request.
  Time since last request: 7.811497 seconds.
  path: Assets/Materials/New Materials/TANK1
  artifactKey: Guid(efb074af5f2179a48b4e76c9be564c0c) Importer(815301076,1909f56bfc062723c751e8b465ee728b)
Start importing Assets/Materials/New Materials/TANK1 using Guid(efb074af5f2179a48b4e76c9be564c0c) Importer(815301076,1909f56bfc062723c751e8b465ee728b) [PhysX] Initialized MultithreadedTaskDispatcher with 8 workers.
 -> (artifact id: '76ad1f37ab53b62e27017d0d80223f67') in 0.000721 seconds
Number of updated asset objects reloaded before import = 0
Number of asset objects unloaded after import = 0
========================================================================
Received Import Request.
  Time since last request: 0.052027 seconds.
  path: Assets/Materials/New Materials/TANK1/bullets.mat
  artifactKey: Guid(99525067e8d51084b8d4d8a7a31e357d) Importer(815301076,1909f56bfc062723c751e8b465ee728b)
Start importing Assets/Materials/New Materials/TANK1/bullets.mat using Guid(99525067e8d51084b8d4d8a7a31e357d) Importer(815301076,1909f56bfc062723c751e8b465ee728b) [PhysX] Initialized MultithreadedTaskDispatcher with 8 workers.
[PhysX] Initialized MultithreadedTaskDispatcher with 8 workers.
 -> (artifact id: '278e9f4aa11d9a981c026fce09c50e19') in 0.012146 seconds
Number of updated asset objects reloaded before import = 0
Number of asset objects unloaded after import = 1
========================================================================
Received Import Request.
  Time since last request: 0.000041 seconds.
  path: Assets/Materials/New Materials/TANK1/main 1.mat
  artifactKey: Guid(873652f87e568c74c91b1a0d7e63ac96) Importer(815301076,1909f56bfc062723c751e8b465ee728b)
Start importing Assets/Materials/New Materials/TANK1/main 1.mat using Guid(873652f87e568c74c91b1a0d7e63ac96) Importer(815301076,1909f56bfc062723c751e8b465ee728b) [PhysX] Initialized MultithreadedTaskDispatcher with 8 workers.
[PhysX] Initialized MultithreadedTaskDispatcher with 8 workers.
 -> (artifact id: '12aff457236921dab08ad0bad30daef5') in 0.030864 seconds
Number of updated asset objects reloaded before import = 0
Number of asset objects unloaded after import = 1
========================================================================
Received Import Request.
  Time since last request: 0.000032 seconds.
  path: Assets/Materials/New Materials/TANK1/main.mat
  artifactKey: Guid(94828663c50c984438e521d1d462d6d0) Importer(815301076,1909f56bfc062723c751e8b465ee728b)
Start importing Assets/Materials/New Materials/TANK1/main.mat using Guid(94828663c50c984438e521d1d462d6d0) Importer(815301076,1909f56bfc062723c751e8b465ee728b) [PhysX] Initialized MultithreadedTaskDispatcher with 8 workers.
[PhysX] Initialized MultithreadedTaskDispatcher with 8 workers.
 -> (artifact id: 'b44209006686fd3e7a71d7980d76d68b') in 0.026517 seconds
Number of updated asset objects reloaded before import = 0
Number of asset objects unloaded after import = 1
========================================================================
Received Import Request.
  Time since last request: 6.372595 seconds.
  path: Assets/Materials/New Materials/forest
  artifactKey: Guid(d3b68709030b7c845a8b44e12403169a) Importer(815301076,1909f56bfc062723c751e8b465ee728b)
Start importing Assets/Materials/New Materials/forest using Guid(d3b68709030b7c845a8b44e12403169a) Importer(815301076,1909f56bfc062723c751e8b465ee728b) [PhysX] Initialized MultithreadedTaskDispatcher with 8 workers.
 -> (artifact id: 'ed674c91804e1773e1147dfbf21179be') in 0.001049 seconds
Number of updated asset objects reloaded before import = 0
Number of asset objects unloaded after import = 0
========================================================================
Received Import Request.
  Time since last request: 0.048625 seconds.
  path: Assets/Materials/New Materials/forest/floor.mat
  artifactKey: Guid(f720f00fe269a9b40b83da7cfbf35a1d) Importer(815301076,1909f56bfc062723c751e8b465ee728b)
Start importing Assets/Materials/New Materials/forest/floor.mat using Guid(f720f00fe269a9b40b83da7cfbf35a1d) Importer(815301076,1909f56bfc062723c751e8b465ee728b) [PhysX] Initialized MultithreadedTaskDispatcher with 8 workers.
[PhysX] Initialized MultithreadedTaskDispatcher with 8 workers.
 -> (artifact id: '0b32aabd10d6ef5c2acd842ed16624cd') in 0.024686 seconds
Number of updated asset objects reloaded before import = 0
Number of asset objects unloaded after import = 1
========================================================================
Received Import Request.
  Time since last request: 0.000032 seconds.
  path: Assets/Materials/New Materials/forest/rock.mat
  artifactKey: Guid(b2fd44f0dc9130f4e81decfdc0af863a) Importer(815301076,1909f56bfc062723c751e8b465ee728b)
Start importing Assets/Materials/New Materials/forest/rock.mat using Guid(b2fd44f0dc9130f4e81decfdc0af863a) Importer(815301076,1909f56bfc062723c751e8b465ee728b) [PhysX] Initialized MultithreadedTaskDispatcher with 8 workers.
[PhysX] Initialized MultithreadedTaskDispatcher with 8 workers.
 -> (artifact id: '0838615445a8cbc2ba8034b20f735b91') in 0.032632 seconds
Number of updated asset objects reloaded before import = 0
Number of asset objects unloaded after import = 1
========================================================================
Received Import Request.
  Time since last request: 0.000062 seconds.
  path: Assets/Materials/New Materials/forest/trunk.mat
  artifactKey: Guid(4e8ef7373e0564e44a1491525bfd582b) Importer(815301076,1909f56bfc062723c751e8b465ee728b)
Start importing Assets/Materials/New Materials/forest/trunk.mat using Guid(4e8ef7373e0564e44a1491525bfd582b) Importer(815301076,1909f56bfc062723c751e8b465ee728b) [PhysX] Initialized MultithreadedTaskDispatcher with 8 workers.
[PhysX] Initialized MultithreadedTaskDispatcher with 8 workers.
 -> (artifact id: '882f3a5508dfb706bf4f4ea0ef1adfee') in 0.029476 seconds
Number of updated asset objects reloaded before import = 0
Number of asset objects unloaded after import = 1
========================================================================
Received Import Request.
  Time since last request: 1.107196 seconds.
  path: Assets/Materials/New Materials/halloween
  artifactKey: Guid(88778aed6f9b44c46bc3708026107a00) Importer(815301076,1909f56bfc062723c751e8b465ee728b)
Start importing Assets/Materials/New Materials/halloween using Guid(88778aed6f9b44c46bc3708026107a00) Importer(815301076,1909f56bfc062723c751e8b465ee728b) [PhysX] Initialized MultithreadedTaskDispatcher with 8 workers.
 -> (artifact id: 'fd1e657b1e515acb37fbbe4e3bb836ce') in 0.000716 seconds
Number of updated asset objects reloaded before import = 0
Number of asset objects unloaded after import = 0
========================================================================
Received Import Request.
  Time since last request: 0.055578 seconds.
  path: Assets/Materials/New Materials/halloween/candle.mat
  artifactKey: Guid(a74b38c9890499c4c9eca179a9db752b) Importer(815301076,1909f56bfc062723c751e8b465ee728b)
Start importing Assets/Materials/New Materials/halloween/candle.mat using Guid(a74b38c9890499c4c9eca179a9db752b) Importer(815301076,1909f56bfc062723c751e8b465ee728b) [PhysX] Initialized MultithreadedTaskDispatcher with 8 workers.
[PhysX] Initialized MultithreadedTaskDispatcher with 8 workers.
 -> (artifact id: '268d6aca7d6d489be3bf861e20c49608') in 0.035567 seconds
Number of updated asset objects reloaded before import = 0
Number of asset objects unloaded after import = 1
========================================================================
Received Import Request.
  Time since last request: 0.000074 seconds.
  path: Assets/Materials/New Materials/halloween/pumpkin.mat
  artifactKey: Guid(bf9f32b328db5884d82ede73d1e208cb) Importer(815301076,1909f56bfc062723c751e8b465ee728b)
Start importing Assets/Materials/New Materials/halloween/pumpkin.mat using Guid(bf9f32b328db5884d82ede73d1e208cb) Importer(815301076,1909f56bfc062723c751e8b465ee728b) [PhysX] Initialized MultithreadedTaskDispatcher with 8 workers.
[PhysX] Initialized MultithreadedTaskDispatcher with 8 workers.
 -> (artifact id: '716ce53d21568063dd1f3fcdc14ae414') in 0.042784 seconds
Number of updated asset objects reloaded before import = 0
Number of asset objects unloaded after import = 1
========================================================================
Received Import Request.
  Time since last request: 0.000077 seconds.
  path: Assets/Materials/New Materials/halloween/pumpkin2.mat
  artifactKey: Guid(52489cdd191b24f4694213c826d912c0) Importer(815301076,1909f56bfc062723c751e8b465ee728b)
Start importing Assets/Materials/New Materials/halloween/pumpkin2.mat using Guid(52489cdd191b24f4694213c826d912c0) Importer(815301076,1909f56bfc062723c751e8b465ee728b) [PhysX] Initialized MultithreadedTaskDispatcher with 8 workers.
[PhysX] Initialized MultithreadedTaskDispatcher with 8 workers.
 -> (artifact id: '75b5d4fa4fdada1bf95b546cffd8118b') in 0.031757 seconds
Number of updated asset objects reloaded before import = 0
Number of asset objects unloaded after import = 1
========================================================================
Received Import Request.
  Time since last request: 0.000071 seconds.
  path: Assets/Materials/New Materials/halloween/floor.mat
  artifactKey: Guid(f57d0c616727a5e4c8442a65cd7bd0eb) Importer(815301076,1909f56bfc062723c751e8b465ee728b)
Start importing Assets/Materials/New Materials/halloween/floor.mat using Guid(f57d0c616727a5e4c8442a65cd7bd0eb) Importer(815301076,1909f56bfc062723c751e8b465ee728b) [PhysX] Initialized MultithreadedTaskDispatcher with 8 workers.
[PhysX] Initialized MultithreadedTaskDispatcher with 8 workers.
 -> (artifact id: '0aa72017e4b9fc0ec6495bf35af9100f') in 0.035684 seconds
Number of updated asset objects reloaded before import = 0
Number of asset objects unloaded after import = 1
========================================================================
Received Import Request.
  Time since last request: 0.000046 seconds.
  path: Assets/Materials/New Materials/halloween/pumpkin1.mat
  artifactKey: Guid(6b9868b3a0236e54d9deec11b372204b) Importer(815301076,1909f56bfc062723c751e8b465ee728b)
Start importing Assets/Materials/New Materials/halloween/pumpkin1.mat using Guid(6b9868b3a0236e54d9deec11b372204b) Importer(815301076,1909f56bfc062723c751e8b465ee728b) [PhysX] Initialized MultithreadedTaskDispatcher with 8 workers.
[PhysX] Initialized MultithreadedTaskDispatcher with 8 workers.
 -> (artifact id: 'b79797af51c7539baa8beba458ff149a') in 0.010829 seconds
Number of updated asset objects reloaded before import = 0
Number of asset objects unloaded after import = 1
========================================================================
Received Import Request.
  Time since last request: 2.115395 seconds.
  path: Assets/Materials/New Materials/TANK2
  artifactKey: Guid(25197b1ff2632a14498938b3e5b61d4c) Importer(815301076,1909f56bfc062723c751e8b465ee728b)
Start importing Assets/Materials/New Materials/TANK2 using Guid(25197b1ff2632a14498938b3e5b61d4c) Importer(815301076,1909f56bfc062723c751e8b465ee728b) [PhysX] Initialized MultithreadedTaskDispatcher with 8 workers.
 -> (artifact id: '267c26d130fa72cd74344fb2b966a317') in 0.000693 seconds
Number of updated asset objects reloaded before import = 0
Number of asset objects unloaded after import = 0
========================================================================
Received Import Request.
  Time since last request: 0.058989 seconds.
  path: Assets/Materials/New Materials/TANK2/bullets.mat
  artifactKey: Guid(e2f01856b716a224ab5062ff4f18d7a7) Importer(815301076,1909f56bfc062723c751e8b465ee728b)
Start importing Assets/Materials/New Materials/TANK2/bullets.mat using Guid(e2f01856b716a224ab5062ff4f18d7a7) Importer(815301076,1909f56bfc062723c751e8b465ee728b) [PhysX] Initialized MultithreadedTaskDispatcher with 8 workers.
[PhysX] Initialized MultithreadedTaskDispatcher with 8 workers.
 -> (artifact id: 'e18dd59305c7505a9e74eb44f6a19f99') in 0.010996 seconds
Number of updated asset objects reloaded before import = 0
Number of asset objects unloaded after import = 1
========================================================================
Received Import Request.
  Time since last request: 0.000028 seconds.
  path: Assets/Materials/New Materials/TANK2/main.mat
  artifactKey: Guid(5802f802257713549a3634b2b71f18f2) Importer(815301076,1909f56bfc062723c751e8b465ee728b)
Start importing Assets/Materials/New Materials/TANK2/main.mat using Guid(5802f802257713549a3634b2b71f18f2) Importer(815301076,1909f56bfc062723c751e8b465ee728b) [PhysX] Initialized MultithreadedTaskDispatcher with 8 workers.
[PhysX] Initialized MultithreadedTaskDispatcher with 8 workers.
 -> (artifact id: '0eaa567349628e73cbdbf0d12c36b51e') in 0.026656 seconds
Number of updated asset objects reloaded before import = 0
Number of asset objects unloaded after import = 1
========================================================================
Received Import Request.
  Time since last request: 1.409201 seconds.
  path: Assets/Materials/New Materials/winter
  artifactKey: Guid(94e3b69750688f4479066483e993052e) Importer(815301076,1909f56bfc062723c751e8b465ee728b)
Start importing Assets/Materials/New Materials/winter using Guid(94e3b69750688f4479066483e993052e) Importer(815301076,1909f56bfc062723c751e8b465ee728b) [PhysX] Initialized MultithreadedTaskDispatcher with 8 workers.
 -> (artifact id: '41d477b90abb74b8d5ad32b552d4d414') in 0.000989 seconds
Number of updated asset objects reloaded before import = 0
Number of asset objects unloaded after import = 0
========================================================================
Received Import Request.
  Time since last request: 0.052337 seconds.
  path: Assets/Materials/New Materials/winter/floor.mat
  artifactKey: Guid(43265435574a44b49843df8d0c772098) Importer(815301076,1909f56bfc062723c751e8b465ee728b)
Start importing Assets/Materials/New Materials/winter/floor.mat using Guid(43265435574a44b49843df8d0c772098) Importer(815301076,1909f56bfc062723c751e8b465ee728b) [PhysX] Initialized MultithreadedTaskDispatcher with 8 workers.
[PhysX] Initialized MultithreadedTaskDispatcher with 8 workers.
 -> (artifact id: 'da60077feddaa6c9f2a7473d2de95b20') in 0.025106 seconds
Number of updated asset objects reloaded before import = 0
Number of asset objects unloaded after import = 1
========================================================================
Received Import Request.
  Time since last request: 0.000027 seconds.
  path: Assets/Materials/New Materials/winter/rock.mat
  artifactKey: Guid(af765a109ce5cd24f8eb41c0d52a3542) Importer(815301076,1909f56bfc062723c751e8b465ee728b)
Start importing Assets/Materials/New Materials/winter/rock.mat using Guid(af765a109ce5cd24f8eb41c0d52a3542) Importer(815301076,1909f56bfc062723c751e8b465ee728b) [PhysX] Initialized MultithreadedTaskDispatcher with 8 workers.
[PhysX] Initialized MultithreadedTaskDispatcher with 8 workers.
 -> (artifact id: 'bccd9ae8a27bf38327dfb5bf80201b02') in 0.030976 seconds
Number of updated asset objects reloaded before import = 0
Number of asset objects unloaded after import = 1
========================================================================
Received Import Request.
  Time since last request: 0.000035 seconds.
  path: Assets/Materials/New Materials/winter/snowman 3.mat
  artifactKey: Guid(a0df6d6aa5ab7714fb78eae264b804b9) Importer(815301076,1909f56bfc062723c751e8b465ee728b)
Start importing Assets/Materials/New Materials/winter/snowman 3.mat using Guid(a0df6d6aa5ab7714fb78eae264b804b9) Importer(815301076,1909f56bfc062723c751e8b465ee728b) [PhysX] Initialized MultithreadedTaskDispatcher with 8 workers.
[PhysX] Initialized MultithreadedTaskDispatcher with 8 workers.
 -> (artifact id: 'beb77c8c613fe342c867e0e249826f5d') in 0.032673 seconds
Number of updated asset objects reloaded before import = 0
Number of asset objects unloaded after import = 1
========================================================================
Received Import Request.
  Time since last request: 0.000030 seconds.
  path: Assets/Materials/New Materials/winter/trunk.mat
  artifactKey: Guid(7bb13e1b4804747419209236707c4e63) Importer(815301076,1909f56bfc062723c751e8b465ee728b)
Start importing Assets/Materials/New Materials/winter/trunk.mat using Guid(7bb13e1b4804747419209236707c4e63) Importer(815301076,1909f56bfc062723c751e8b465ee728b) [PhysX] Initialized MultithreadedTaskDispatcher with 8 workers.
[PhysX] Initialized MultithreadedTaskDispatcher with 8 workers.
 -> (artifact id: '21597cd5a9752d24c74206269e7fa200') in 0.030994 seconds
Number of updated asset objects reloaded before import = 0
Number of asset objects unloaded after import = 1
========================================================================
Received Import Request.
  Time since last request: 0.000047 seconds.
  path: Assets/Materials/New Materials/winter/snowman 4.mat
  artifactKey: Guid(11b5599fa9bca7940abfcee318dacde6) Importer(815301076,1909f56bfc062723c751e8b465ee728b)
Start importing Assets/Materials/New Materials/winter/snowman 4.mat using Guid(11b5599fa9bca7940abfcee318dacde6) Importer(815301076,1909f56bfc062723c751e8b465ee728b) [PhysX] Initialized MultithreadedTaskDispatcher with 8 workers.
[PhysX] Initialized MultithreadedTaskDispatcher with 8 workers.
 -> (artifact id: '013327ad3297feddfff7f7ef4dc194f1') in 0.034825 seconds
Number of updated asset objects reloaded before import = 0
Number of asset objects unloaded after import = 1
========================================================================
Received Import Request.
  Time since last request: 10.275293 seconds.
  path: Assets/Models
  artifactKey: Guid(715419fb69c9e264a906ffadfb004d52) Importer(815301076,1909f56bfc062723c751e8b465ee728b)
Start importing Assets/Models using Guid(715419fb69c9e264a906ffadfb004d52) Importer(815301076,1909f56bfc062723c751e8b465ee728b) [PhysX] Initialized MultithreadedTaskDispatcher with 8 workers.
 -> (artifact id: '30918aa07de18ecc06cc0bb64aec98a6') in 0.001231 seconds
Number of updated asset objects reloaded before import = 0
Number of asset objects unloaded after import = 0
========================================================================
Received Import Request.
  Time since last request: 9.396097 seconds.
  path: Assets/old/Fronts
  artifactKey: Guid(0856aca32366aba4bbab06731081e6ca) Importer(815301076,1909f56bfc062723c751e8b465ee728b)
Start importing Assets/old/Fronts using Guid(0856aca32366aba4bbab06731081e6ca) Importer(815301076,1909f56bfc062723c751e8b465ee728b) [PhysX] Initialized MultithreadedTaskDispatcher with 8 workers.
 -> (artifact id: '8f7c4263aaa895ecc98a40640b43b773') in 0.001197 seconds
Number of updated asset objects reloaded before import = 0
Number of asset objects unloaded after import = 0
========================================================================
Received Import Request.
  Time since last request: 18.628928 seconds.
  path: Assets/new/models
  artifactKey: Guid(b0548bbde5d11794591b10fb11454e8f) Importer(815301076,1909f56bfc062723c751e8b465ee728b)
Start importing Assets/new/models using Guid(b0548bbde5d11794591b10fb11454e8f) Importer(815301076,1909f56bfc062723c751e8b465ee728b) [PhysX] Initialized MultithreadedTaskDispatcher with 8 workers.
 -> (artifact id: 'ad4aa6ee7ec1b2a613d3350fc7fb3da6') in 0.001159 seconds
Number of updated asset objects reloaded before import = 0
Number of asset objects unloaded after import = 0
========================================================================
Received Import Request.
  Time since last request: 0.072074 seconds.
  path: Assets/new/models/11111.obj
  artifactKey: Guid(5eac0a121ead7a14ba3b0bc047c00e32) Importer(815301076,1909f56bfc062723c751e8b465ee728b)
Start importing Assets/new/models/11111.obj using Guid(5eac0a121ead7a14ba3b0bc047c00e32) Importer(815301076,1909f56bfc062723c751e8b465ee728b) [PhysX] Initialized MultithreadedTaskDispatcher with 8 workers.
[PhysX] Initialized MultithreadedTaskDispatcher with 8 workers.
[PhysX] Initialized MultithreadedTaskDispatcher with 8 workers.
[PhysX] Initialized MultithreadedTaskDispatcher with 8 workers.
[PhysX] Initialized MultithreadedTaskDispatcher with 8 workers.
 -> (artifact id: '77bfa830f9ddbc0f3f3d425bb41e1397') in 0.075198 seconds
Number of updated asset objects reloaded before import = 0
Number of asset objects unloaded after import = 10
========================================================================
Received Import Request.
  Time since last request: 0.000069 seconds.
  path: Assets/new/models/pine2.obj
  artifactKey: Guid(8e119bc0a19a9e142a8f491856e38f7d) Importer(815301076,1909f56bfc062723c751e8b465ee728b)
Start importing Assets/new/models/pine2.obj using Guid(8e119bc0a19a9e142a8f491856e38f7d) Importer(815301076,1909f56bfc062723c751e8b465ee728b) [PhysX] Initialized MultithreadedTaskDispatcher with 8 workers.
[PhysX] Initialized MultithreadedTaskDispatcher with 8 workers.
[PhysX] Initialized MultithreadedTaskDispatcher with 8 workers.
[PhysX] Initialized MultithreadedTaskDispatcher with 8 workers.
[PhysX] Initialized MultithreadedTaskDispatcher with 8 workers.
[PhysX] Initialized MultithreadedTaskDispatcher with 8 workers.
[PhysX] Initialized MultithreadedTaskDispatcher with 8 workers.
 -> (artifact id: '457462b42c4ec1140808a154dbeb8642') in 0.090714 seconds
Number of updated asset objects reloaded before import = 0
Number of asset objects unloaded after import = 12
========================================================================
Received Import Request.
  Time since last request: 0.000033 seconds.
  path: Assets/new/models/pine1.obj
  artifactKey: Guid(7fb6702839932014d98e7266169e08ce) Importer(815301076,1909f56bfc062723c751e8b465ee728b)
Start importing Assets/new/models/pine1.obj using Guid(7fb6702839932014d98e7266169e08ce) Importer(815301076,1909f56bfc062723c751e8b465ee728b) [PhysX] Initialized MultithreadedTaskDispatcher with 8 workers.
[PhysX] Initialized MultithreadedTaskDispatcher with 8 workers.
[PhysX] Initialized MultithreadedTaskDispatcher with 8 workers.
[PhysX] Initialized MultithreadedTaskDispatcher with 8 workers.
[PhysX] Initialized MultithreadedTaskDispatcher with 8 workers.
[PhysX] Initialized MultithreadedTaskDispatcher with 8 workers.
[PhysX] Initialized MultithreadedTaskDispatcher with 8 workers.
 -> (artifact id: '141febc0492c76108ffbae71ffa466d0') in 0.087567 seconds
Number of updated asset objects reloaded before import = 0
Number of asset objects unloaded after import = 12
========================================================================
Received Import Request.
  Time since last request: 0.000032 seconds.
  path: Assets/new/models/tree3.obj
  artifactKey: Guid(5023db01688654b40ac3d79da744201d) Importer(815301076,1909f56bfc062723c751e8b465ee728b)
Start importing Assets/new/models/tree3.obj using Guid(5023db01688654b40ac3d79da744201d) Importer(815301076,1909f56bfc062723c751e8b465ee728b) [PhysX] Initialized MultithreadedTaskDispatcher with 8 workers.
[PhysX] Initialized MultithreadedTaskDispatcher with 8 workers.
[PhysX] Initialized MultithreadedTaskDispatcher with 8 workers.
[PhysX] Initialized MultithreadedTaskDispatcher with 8 workers.
[PhysX] Initialized MultithreadedTaskDispatcher with 8 workers.
[PhysX] Initialized MultithreadedTaskDispatcher with 8 workers.
 -> (artifact id: '3dd9d2cf40cffcbfbb5b2d4c36ff7d2c') in 0.076819 seconds
Number of updated asset objects reloaded before import = 0
Number of asset objects unloaded after import = 11
========================================================================
Received Import Request.
  Time since last request: 0.000109 seconds.
  path: Assets/new/models/gift.obj
  artifactKey: Guid(3e5e8a25568f4d14bb3c6e8dcd82cd94) Importer(815301076,1909f56bfc062723c751e8b465ee728b)
Start importing Assets/new/models/gift.obj using Guid(3e5e8a25568f4d14bb3c6e8dcd82cd94) Importer(815301076,1909f56bfc062723c751e8b465ee728b) [PhysX] Initialized MultithreadedTaskDispatcher with 8 workers.
[PhysX] Initialized MultithreadedTaskDispatcher with 8 workers.
[PhysX] Initialized MultithreadedTaskDispatcher with 8 workers.
[PhysX] Initialized MultithreadedTaskDispatcher with 8 workers.
[PhysX] Initialized MultithreadedTaskDispatcher with 8 workers.
[PhysX] Initialized MultithreadedTaskDispatcher with 8 workers.
 -> (artifact id: '1dd17c8bd19d461ebf73aab15341e805') in 0.069971 seconds
Number of updated asset objects reloaded before import = 0
Number of asset objects unloaded after import = 11
========================================================================
Received Import Request.
  Time since last request: 0.000044 seconds.
  path: Assets/new/models/Кущ2.obj
  artifactKey: Guid(342f1f3d23a393945b020578c7ab366c) Importer(815301076,1909f56bfc062723c751e8b465ee728b)
Start importing Assets/new/models/Кущ2.obj using Guid(342f1f3d23a393945b020578c7ab366c) Importer(815301076,1909f56bfc062723c751e8b465ee728b) [PhysX] Initialized MultithreadedTaskDispatcher with 8 workers.
[PhysX] Initialized MultithreadedTaskDispatcher with 8 workers.
[PhysX] Initialized MultithreadedTaskDispatcher with 8 workers.
[PhysX] Initialized MultithreadedTaskDispatcher with 8 workers.
[PhysX] Initialized MultithreadedTaskDispatcher with 8 workers.
 -> (artifact id: '5559ce8d52915a0539efdbf1e98ef97e') in 0.064645 seconds
Number of updated asset objects reloaded before import = 0
Number of asset objects unloaded after import = 10
========================================================================
Received Import Request.
  Time since last request: 0.000053 seconds.
  path: Assets/new/models/rocks1.obj
  artifactKey: Guid(261a6c6c1dd04d948890a788535a8e47) Importer(815301076,1909f56bfc062723c751e8b465ee728b)
Start importing Assets/new/models/rocks1.obj using Guid(261a6c6c1dd04d948890a788535a8e47) Importer(815301076,1909f56bfc062723c751e8b465ee728b) [PhysX] Initialized MultithreadedTaskDispatcher with 8 workers.
[PhysX] Initialized MultithreadedTaskDispatcher with 8 workers.
[PhysX] Initialized MultithreadedTaskDispatcher with 8 workers.
[PhysX] Initialized MultithreadedTaskDispatcher with 8 workers.
[PhysX] Initialized MultithreadedTaskDispatcher with 8 workers.
 -> (artifact id: '622fb9d878481d15f66934bc17dd5937') in 0.060115 seconds
Number of updated asset objects reloaded before import = 0
Number of asset objects unloaded after import = 10
========================================================================
Received Import Request.
  Time since last request: 0.000039 seconds.
  path: Assets/new/models/Tank1.prefab
  artifactKey: Guid(0bd06101622c1614587daada13755dbf) Importer(815301076,1909f56bfc062723c751e8b465ee728b)
Start importing Assets/new/models/Tank1.prefab using Guid(0bd06101622c1614587daada13755dbf) Importer(815301076,1909f56bfc062723c751e8b465ee728b) [PhysX] Initialized MultithreadedTaskDispatcher with 8 workers.
[PhysX] Initialized MultithreadedTaskDispatcher with 8 workers.
 -> (artifact id: '624b3521e31a6bf10a16cf6b4a5f133a') in 0.046084 seconds
Number of updated asset objects reloaded before import = 0
Number of asset objects unloaded after import = 18
========================================================================
Received Import Request.
  Time since last request: 0.000061 seconds.
  path: Assets/new/models/tree1.obj
  artifactKey: Guid(6914972caf27c9f4680819456f0e9a5c) Importer(815301076,1909f56bfc062723c751e8b465ee728b)
Start importing Assets/new/models/tree1.obj using Guid(6914972caf27c9f4680819456f0e9a5c) Importer(815301076,1909f56bfc062723c751e8b465ee728b) [PhysX] Initialized MultithreadedTaskDispatcher with 8 workers.
[PhysX] Initialized MultithreadedTaskDispatcher with 8 workers.
[PhysX] Initialized MultithreadedTaskDispatcher with 8 workers.
[PhysX] Initialized MultithreadedTaskDispatcher with 8 workers.
[PhysX] Initialized MultithreadedTaskDispatcher with 8 workers.
[PhysX] Initialized MultithreadedTaskDispatcher with 8 workers.
 -> (artifact id: '650c0d9cc3f9c1d83bf12bd3f5fe2471') in 0.069143 seconds
Number of updated asset objects reloaded before import = 0
Number of asset objects unloaded after import = 11
========================================================================
Received Import Request.
  Time since last request: 0.000040 seconds.
  path: Assets/new/models/snowman.obj
  artifactKey: Guid(18749040b4fa60743a3fb5244971f8e3) Importer(815301076,1909f56bfc062723c751e8b465ee728b)
Start importing Assets/new/models/snowman.obj using Guid(18749040b4fa60743a3fb5244971f8e3) Importer(815301076,1909f56bfc062723c751e8b465ee728b) [PhysX] Initialized MultithreadedTaskDispatcher with 8 workers.
[PhysX] Initialized MultithreadedTaskDispatcher with 8 workers.
[PhysX] Initialized MultithreadedTaskDispatcher with 8 workers.
[PhysX] Initialized MultithreadedTaskDispatcher with 8 workers.
[PhysX] Initialized MultithreadedTaskDispatcher with 8 workers.
[PhysX] Initialized MultithreadedTaskDispatcher with 8 workers.
[PhysX] Initialized MultithreadedTaskDispatcher with 8 workers.
[PhysX] Initialized MultithreadedTaskDispatcher with 8 workers.
[PhysX] Initialized MultithreadedTaskDispatcher with 8 workers.
 -> (artifact id: 'a2b4d12c452e3cade804c1356e7de911') in 0.108638 seconds
Number of updated asset objects reloaded before import = 0
Number of asset objects unloaded after import = 14
========================================================================
Received Import Request.
  Time since last request: 14.005472 seconds.
  path: Assets/Models/New Models
  artifactKey: Guid(839fe11c43d09ad4cb5aa86c64f04568) Importer(815301076,1909f56bfc062723c751e8b465ee728b)
Start importing Assets/Models/New Models using Guid(839fe11c43d09ad4cb5aa86c64f04568) Importer(815301076,1909f56bfc062723c751e8b465ee728b) [PhysX] Initialized MultithreadedTaskDispatcher with 8 workers.
 -> (artifact id: '1b851daa55f106bc9ed70f94921c1e0d') in 0.000565 seconds
Number of updated asset objects reloaded before import = 0
Number of asset objects unloaded after import = 0
========================================================================
Received Import Request.
  Time since last request: 10.531580 seconds.
  path: Assets/Models/Old Models
  artifactKey: Guid(62a236369c26a7649a9aacd5087ed0bc) Importer(815301076,1909f56bfc062723c751e8b465ee728b)
Start importing Assets/Models/Old Models using Guid(62a236369c26a7649a9aacd5087ed0bc) Importer(815301076,1909f56bfc062723c751e8b465ee728b) [PhysX] Initialized MultithreadedTaskDispatcher with 8 workers.
 -> (artifact id: '8965868fd6be81c3eff0576601ad4df9') in 0.000683 seconds
Number of updated asset objects reloaded before import = 0
Number of asset objects unloaded after import = 0
========================================================================
Received Import Request.
  Time since last request: 19.613308 seconds.
  path: Assets/old/Models
  artifactKey: Guid(b0fc0290e8f369c4ea33be73cdd6017b) Importer(815301076,1909f56bfc062723c751e8b465ee728b)
Start importing Assets/old/Models using Guid(b0fc0290e8f369c4ea33be73cdd6017b) Importer(815301076,1909f56bfc062723c751e8b465ee728b) [PhysX] Initialized MultithreadedTaskDispatcher with 8 workers.
 -> (artifact id: '47dd64564ee66322642a0facec26ae14') in 0.000849 seconds
Number of updated asset objects reloaded before import = 0
Number of asset objects unloaded after import = 0
========================================================================
Received Import Request.
  Time since last request: 0.061347 seconds.
  path: Assets/old/Models/Pumpkin.obj
  artifactKey: Guid(2d65df9757c101447b6283e7cbf7dba0) Importer(815301076,1909f56bfc062723c751e8b465ee728b)
Start importing Assets/old/Models/Pumpkin.obj using Guid(2d65df9757c101447b6283e7cbf7dba0) Importer(815301076,1909f56bfc062723c751e8b465ee728b) [PhysX] Initialized MultithreadedTaskDispatcher with 8 workers.
[PhysX] Initialized MultithreadedTaskDispatcher with 8 workers.
[PhysX] Initialized MultithreadedTaskDispatcher with 8 workers.
[PhysX] Initialized MultithreadedTaskDispatcher with 8 workers.
[PhysX] Initialized MultithreadedTaskDispatcher with 8 workers.
[PhysX] Initialized MultithreadedTaskDispatcher with 8 workers.
[PhysX] Initialized MultithreadedTaskDispatcher with 8 workers.
 -> (artifact id: '0120a4eea919112fd9a64b5a15022085') in 0.076421 seconds
Number of updated asset objects reloaded before import = 0
Number of asset objects unloaded after import = 12
========================================================================
Received Import Request.
  Time since last request: 0.000069 seconds.
  path: Assets/old/Models/tree2.obj
  artifactKey: Guid(a4fb9232f6364ab4981956f79aa81bae) Importer(815301076,1909f56bfc062723c751e8b465ee728b)
Start importing Assets/old/Models/tree2.obj using Guid(a4fb9232f6364ab4981956f79aa81bae) Importer(815301076,1909f56bfc062723c751e8b465ee728b) [PhysX] Initialized MultithreadedTaskDispatcher with 8 workers.
[PhysX] Initialized MultithreadedTaskDispatcher with 8 workers.
[PhysX] Initialized MultithreadedTaskDispatcher with 8 workers.
[PhysX] Initialized MultithreadedTaskDispatcher with 8 workers.
[PhysX] Initialized MultithreadedTaskDispatcher with 8 workers.
 -> (artifact id: 'cbe3fd51be49afdffdf3a93d525c6fb2') in 0.055470 seconds
Number of updated asset objects reloaded before import = 0
Number of asset objects unloaded after import = 10
========================================================================
Received Import Request.
  Time since last request: 0.000133 seconds.
  path: Assets/old/Models/Tank1.prefab
  artifactKey: Guid(570e45b006551744e8d35ac0345fd087) Importer(815301076,1909f56bfc062723c751e8b465ee728b)
Start importing Assets/old/Models/Tank1.prefab using Guid(570e45b006551744e8d35ac0345fd087) Importer(815301076,1909f56bfc062723c751e8b465ee728b) [PhysX] Initialized MultithreadedTaskDispatcher with 8 workers.
[PhysX] Initialized MultithreadedTaskDispatcher with 8 workers.
 -> (artifact id: 'd3a30f0937ed67c8bf74376b03aea946') in 0.022909 seconds
Number of updated asset objects reloaded before import = 0
Number of asset objects unloaded after import = 18
========================================================================
Received Import Request.
  Time since last request: 0.000064 seconds.
  path: Assets/old/Models/rocks2.obj
  artifactKey: Guid(999cfc7dd74521144b1acfb15abd0fd4) Importer(815301076,1909f56bfc062723c751e8b465ee728b)
Start importing Assets/old/Models/rocks2.obj using Guid(999cfc7dd74521144b1acfb15abd0fd4) Importer(815301076,1909f56bfc062723c751e8b465ee728b) [PhysX] Initialized MultithreadedTaskDispatcher with 8 workers.
[PhysX] Initialized MultithreadedTaskDispatcher with 8 workers.
[PhysX] Initialized MultithreadedTaskDispatcher with 8 workers.
[PhysX] Initialized MultithreadedTaskDispatcher with 8 workers.
[PhysX] Initialized MultithreadedTaskDispatcher with 8 workers.
 -> (artifact id: '8b77439ba42ad8ec1fee1a23f10f8a56') in 0.050811 seconds
Number of updated asset objects reloaded before import = 0
Number of asset objects unloaded after import = 10
========================================================================
Received Import Request.
  Time since last request: 0.000077 seconds.
  path: Assets/old/Models/Кущ2.obj
  artifactKey: Guid(d2c86f2a6256c4a40bcc9d2104afb6ae) Importer(815301076,1909f56bfc062723c751e8b465ee728b)
Start importing Assets/old/Models/Кущ2.obj using Guid(d2c86f2a6256c4a40bcc9d2104afb6ae) Importer(815301076,1909f56bfc062723c751e8b465ee728b) [PhysX] Initialized MultithreadedTaskDispatcher with 8 workers.
[PhysX] Initialized MultithreadedTaskDispatcher with 8 workers.
[PhysX] Initialized MultithreadedTaskDispatcher with 8 workers.
[PhysX] Initialized MultithreadedTaskDispatcher with 8 workers.
[PhysX] Initialized MultithreadedTaskDispatcher with 8 workers.
 -> (artifact id: '1c1a80cc9be9659961c3bc1a76dee06e') in 0.051481 seconds
Number of updated asset objects reloaded before import = 0
Number of asset objects unloaded after import = 10
========================================================================
Received Import Request.
  Time since last request: 0.000029 seconds.
  path: Assets/old/Models/tree3.obj
  artifactKey: Guid(66a8c24a151a76440a0425dd4db2feec) Importer(815301076,1909f56bfc062723c751e8b465ee728b)
Start importing Assets/old/Models/tree3.obj using Guid(66a8c24a151a76440a0425dd4db2feec) Importer(815301076,1909f56bfc062723c751e8b465ee728b) [PhysX] Initialized MultithreadedTaskDispatcher with 8 workers.
[PhysX] Initialized MultithreadedTaskDispatcher with 8 workers.
[PhysX] Initialized MultithreadedTaskDispatcher with 8 workers.
[PhysX] Initialized MultithreadedTaskDispatcher with 8 workers.
[PhysX] Initialized MultithreadedTaskDispatcher with 8 workers.
[PhysX] Initialized MultithreadedTaskDispatcher with 8 workers.
 -> (artifact id: '500af78dc92291095f70f06aa1830167') in 0.069513 seconds
Number of updated asset objects reloaded before import = 0
Number of asset objects unloaded after import = 11
========================================================================
Received Import Request.
  Time since last request: 0.000036 seconds.
  path: Assets/old/Models/walls3.obj
  artifactKey: Guid(2629ba8e67ef4d84ea862bee6090c436) Importer(815301076,1909f56bfc062723c751e8b465ee728b)
Start importing Assets/old/Models/walls3.obj using Guid(2629ba8e67ef4d84ea862bee6090c436) Importer(815301076,1909f56bfc062723c751e8b465ee728b) [PhysX] Initialized MultithreadedTaskDispatcher with 8 workers.
[PhysX] Initialized MultithreadedTaskDispatcher with 8 workers.
[PhysX] Initialized MultithreadedTaskDispatcher with 8 workers.
[PhysX] Initialized MultithreadedTaskDispatcher with 8 workers.
[PhysX] Initialized MultithreadedTaskDispatcher with 8 workers.
 -> (artifact id: '8bf4d14a61ff6bc65476d79493b048d7') in 0.058511 seconds
Number of updated asset objects reloaded before import = 0
Number of asset objects unloaded after import = 10
========================================================================
Received Import Request.
  Time since last request: 10.230479 seconds.
  path: Assets/new/prefab
  artifactKey: Guid(72c86b7225f143c438fdf681463084bc) Importer(815301076,1909f56bfc062723c751e8b465ee728b)
Start importing Assets/new/prefab using Guid(72c86b7225f143c438fdf681463084bc) Importer(815301076,1909f56bfc062723c751e8b465ee728b) [PhysX] Initialized MultithreadedTaskDispatcher with 8 workers.
 -> (artifact id: '2a92ebbf4bb4547754199c99b2d2d749') in 0.000978 seconds
Number of updated asset objects reloaded before import = 0
Number of asset objects unloaded after import = 0
========================================================================
Received Import Request.
  Time since last request: 0.069203 seconds.
  path: Assets/new/prefab/BaM.prefab
  artifactKey: Guid(f2371797c0f1efd41be6cdce11538baf) Importer(815301076,1909f56bfc062723c751e8b465ee728b)
Start importing Assets/new/prefab/BaM.prefab using Guid(f2371797c0f1efd41be6cdce11538baf) Importer(815301076,1909f56bfc062723c751e8b465ee728b) [PhysX] Initialized MultithreadedTaskDispatcher with 8 workers.
[PhysX] Initialized MultithreadedTaskDispatcher with 8 workers.
 -> (artifact id: '6045f029d48c38912ba3c56bf4ce06fc') in 0.128529 seconds
Number of updated asset objects reloaded before import = 0
Number of asset objects unloaded after import = 6
========================================================================
Received Import Request.
  Time since last request: 0.000045 seconds.
  path: Assets/new/prefab/Tank2 Variant.prefab
  artifactKey: Guid(a102b387dd718dc4389ac76831d0f262) Importer(815301076,1909f56bfc062723c751e8b465ee728b)
Start importing Assets/new/prefab/Tank2 Variant.prefab using Guid(a102b387dd718dc4389ac76831d0f262) Importer(815301076,1909f56bfc062723c751e8b465ee728b) [PhysX] Initialized MultithreadedTaskDispatcher with 8 workers.
[PhysX] Initialized MultithreadedTaskDispatcher with 8 workers.
Refreshing native plugins compatible for Editor in 12.32 ms, found 5 plugins.
Preloading 0 native plugins for Editor in 0.00 ms.
 -> (artifact id: 'bc9f1a25518ef41dff996f6fc2288ea7') in 0.050212 seconds
Number of updated asset objects reloaded before import = 0
Number of asset objects unloaded after import = 81
========================================================================
Received Import Request.
  Time since last request: 0.000047 seconds.
  path: Assets/new/prefab/Wall.prefab
  artifactKey: Guid(7fa795ae80e68c34d9473cd3f4bad6bc) Importer(815301076,1909f56bfc062723c751e8b465ee728b)
Start importing Assets/new/prefab/Wall.prefab using Guid(7fa795ae80e68c34d9473cd3f4bad6bc) Importer(815301076,1909f56bfc062723c751e8b465ee728b) [PhysX] Initialized MultithreadedTaskDispatcher with 8 workers.
[PhysX] Initialized MultithreadedTaskDispatcher with 8 workers.
 -> (artifact id: 'b18ed0af1c574759c70785704d1a012e') in 0.032253 seconds
Number of updated asset objects reloaded before import = 0
Number of asset objects unloaded after import = 10
========================================================================
Received Import Request.
  Time since last request: 2.407418 seconds.
  path: Assets/new/prefab/Tank1
  artifactKey: Guid(24d60bbb8d530c54383370852dc4be7b) Importer(815301076,1909f56bfc062723c751e8b465ee728b)
Start importing Assets/new/prefab/Tank1 using Guid(24d60bbb8d530c54383370852dc4be7b) Importer(815301076,1909f56bfc062723c751e8b465ee728b) [PhysX] Initialized MultithreadedTaskDispatcher with 8 workers.
 -> (artifact id: '36f907244654b707625ef55d9c46d50c') in 0.001531 seconds
Number of updated asset objects reloaded before import = 0
Number of asset objects unloaded after import = 0
========================================================================
Received Import Request.
  Time since last request: 0.072074 seconds.
  path: Assets/new/prefab/Tank1/bullets.prefab
  artifactKey: Guid(8f8a518a3c351d5498b2b88eee080d6b) Importer(815301076,1909f56bfc062723c751e8b465ee728b)
Start importing Assets/new/prefab/Tank1/bullets.prefab using Guid(8f8a518a3c351d5498b2b88eee080d6b) Importer(815301076,1909f56bfc062723c751e8b465ee728b) [PhysX] Initialized MultithreadedTaskDispatcher with 8 workers.
[PhysX] Initialized MultithreadedTaskDispatcher with 8 workers.
Refreshing native plugins compatible for Editor in 10.87 ms, found 5 plugins.
Preloading 0 native plugins for Editor in 0.00 ms.
 -> (artifact id: '9157483737aa4eb1fc3895225a4bfe33') in 0.026213 seconds
Number of updated asset objects reloaded before import = 0
Number of asset objects unloaded after import = 30
========================================================================
Received Import Request.
  Time since last request: 4.006012 seconds.
  path: Assets/Prefabs
  artifactKey: Guid(789a1cd5cc367bc479c8bfc3dae7e0f8) Importer(815301076,1909f56bfc062723c751e8b465ee728b)
Start importing Assets/Prefabs using Guid(789a1cd5cc367bc479c8bfc3dae7e0f8) Importer(815301076,1909f56bfc062723c751e8b465ee728b) [PhysX] Initialized MultithreadedTaskDispatcher with 8 workers.
 -> (artifact id: '2feaa648365d0a9346426656ffa51b52') in 0.000892 seconds
Number of updated asset objects reloaded before import = 0
Number of asset objects unloaded after import = 0
========================================================================
Received Import Request.
  Time since last request: 8.216589 seconds.
  path: Assets/Prefabs/New Prefabs
  artifactKey: Guid(fe26a5fee57c1524797e165c8441f777) Importer(815301076,1909f56bfc062723c751e8b465ee728b)
Start importing Assets/Prefabs/New Prefabs using Guid(fe26a5fee57c1524797e165c8441f777) Importer(815301076,1909f56bfc062723c751e8b465ee728b) [PhysX] Initialized MultithreadedTaskDispatcher with 8 workers.
 -> (artifact id: '862a74023226e3bea6ee03a7d2945960') in 0.000718 seconds
Number of updated asset objects reloaded before import = 0
Number of asset objects unloaded after import = 0
========================================================================
Received Import Request.
  Time since last request: 12.320793 seconds.
  path: Assets/Prefabs/Old Prefabs
  artifactKey: Guid(6c2a72361726e7d44912625c983781c5) Importer(815301076,1909f56bfc062723c751e8b465ee728b)
Start importing Assets/Prefabs/Old Prefabs using Guid(6c2a72361726e7d44912625c983781c5) Importer(815301076,1909f56bfc062723c751e8b465ee728b) [PhysX] Initialized MultithreadedTaskDispatcher with 8 workers.
 -> (artifact id: '509b0539cdfae3471717f7167427b48a') in 0.000585 seconds
Number of updated asset objects reloaded before import = 0
Number of asset objects unloaded after import = 0
========================================================================
Received Import Request.
  Time since last request: 3.394325 seconds.
  path: Assets/old/Prefab/1.prefab
  artifactKey: Guid(21694581b31189c49b90e5296664a9f8) Importer(815301076,1909f56bfc062723c751e8b465ee728b)
Start importing Assets/old/Prefab/1.prefab using Guid(21694581b31189c49b90e5296664a9f8) Importer(815301076,1909f56bfc062723c751e8b465ee728b) [PhysX] Initialized MultithreadedTaskDispatcher with 8 workers.
[PhysX] Initialized MultithreadedTaskDispatcher with 8 workers.
 -> (artifact id: '2eaf76dd6a4a187f48e3dde069fe767e') in 0.022652 seconds
Number of updated asset objects reloaded before import = 0
Number of asset objects unloaded after import = 9
========================================================================
Received Import Request.
  Time since last request: 0.000031 seconds.
  path: Assets/old/Prefab/3.prefab
  artifactKey: Guid(9b1482c4b108b4c4d829e83138d51de4) Importer(815301076,1909f56bfc062723c751e8b465ee728b)
Start importing Assets/old/Prefab/3.prefab using Guid(9b1482c4b108b4c4d829e83138d51de4) Importer(815301076,1909f56bfc062723c751e8b465ee728b) [PhysX] Initialized MultithreadedTaskDispatcher with 8 workers.
[PhysX] Initialized MultithreadedTaskDispatcher with 8 workers.
 -> (artifact id: 'dc7a74f1ece6af4792f8094576d5358d') in 0.023547 seconds
Number of updated asset objects reloaded before import = 0
Number of asset objects unloaded after import = 9
========================================================================
Received Import Request.
  Time since last request: 0.000068 seconds.
  path: Assets/old/Prefab/default.prefab
  artifactKey: Guid(a4afa1d28d36d1f4c8abb1b3dabe503d) Importer(815301076,1909f56bfc062723c751e8b465ee728b)
Start importing Assets/old/Prefab/default.prefab using Guid(a4afa1d28d36d1f4c8abb1b3dabe503d) Importer(815301076,1909f56bfc062723c751e8b465ee728b) [PhysX] Initialized MultithreadedTaskDispatcher with 8 workers.
[PhysX] Initialized MultithreadedTaskDispatcher with 8 workers.
 -> (artifact id: 'a2a02d24a1a8039877cbf57ae1e504c3') in 0.019330 seconds
Number of updated asset objects reloaded before import = 0
Number of asset objects unloaded after import = 9
========================================================================
Received Import Request.
  Time since last request: 0.000036 seconds.
  path: Assets/old/Prefab/default 1.prefab
  artifactKey: Guid(3696d279348099b4ba4c7cb163afe264) Importer(815301076,1909f56bfc062723c751e8b465ee728b)
Start importing Assets/old/Prefab/default 1.prefab using Guid(3696d279348099b4ba4c7cb163afe264) Importer(815301076,1909f56bfc062723c751e8b465ee728b) [PhysX] Initialized MultithreadedTaskDispatcher with 8 workers.
[PhysX] Initialized MultithreadedTaskDispatcher with 8 workers.
 -> (artifact id: '88af11a59810c808fabea8627f31bd10') in 0.022768 seconds
Number of updated asset objects reloaded before import = 0
Number of asset objects unloaded after import = 9
========================================================================
Received Import Request.
  Time since last request: 0.000043 seconds.
  path: Assets/old/Prefab/default 2.prefab
  artifactKey: Guid(2650815853c672742b8a24751b6b1f06) Importer(815301076,1909f56bfc062723c751e8b465ee728b)
Start importing Assets/old/Prefab/default 2.prefab using Guid(2650815853c672742b8a24751b6b1f06) Importer(815301076,1909f56bfc062723c751e8b465ee728b) [PhysX] Initialized MultithreadedTaskDispatcher with 8 workers.
[PhysX] Initialized MultithreadedTaskDispatcher with 8 workers.
 -> (artifact id: '117d7c516e1b9e755caa244befdc8067') in 0.023724 seconds
Number of updated asset objects reloaded before import = 0
Number of asset objects unloaded after import = 10
========================================================================
Received Import Request.
  Time since last request: 0.000026 seconds.
  path: Assets/old/Prefab/default 3.prefab
  artifactKey: Guid(933485af395c09b44ba433f7adb9717a) Importer(815301076,1909f56bfc062723c751e8b465ee728b)
Start importing Assets/old/Prefab/default 3.prefab using Guid(933485af395c09b44ba433f7adb9717a) Importer(815301076,1909f56bfc062723c751e8b465ee728b) [PhysX] Initialized MultithreadedTaskDispatcher with 8 workers.
[PhysX] Initialized MultithreadedTaskDispatcher with 8 workers.
 -> (artifact id: 'cb315e3290d73ab4d44f476829db8dfe') in 0.020101 seconds
Number of updated asset objects reloaded before import = 0
Number of asset objects unloaded after import = 8
========================================================================
Received Import Request.
  Time since last request: 0.000078 seconds.
  path: Assets/old/Prefab/Tank2.prefab
  artifactKey: Guid(dce3559679bd89f41b407f2cc4444210) Importer(815301076,1909f56bfc062723c751e8b465ee728b)
Start importing Assets/old/Prefab/Tank2.prefab using Guid(dce3559679bd89f41b407f2cc4444210) Importer(815301076,1909f56bfc062723c751e8b465ee728b) [PhysX] Initialized MultithreadedTaskDispatcher with 8 workers.
[PhysX] Initialized MultithreadedTaskDispatcher with 8 workers.
Refreshing native plugins compatible for Editor in 11.84 ms, found 5 plugins.
Preloading 0 native plugins for Editor in 0.00 ms.
 -> (artifact id: 'c686e7e2e4099429ec53bd9739fa2220') in 0.039313 seconds
Number of updated asset objects reloaded before import = 0
Number of asset objects unloaded after import = 65
========================================================================
Received Import Request.
  Time since last request: 0.000037 seconds.
  path: Assets/old/Prefab/Directional Light.prefab
  artifactKey: Guid(97efd283d9967bf4ab86c0173122b1ea) Importer(815301076,1909f56bfc062723c751e8b465ee728b)
Start importing Assets/old/Prefab/Directional Light.prefab using Guid(97efd283d9967bf4ab86c0173122b1ea) Importer(815301076,1909f56bfc062723c751e8b465ee728b) [PhysX] Initialized MultithreadedTaskDispatcher with 8 workers.
 -> (artifact id: 'b66eafa47b879c3f904f2ce36bf5dab0') in 0.004378 seconds
Number of updated asset objects reloaded before import = 0
Number of asset objects unloaded after import = 5
========================================================================
Received Import Request.
  Time since last request: 0.000027 seconds.
  path: Assets/old/Prefab/default 4.prefab
  artifactKey: Guid(2abde255b3cc28c49bf0bca9a553d9c0) Importer(815301076,1909f56bfc062723c751e8b465ee728b)
Start importing Assets/old/Prefab/default 4.prefab using Guid(2abde255b3cc28c49bf0bca9a553d9c0) Importer(815301076,1909f56bfc062723c751e8b465ee728b) [PhysX] Initialized MultithreadedTaskDispatcher with 8 workers.
[PhysX] Initialized MultithreadedTaskDispatcher with 8 workers.
 -> (artifact id: '2d62243db2bd417fe9d461b93c6241cf') in 0.033345 seconds
Number of updated asset objects reloaded before import = 0
Number of asset objects unloaded after import = 8
========================================================================
Received Import Request.
  Time since last request: 0.000042 seconds.
  path: Assets/old/Prefab/default 5.prefab
  artifactKey: Guid(25d099eeccbbd5e43889f8676db19ada) Importer(815301076,1909f56bfc062723c751e8b465ee728b)
Start importing Assets/old/Prefab/default 5.prefab using Guid(25d099eeccbbd5e43889f8676db19ada) Importer(815301076,1909f56bfc062723c751e8b465ee728b) [PhysX] Initialized MultithreadedTaskDispatcher with 8 workers.
[PhysX] Initialized MultithreadedTaskDispatcher with 8 workers.
 -> (artifact id: '281ba762aff0322b9b17e340d74f5886') in 0.032530 seconds
Number of updated asset objects reloaded before import = 0
Number of asset objects unloaded after import = 8
========================================================================
Received Import Request.
  Time since last request: 0.000058 seconds.
  path: Assets/old/Prefab/Tank1.prefab
  artifactKey: Guid(9e7b20f35c78fcb44ae8c72371ad92e0) Importer(815301076,1909f56bfc062723c751e8b465ee728b)
Start importing Assets/old/Prefab/Tank1.prefab using Guid(9e7b20f35c78fcb44ae8c72371ad92e0) Importer(815301076,1909f56bfc062723c751e8b465ee728b) [PhysX] Initialized MultithreadedTaskDispatcher with 8 workers.
[PhysX] Initialized MultithreadedTaskDispatcher with 8 workers.
Refreshing native plugins compatible for Editor in 9.32 ms, found 5 plugins.
Preloading 0 native plugins for Editor in 0.00 ms.
 -> (artifact id: '7db94a91683b57e3387e8a44417579ef') in 0.034651 seconds
Number of updated asset objects reloaded before import = 0
Number of asset objects unloaded after import = 49
========================================================================
Received Import Request.
  Time since last request: 0.000068 seconds.
  path: Assets/old/Prefab/Cube (37).prefab
  artifactKey: Guid(90456571bf5cb6a4ba05e3e3ff0ecaa1) Importer(815301076,1909f56bfc062723c751e8b465ee728b)
Start importing Assets/old/Prefab/Cube (37).prefab using Guid(90456571bf5cb6a4ba05e3e3ff0ecaa1) Importer(815301076,1909f56bfc062723c751e8b465ee728b) [PhysX] Initialized MultithreadedTaskDispatcher with 8 workers.
[PhysX] Initialized MultithreadedTaskDispatcher with 8 workers.
 -> (artifact id: '009d072f24c49c1794050d09b3fcfdc3') in 0.038004 seconds
Number of updated asset objects reloaded before import = 0
Number of asset objects unloaded after import = 10
========================================================================
Received Import Request.
  Time since last request: 0.000053 seconds.
  path: Assets/old/Prefab/REDTANK.prefab
  artifactKey: Guid(d1a5958b07b6b3d408911f41701fd903) Importer(815301076,1909f56bfc062723c751e8b465ee728b)
Start importing Assets/old/Prefab/REDTANK.prefab using Guid(d1a5958b07b6b3d408911f41701fd903) Importer(815301076,1909f56bfc062723c751e8b465ee728b) [PhysX] Initialized MultithreadedTaskDispatcher with 8 workers.
Refreshing native plugins compatible for Editor in 13.05 ms, found 5 plugins.
Preloading 0 native plugins for Editor in 0.00 ms.
[PhysX] Initialized MultithreadedTaskDispatcher with 8 workers.
 -> (artifact id: '1d4cae4cbbe78adb8148baa3f9768037') in 0.048959 seconds
Number of updated asset objects reloaded before import = 0
Number of asset objects unloaded after import = 48
========================================================================
Received Import Request.
  Time since last request: 9.477945 seconds.
  path: Assets/old/PREFAB 1
  artifactKey: Guid(67741f24b4f984549b913465c70922fa) Importer(815301076,1909f56bfc062723c751e8b465ee728b)
Start importing Assets/old/PREFAB 1 using Guid(67741f24b4f984549b913465c70922fa) Importer(815301076,1909f56bfc062723c751e8b465ee728b) [PhysX] Initialized MultithreadedTaskDispatcher with 8 workers.
 -> (artifact id: '249ca3ee095e2d6041cb1f5cd694ec72') in 0.001038 seconds
Number of updated asset objects reloaded before import = 0
Number of asset objects unloaded after import = 0
========================================================================
Received Import Request.
  Time since last request: 0.105943 seconds.
  path: Assets/old/PREFAB 1/LIGHT Variant.prefab
  artifactKey: Guid(3235c19d6f2009948833ce3c848fe890) Importer(815301076,1909f56bfc062723c751e8b465ee728b)
Start importing Assets/old/PREFAB 1/LIGHT Variant.prefab using Guid(3235c19d6f2009948833ce3c848fe890) Importer(815301076,1909f56bfc062723c751e8b465ee728b) [PhysX] Initialized MultithreadedTaskDispatcher with 8 workers.
 -> (artifact id: '3a983b54e92227d878bf245a43d41d8a') in 0.003160 seconds
Number of updated asset objects reloaded before import = 0
Number of asset objects unloaded after import = 39
========================================================================
Received Import Request.
  Time since last request: 0.002916 seconds.
  path: Assets/old/PREFAB 1/Tank1 Variant.prefab
  artifactKey: Guid(3bae81e493fe52e4cbc7374b610f6edf) Importer(815301076,1909f56bfc062723c751e8b465ee728b)
Start importing Assets/old/PREFAB 1/Tank1 Variant.prefab using Guid(3bae81e493fe52e4cbc7374b610f6edf) Importer(815301076,1909f56bfc062723c751e8b465ee728b) [PhysX] Initialized MultithreadedTaskDispatcher with 8 workers.
Refreshing native plugins compatible for Editor in 6.95 ms, found 5 plugins.
Preloading 0 native plugins for Editor in 0.00 ms.
[PhysX] Initialized MultithreadedTaskDispatcher with 8 workers.
 -> (artifact id: '317053be951a2d5169232ede4e10dd89') in 0.035129 seconds
Number of updated asset objects reloaded before import = 0
Number of asset objects unloaded after import = 66
========================================================================
Received Import Request.
  Time since last request: 6.019635 seconds.
  path: Assets/Prefabs/Old Prefabs/Tank2 Variant 1.prefab
  artifactKey: Guid(4778d8fa9ab2b064489644e1f3a6b232) Importer(815301076,1909f56bfc062723c751e8b465ee728b)
Start importing Assets/Prefabs/Old Prefabs/Tank2 Variant 1.prefab using Guid(4778d8fa9ab2b064489644e1f3a6b232) Importer(815301076,1909f56bfc062723c751e8b465ee728b) [PhysX] Initialized MultithreadedTaskDispatcher with 8 workers.
Refreshing native plugins compatible for Editor in 10.16 ms, found 5 plugins.
Preloading 0 native plugins for Editor in 0.00 ms.
[PhysX] Initialized MultithreadedTaskDispatcher with 8 workers.
 -> (artifact id: '3756d75c6e3027148acab61f7d614937') in 0.033329 seconds
Number of updated asset objects reloaded before import = 0
Number of asset objects unloaded after import = 81
========================================================================
Received Import Request.
  Time since last request: 5.986239 seconds.
  path: Assets/new/ProBuilder Data
  artifactKey: Guid(7f6b58dbe3221b8478bcfc2d95e8cf53) Importer(815301076,1909f56bfc062723c751e8b465ee728b)
Start importing Assets/new/ProBuilder Data using Guid(7f6b58dbe3221b8478bcfc2d95e8cf53) Importer(815301076,1909f56bfc062723c751e8b465ee728b) [PhysX] Initialized MultithreadedTaskDispatcher with 8 workers.
 -> (artifact id: '2799351def14758eace8c5d944e8ccc8') in 0.001110 seconds
Number of updated asset objects reloaded before import = 0
Number of asset objects unloaded after import = 0
========================================================================
Received Import Request.
  Time since last request: 2.418378 seconds.
  path: Assets/new/scenes
  artifactKey: Guid(54e3a22466800764680b87af3fc9f183) Importer(815301076,1909f56bfc062723c751e8b465ee728b)
Start importing Assets/new/scenes using Guid(54e3a22466800764680b87af3fc9f183) Importer(815301076,1909f56bfc062723c751e8b465ee728b) [PhysX] Initialized MultithreadedTaskDispatcher with 8 workers.
 -> (artifact id: 'b8ad294573a6c4faa02a8c33a9983baf') in 0.000660 seconds
Number of updated asset objects reloaded before import = 0
Number of asset objects unloaded after import = 0
========================================================================
Received Import Request.
  Time since last request: 0.853381 seconds.
  path: Assets/new/scenes/forest.unity
  artifactKey: Guid(f2ed9be43f44f6444aba5107367f15be) Importer(815301076,1909f56bfc062723c751e8b465ee728b)
Start importing Assets/new/scenes/forest.unity using Guid(f2ed9be43f44f6444aba5107367f15be) Importer(815301076,1909f56bfc062723c751e8b465ee728b) [PhysX] Initialized MultithreadedTaskDispatcher with 8 workers.
 -> (artifact id: '6874d73e839704a2e7836e2770eb8392') in 0.008558 seconds
Number of updated asset objects reloaded before import = 0
Number of asset objects unloaded after import = 0
========================================================================
Received Import Request.
  Time since last request: 19.072673 seconds.
  path: Assets/Scenes/New Scenes
  artifactKey: Guid(e5976b53ac879e94cae213462686736b) Importer(815301076,1909f56bfc062723c751e8b465ee728b)
Start importing Assets/Scenes/New Scenes using Guid(e5976b53ac879e94cae213462686736b) Importer(815301076,1909f56bfc062723c751e8b465ee728b) [PhysX] Initialized MultithreadedTaskDispatcher with 8 workers.
 -> (artifact id: 'a85c75b2f8455c69938516b9bb037523') in 0.000652 seconds
Number of updated asset objects reloaded before import = 0
Number of asset objects unloaded after import = 0
========================================================================
Received Import Request.
  Time since last request: 9.048656 seconds.
  path: Assets/Scenes/New Scenes/Levels
  artifactKey: Guid(82a3866edf60f1c44a924bec202a000d) Importer(815301076,1909f56bfc062723c751e8b465ee728b)
Start importing Assets/Scenes/New Scenes/Levels using Guid(82a3866edf60f1c44a924bec202a000d) Importer(815301076,1909f56bfc062723c751e8b465ee728b) [PhysX] Initialized MultithreadedTaskDispatcher with 8 workers.
 -> (artifact id: '2ec552e488a6411e1aefcf08400307b5') in 0.000714 seconds
Number of updated asset objects reloaded before import = 0
Number of asset objects unloaded after import = 0
========================================================================
Received Import Request.
  Time since last request: 5.498035 seconds.
  path: Assets/Scenes/New Scenes/Menu
  artifactKey: Guid(ad666240141f1dd4d8623efdc0b90b32) Importer(815301076,1909f56bfc062723c751e8b465ee728b)
Start importing Assets/Scenes/New Scenes/Menu using Guid(ad666240141f1dd4d8623efdc0b90b32) Importer(815301076,1909f56bfc062723c751e8b465ee728b) [PhysX] Initialized MultithreadedTaskDispatcher with 8 workers.
 -> (artifact id: 'e2826ee54e660723204197c1486d3d49') in 0.000772 seconds
Number of updated asset objects reloaded before import = 0
Number of asset objects unloaded after import = 0
========================================================================
Received Import Request.
  Time since last request: 19.108312 seconds.
  path: Assets/Scenes/New Scenes/Levels/forest
  artifactKey: Guid(001995aa6ac592f4ba1ba2fe8be9238d) Importer(815301076,1909f56bfc062723c751e8b465ee728b)
Start importing Assets/Scenes/New Scenes/Levels/forest using Guid(001995aa6ac592f4ba1ba2fe8be9238d) Importer(815301076,1909f56bfc062723c751e8b465ee728b) [PhysX] Initialized MultithreadedTaskDispatcher with 8 workers.
 -> (artifact id: 'fa3d7e97990d377557d06ff33124402d') in 0.000651 seconds
Number of updated asset objects reloaded before import = 0
Number of asset objects unloaded after import = 0
========================================================================
Received Import Request.
  Time since last request: 6.427700 seconds.
  path: Assets/Scenes/New Scenes/Levels/halloween
  artifactKey: Guid(14de260669e108742af999e6f325fd40) Importer(815301076,1909f56bfc062723c751e8b465ee728b)
Start importing Assets/Scenes/New Scenes/Levels/halloween using Guid(14de260669e108742af999e6f325fd40) Importer(815301076,1909f56bfc062723c751e8b465ee728b) [PhysX] Initialized MultithreadedTaskDispatcher with 8 workers.
 -> (artifact id: 'ac90d67565da00282b694d30d8249652') in 0.000752 seconds
Number of updated asset objects reloaded before import = 0
Number of asset objects unloaded after import = 0
========================================================================
Received Import Request.
  Time since last request: 5.360851 seconds.
  path: Assets/Scenes/New Scenes/Levels/winter
  artifactKey: Guid(78d116b076605114299947909a7fdd62) Importer(815301076,1909f56bfc062723c751e8b465ee728b)
Start importing Assets/Scenes/New Scenes/Levels/winter using Guid(78d116b076605114299947909a7fdd62) Importer(815301076,1909f56bfc062723c751e8b465ee728b) [PhysX] Initialized MultithreadedTaskDispatcher with 8 workers.
 -> (artifact id: '215984c3b0215dfb0c3932e331ee664b') in 0.000767 seconds
Number of updated asset objects reloaded before import = 0
Number of asset objects unloaded after import = 0
========================================================================
Received Import Request.
  Time since last request: 9.725116 seconds.
  path: Assets/Scenes/Old Scenes
  artifactKey: Guid(d21e542ebdf07244baac006684850176) Importer(815301076,1909f56bfc062723c751e8b465ee728b)
Start importing Assets/Scenes/Old Scenes using Guid(d21e542ebdf07244baac006684850176) Importer(815301076,1909f56bfc062723c751e8b465ee728b) [PhysX] Initialized MultithreadedTaskDispatcher with 8 workers.
 -> (artifact id: '0fac4506ce84f1b5c7c48de654dd4b39') in 0.000676 seconds
Number of updated asset objects reloaded before import = 0
Number of asset objects unloaded after import = 0
========================================================================
Received Import Request.
  Time since last request: 2.264933 seconds.
  path: Assets/old/Scenes
  artifactKey: Guid(2bed3b444da4bd34cacc6b8619da2112) Importer(815301076,1909f56bfc062723c751e8b465ee728b)
Start importing Assets/old/Scenes using Guid(2bed3b444da4bd34cacc6b8619da2112) Importer(815301076,1909f56bfc062723c751e8b465ee728b) [PhysX] Initialized MultithreadedTaskDispatcher with 8 workers.
 -> (artifact id: '0a6c2d74c33ec4c5f5ebc08c37433e14') in 0.000863 seconds
Number of updated asset objects reloaded before import = 0
Number of asset objects unloaded after import = 0
========================================================================
Received Import Request.
  Time since last request: 2.594480 seconds.
  path: Assets/old/Scenes/MainMenu_Profiles
  artifactKey: Guid(820dc1a9f940ee841bcb7a30bc8e22b2) Importer(815301076,1909f56bfc062723c751e8b465ee728b)
Start importing Assets/old/Scenes/MainMenu_Profiles using Guid(820dc1a9f940ee841bcb7a30bc8e22b2) Importer(815301076,1909f56bfc062723c751e8b465ee728b) [PhysX] Initialized MultithreadedTaskDispatcher with 8 workers.
 -> (artifact id: 'd8865f7fbccb64c18c97b1e69430d30f') in 0.000624 seconds
Number of updated asset objects reloaded before import = 0
Number of asset objects unloaded after import = 0
========================================================================
Received Import Request.
  Time since last request: 3.280169 seconds.
  path: Assets/old/Scenes/LVL1_Profiles
  artifactKey: Guid(e64612402110aea47b1eb4a190d4b670) Importer(815301076,1909f56bfc062723c751e8b465ee728b)
Start importing Assets/old/Scenes/LVL1_Profiles using Guid(e64612402110aea47b1eb4a190d4b670) Importer(815301076,1909f56bfc062723c751e8b465ee728b) [PhysX] Initialized MultithreadedTaskDispatcher with 8 workers.
 -> (artifact id: '5761677843bf65d10341a0b9e22a0482') in 0.001038 seconds
Number of updated asset objects reloaded before import = 0
Number of asset objects unloaded after import = 0
========================================================================
Received Import Request.
  Time since last request: 0.025135 seconds.
  path: Assets/old/Scenes/LVL1_Profiles/GlowCamera Profile.asset
  artifactKey: Guid(6009e146a0c88b540b7bcfdbc5d32401) Importer(815301076,1909f56bfc062723c751e8b465ee728b)
Start importing Assets/old/Scenes/LVL1_Profiles/GlowCamera Profile.asset using Guid(6009e146a0c88b540b7bcfdbc5d32401) Importer(815301076,1909f56bfc062723c751e8b465ee728b) [PhysX] Initialized MultithreadedTaskDispatcher with 8 workers.
 -> (artifact id: '8645dd1f12ce0095272c0810c70b441d') in 0.012480 seconds
Number of updated asset objects reloaded before import = 0
Number of asset objects unloaded after import = 2
========================================================================
Received Import Request.
  Time since last request: 0.000040 seconds.
  path: Assets/old/Scenes/LVL1_Profiles/Post Profile.asset
  artifactKey: Guid(0b599d9193819b14ab67207b70ac8814) Importer(815301076,1909f56bfc062723c751e8b465ee728b)
Start importing Assets/old/Scenes/LVL1_Profiles/Post Profile.asset using Guid(0b599d9193819b14ab67207b70ac8814) Importer(815301076,1909f56bfc062723c751e8b465ee728b) [PhysX] Initialized MultithreadedTaskDispatcher with 8 workers.
 -> (artifact id: '98907752a48772db822af1474dee78a3') in 0.002611 seconds
Number of updated asset objects reloaded before import = 0
Number of asset objects unloaded after import = 1
========================================================================
Received Import Request.
  Time since last request: 1.292832 seconds.
  path: Assets/old/Scenes/HALLOWEEN
  artifactKey: Guid(15f24a0f7f53d36488cededbd51f397e) Importer(815301076,1909f56bfc062723c751e8b465ee728b)
Start importing Assets/old/Scenes/HALLOWEEN using Guid(15f24a0f7f53d36488cededbd51f397e) Importer(815301076,1909f56bfc062723c751e8b465ee728b) [PhysX] Initialized MultithreadedTaskDispatcher with 8 workers.
 -> (artifact id: '944675f8c176b5b753f81fb51a9f3887') in 0.000999 seconds
Number of updated asset objects reloaded before import = 0
Number of asset objects unloaded after import = 0
========================================================================
Received Import Request.
  Time since last request: 1.477893 seconds.
  path: Assets/old/Scenes/NEWYEAR
  artifactKey: Guid(3c063e5725b89f4448cae5d70ab568e7) Importer(815301076,1909f56bfc062723c751e8b465ee728b)
Start importing Assets/old/Scenes/NEWYEAR using Guid(3c063e5725b89f4448cae5d70ab568e7) Importer(815301076,1909f56bfc062723c751e8b465ee728b) [PhysX] Initialized MultithreadedTaskDispatcher with 8 workers.
 -> (artifact id: '81ae60c8765e086c5209fe329185d3be') in 0.000820 seconds
Number of updated asset objects reloaded before import = 0
Number of asset objects unloaded after import = 0
========================================================================
Received Import Request.
  Time since last request: 2.262317 seconds.
  path: Assets/old/Scenes/MainMenu.unity
  artifactKey: Guid(2665696954df04b4db200aa880e375dc) Importer(815301076,1909f56bfc062723c751e8b465ee728b)
Start importing Assets/old/Scenes/MainMenu.unity using Guid(2665696954df04b4db200aa880e375dc) Importer(815301076,1909f56bfc062723c751e8b465ee728b) [PhysX] Initialized MultithreadedTaskDispatcher with 8 workers.
 -> (artifact id: '157d6bf40cc6111edcb152ed3f07c872') in 0.000573 seconds
Number of updated asset objects reloaded before import = 0
Number of asset objects unloaded after import = 0
========================================================================
Received Import Request.
  Time since last request: 13.880984 seconds.
  path: Assets/Scenes/New Scenes/Levels/halloween/halloween.unity
  artifactKey: Guid(f5b6eb5796f760946a86a9826fd0545d) Importer(815301076,1909f56bfc062723c751e8b465ee728b)
Start importing Assets/Scenes/New Scenes/Levels/halloween/halloween.unity using Guid(f5b6eb5796f760946a86a9826fd0545d) Importer(815301076,1909f56bfc062723c751e8b465ee728b) [PhysX] Initialized MultithreadedTaskDispatcher with 8 workers.
 -> (artifact id: 'b03ee693d6d06e9285284a71acdf94e9') in 0.001276 seconds
Number of updated asset objects reloaded before import = 0
Number of asset objects unloaded after import = 0
========================================================================
Received Import Request.
  Time since last request: 6.475418 seconds.
  path: Assets/old/Scenes1
  artifactKey: Guid(e110011df7a70864eb6e4ca64d8e8f63) Importer(815301076,1909f56bfc062723c751e8b465ee728b)
Start importing Assets/old/Scenes1 using Guid(e110011df7a70864eb6e4ca64d8e8f63) Importer(815301076,1909f56bfc062723c751e8b465ee728b) [PhysX] Initialized MultithreadedTaskDispatcher with 8 workers.
 -> (artifact id: 'f41a141b1fd0e406f881f42408ff2a95') in 0.001020 seconds
Number of updated asset objects reloaded before import = 0
Number of asset objects unloaded after import = 0
========================================================================
Received Import Request.
  Time since last request: 5.568805 seconds.
  path: Assets/old/Scenes/NEWYEAR/New Lighting Settings.lighting
  artifactKey: Guid(d3b7a892647a8e8448dbe0d48e753eee) Importer(815301076,1909f56bfc062723c751e8b465ee728b)
Start importing Assets/old/Scenes/NEWYEAR/New Lighting Settings.lighting using Guid(d3b7a892647a8e8448dbe0d48e753eee) Importer(815301076,1909f56bfc062723c751e8b465ee728b) [PhysX] Initialized MultithreadedTaskDispatcher with 8 workers.
 -> (artifact id: '3b976386b802d0291e3d7a9842077716') in 0.001919 seconds
Number of updated asset objects reloaded before import = 0
Number of asset objects unloaded after import = 1
========================================================================
Received Import Request.
  Time since last request: 28.680126 seconds.
  path: Assets/old/Scenes1/Den-Derzhavnoho-Prapora-Ukrainy.jpg
  artifactKey: Guid(409110abda1610045bd87001be90ad3b) Importer(815301076,1909f56bfc062723c751e8b465ee728b)
Start importing Assets/old/Scenes1/Den-Derzhavnoho-Prapora-Ukrainy.jpg using Guid(409110abda1610045bd87001be90ad3b) Importer(815301076,1909f56bfc062723c751e8b465ee728b) [PhysX] Initialized MultithreadedTaskDispatcher with 8 workers.
[PhysX] Initialized MultithreadedTaskDispatcher with 8 workers.
 -> (artifact id: '908419d002a7b14bc1b114ee04160833') in 0.059443 seconds
Number of updated asset objects reloaded before import = 0
Number of asset objects unloaded after import = 3
========================================================================
Received Import Request.
  Time since last request: 0.000040 seconds.
  path: Assets/old/Scenes1/Світло.prefab
  artifactKey: Guid(3d39dd611f8b81a4c9cdd7a8cac6ae6d) Importer(815301076,1909f56bfc062723c751e8b465ee728b)
Start importing Assets/old/Scenes1/Світло.prefab using Guid(3d39dd611f8b81a4c9cdd7a8cac6ae6d) Importer(815301076,1909f56bfc062723c751e8b465ee728b) [PhysX] Initialized MultithreadedTaskDispatcher with 8 workers.
 -> (artifact id: '4aeb128752287789f59ce52ad230b34f') in 0.003218 seconds
Number of updated asset objects reloaded before import = 0
Number of asset objects unloaded after import = 19
========================================================================
Received Import Request.
  Time since last request: 0.000036 seconds.
  path: Assets/old/Scenes1/TOPICS TO CHOOSE FROM.prefab
  artifactKey: Guid(f514183a6ec81ca43b1b395a3bd59808) Importer(815301076,1909f56bfc062723c751e8b465ee728b)
Start importing Assets/old/Scenes1/TOPICS TO CHOOSE FROM.prefab using Guid(f514183a6ec81ca43b1b395a3bd59808) Importer(815301076,1909f56bfc062723c751e8b465ee728b) [PhysX] Initialized MultithreadedTaskDispatcher with 8 workers.
 -> (artifact id: '14421ccc2dde183bbf6a9fcdfa4276f6') in 0.037298 seconds
Number of updated asset objects reloaded before import = 0
Number of asset objects unloaded after import = 11
========================================================================
Received Import Request.
  Time since last request: 1.685535 seconds.
  path: Assets/old/Scenes1/HALLOWEEN
  artifactKey: Guid(bfd9f2464fbcf5543893b200f1f98c10) Importer(815301076,1909f56bfc062723c751e8b465ee728b)
Start importing Assets/old/Scenes1/HALLOWEEN using Guid(bfd9f2464fbcf5543893b200f1f98c10) Importer(815301076,1909f56bfc062723c751e8b465ee728b) [PhysX] Initialized MultithreadedTaskDispatcher with 8 workers.
 -> (artifact id: '578b681023ec596f3e4c7df53cc7f52b') in 0.000917 seconds
Number of updated asset objects reloaded before import = 0
Number of asset objects unloaded after import = 0
========================================================================
Received Import Request.
  Time since last request: 0.404230 seconds.
  path: Assets/old/Scenes1/MainMenu_Profiles
  artifactKey: Guid(4c2b08cac89d9084c9a96532571a450f) Importer(815301076,1909f56bfc062723c751e8b465ee728b)
Start importing Assets/old/Scenes1/MainMenu_Profiles using Guid(4c2b08cac89d9084c9a96532571a450f) Importer(815301076,1909f56bfc062723c751e8b465ee728b) [PhysX] Initialized MultithreadedTaskDispatcher with 8 workers.
 -> (artifact id: '94c846c7501feb46402237f99066d74f') in 0.000786 seconds
Number of updated asset objects reloaded before import = 0
Number of asset objects unloaded after import = 0
========================================================================
Received Import Request.
  Time since last request: 2.123038 seconds.
  path: Assets/old/Scenes1/LVL1_Profiles
  artifactKey: Guid(33aac95a6a6c99d49873be9af0570b61) Importer(815301076,1909f56bfc062723c751e8b465ee728b)
Start importing Assets/old/Scenes1/LVL1_Profiles using Guid(33aac95a6a6c99d49873be9af0570b61) Importer(815301076,1909f56bfc062723c751e8b465ee728b) [PhysX] Initialized MultithreadedTaskDispatcher with 8 workers.
 -> (artifact id: '3eb33efb10b694242e303ebf8a81067e') in 0.000771 seconds
Number of updated asset objects reloaded before import = 0
Number of asset objects unloaded after import = 0
========================================================================
Received Import Request.
  Time since last request: 2.673662 seconds.
  path: Assets/Shaders/LVL1_Profiles 1
  artifactKey: Guid(33aac95a6a6c99d49873be9af0570b61) Importer(815301076,1909f56bfc062723c751e8b465ee728b)
Start importing Assets/Shaders/LVL1_Profiles 1 using Guid(33aac95a6a6c99d49873be9af0570b61) Importer(815301076,1909f56bfc062723c751e8b465ee728b) [PhysX] Initialized MultithreadedTaskDispatcher with 8 workers.
 -> (artifact id: '5b41e197e9320221ab27c15cd214b4e0') in 0.001153 seconds
Number of updated asset objects reloaded before import = 0
Number of asset objects unloaded after import = 0
========================================================================
Received Import Request.
  Time since last request: 5.469649 seconds.
  path: Assets/old/Fronts/PressStart2P-Regular.ttf
  artifactKey: Guid(abd070976e770bd4b97292e332008294) Importer(815301076,1909f56bfc062723c751e8b465ee728b)
Start importing Assets/old/Fronts/PressStart2P-Regular.ttf using Guid(abd070976e770bd4b97292e332008294) Importer(815301076,1909f56bfc062723c751e8b465ee728b) [PhysX] Initialized MultithreadedTaskDispatcher with 8 workers.
[PhysX] Initialized MultithreadedTaskDispatcher with 8 workers.
[PhysX] Initialized MultithreadedTaskDispatcher with 8 workers.
 -> (artifact id: 'e5f491adf1c243c493dd027438017fd5') in 0.039015 seconds
Number of updated asset objects reloaded before import = 0
Number of asset objects unloaded after import = 4
========================================================================
Received Import Request.
  Time since last request: 7.512447 seconds.
  path: Assets/old/Scenes1/tank.mtl
  artifactKey: Guid(d858d9011060d734e9da0aa28a61d628) Importer(815301076,1909f56bfc062723c751e8b465ee728b)
Start importing Assets/old/Scenes1/tank.mtl using Guid(d858d9011060d734e9da0aa28a61d628) Importer(815301076,1909f56bfc062723c751e8b465ee728b) [PhysX] Initialized MultithreadedTaskDispatcher with 8 workers.
 -> (artifact id: '0337cf775b27637d365c698b6c8b70b0') in 0.002298 seconds
Number of updated asset objects reloaded before import = 0
Number of asset objects unloaded after import = 1
========================================================================
Received Import Request.
  Time since last request: 11.656930 seconds.
  path: Assets/Models/Old Models/tank 1.obj
  artifactKey: Guid(efdca13d387ba224abbdbf8071b76bbc) Importer(815301076,1909f56bfc062723c751e8b465ee728b)
Start importing Assets/Models/Old Models/tank 1.obj using Guid(efdca13d387ba224abbdbf8071b76bbc) Importer(815301076,1909f56bfc062723c751e8b465ee728b) [PhysX] Initialized MultithreadedTaskDispatcher with 8 workers.
[PhysX] Initialized MultithreadedTaskDispatcher with 8 workers.
[PhysX] Initialized MultithreadedTaskDispatcher with 8 workers.
[PhysX] Initialized MultithreadedTaskDispatcher with 8 workers.
[PhysX] Initialized MultithreadedTaskDispatcher with 8 workers.
[PhysX] Initialized MultithreadedTaskDispatcher with 8 workers.
[PhysX] Initialized MultithreadedTaskDispatcher with 8 workers.
[PhysX] Initialized MultithreadedTaskDispatcher with 8 workers.
[PhysX] Initialized MultithreadedTaskDispatcher with 8 workers.
[PhysX] Initialized MultithreadedTaskDispatcher with 8 workers.
 -> (artifact id: '28581af8e7fa3ad04ba39a48402201ab') in 0.074594 seconds
Number of updated asset objects reloaded before import = 0
Number of asset objects unloaded after import = 15
========================================================================
Received Import Request.
  Time since last request: 22.698962 seconds.
  path: Assets/Scripts
  artifactKey: Guid(37fb92c6b66d6364fa955bf78d3c7cda) Importer(815301076,1909f56bfc062723c751e8b465ee728b)
Start importing Assets/Scripts using Guid(37fb92c6b66d6364fa955bf78d3c7cda) Importer(815301076,1909f56bfc062723c751e8b465ee728b) [PhysX] Initialized MultithreadedTaskDispatcher with 8 workers.
 -> (artifact id: '27df053d45b46aeb0a6ecf58764f81ec') in 0.001538 seconds
Number of updated asset objects reloaded before import = 0
Number of asset objects unloaded after import = 0
========================================================================
Received Import Request.
  Time since last request: 9.325351 seconds.
  path: Assets/Scenes/Old Scenes/HALLOWEEN 1
  artifactKey: Guid(bfd9f2464fbcf5543893b200f1f98c10) Importer(815301076,1909f56bfc062723c751e8b465ee728b)
Start importing Assets/Scenes/Old Scenes/HALLOWEEN 1 using Guid(bfd9f2464fbcf5543893b200f1f98c10) Importer(815301076,1909f56bfc062723c751e8b465ee728b) [PhysX] Initialized MultithreadedTaskDispatcher with 8 workers.
 -> (artifact id: '467ae1cd89cd529e03b39dccf9cd666d') in 0.000561 seconds
Number of updated asset objects reloaded before import = 0
Number of asset objects unloaded after import = 0
========================================================================
Received Import Request.
  Time since last request: 7.460862 seconds.
  path: Assets/new/scripts
  artifactKey: Guid(9cdc7d6d58e19bc4c9c35784fef55e53) Importer(815301076,1909f56bfc062723c751e8b465ee728b)
Start importing Assets/new/scripts using Guid(9cdc7d6d58e19bc4c9c35784fef55e53) Importer(815301076,1909f56bfc062723c751e8b465ee728b) [PhysX] Initialized MultithreadedTaskDispatcher with 8 workers.
 -> (artifact id: '1fda7c6531e6f5b29b27e4c5dede843a') in 0.000941 seconds
Number of updated asset objects reloaded before import = 0
Number of asset objects unloaded after import = 0
========================================================================
Received Import Request.
  Time since last request: 0.054241 seconds.
  path: Assets/new/scripts/multyashnyiy-zvuk-najatiya-na-knopku-30362 (mp3cut.net).mp3
  artifactKey: Guid(9ab7567dfcb62d242a77aa37722aa9fb) Importer(815301076,1909f56bfc062723c751e8b465ee728b)
Start importing Assets/new/scripts/multyashnyiy-zvuk-najatiya-na-knopku-30362 (mp3cut.net).mp3 using Guid(9ab7567dfcb62d242a77aa37722aa9fb) Importer(815301076,1909f56bfc062723c751e8b465ee728b) [PhysX] Initialized MultithreadedTaskDispatcher with 8 workers.
[PhysX] Initialized MultithreadedTaskDispatcher with 8 workers.
 -> (artifact id: '6a790288a4dd5afa89900719d0230283') in 0.026938 seconds
Number of updated asset objects reloaded before import = 0
Number of asset objects unloaded after import = 2
========================================================================
Received Import Request.
  Time since last request: 11.734001 seconds.
  path: Assets/new/scripts/MenuController1.cs
  artifactKey: Guid(2199b5ae2c0f90f46bfbf4a1e379116e) Importer(815301076,1909f56bfc062723c751e8b465ee728b)
Start importing Assets/new/scripts/MenuController1.cs using Guid(2199b5ae2c0f90f46bfbf4a1e379116e) Importer(815301076,1909f56bfc062723c751e8b465ee728b) [PhysX] Initialized MultithreadedTaskDispatcher with 8 workers.
 -> (artifact id: '2bb1732a7558cf65314481518f989519') in 0.000757 seconds
Number of updated asset objects reloaded before import = 0
Number of asset objects unloaded after import = 0
========================================================================
Received Import Request.
  Time since last request: 16.788397 seconds.
  path: Assets/Scripts/New Scripts.cs
  artifactKey: Guid(ef7c5c71ef50bdc46b30a20f3f8c27ef) Importer(815301076,1909f56bfc062723c751e8b465ee728b)
Start importing Assets/Scripts/New Scripts.cs using Guid(ef7c5c71ef50bdc46b30a20f3f8c27ef) Importer(815301076,1909f56bfc062723c751e8b465ee728b) [PhysX] Initialized MultithreadedTaskDispatcher with 8 workers.
 -> (artifact id: '9a3ebcae85a3f5af3277db256af58a91') in 0.000935 seconds
Number of updated asset objects reloaded before import = 0
Number of asset objects unloaded after import = 0
========================================================================
Received Prepare
Caller must complete domain reload
Begin MonoManager ReloadAssembly
- Loaded All Assemblies, in  8.085 seconds
Native extension for WindowsStandalone target not found
Mono: successfully reloaded assembly
- Finished resetting the current domain, in  1.265 seconds
Domain Reload Profiling: 9351ms
	BeginReloadAssembly (7459ms)
		ExecutionOrderSort (0ms)
		DisableScriptedObjects (7204ms)
		BackupInstance (0ms)
		ReleaseScriptingObjects (0ms)
		CreateAndSetChildDomain (81ms)
	RebuildCommonClasses (51ms)
	RebuildNativeTypeToScriptingClass (15ms)
	initialDomainReloadingComplete (47ms)
	LoadAllAssembliesAndSetupDomain (514ms)
		LoadAssemblies (592ms)
		RebuildTransferFunctionScriptingTraits (0ms)
		AnalyzeDomain (37ms)
			TypeCache.Refresh (17ms)
				TypeCache.ScanAssembly (0ms)
			ScanForSourceGeneratedMonoScriptInfo (1ms)
			ResolveRequiredComponents (17ms)
	FinalizeReload (1266ms)
		ReleaseScriptCaches (0ms)
		RebuildScriptCaches (0ms)
		SetupLoadedEditorAssemblies (944ms)
			LogAssemblyErrors (0ms)
			InitializePlatformSupportModulesInManaged (10ms)
			SetLoadedEditorAssemblies (5ms)
			RefreshPlugins (0ms)
			BeforeProcessingInitializeOnLoad (133ms)
			ProcessInitializeOnLoadAttributes (697ms)
			ProcessInitializeOnLoadMethodAttributes (90ms)
			AfterProcessingInitializeOnLoad (8ms)
			EditorAssembliesLoaded (0ms)
		ExecutionOrderSort2 (0ms)
		AwakeInstancesAfterBackupRestoration (16ms)
Refreshing native plugins compatible for Editor in 7.36 ms, found 5 plugins.
Preloading 0 native plugins for Editor in 0.00 ms.
Unloading 6192 Unused Serialized files (Serialized files now loaded: 0)
Unloading 51 unused Assets / (3.4 MB). Loaded Objects now: 6853.
Memory consumption went from 206.8 MB to 203.4 MB.
Total: 6.091200 ms (FindLiveObjects: 0.734600 ms CreateObjectMapping: 0.611400 ms MarkObjects: 3.826500 ms  DeleteObjects: 0.916500 ms)

Prepare: number of updated asset objects reloaded= 0
AssetImportParameters requested are different than current active one (requested -> active):
  custom:container-demuxer-ogg: 62fdf1f143b41e24485cea50d1cbac27 -> 
  custom:video-decoder-ogg-theora: a1e56fd34408186e4bbccfd4996cb3dc -> 
  custom:framework-win-MediaFoundation: 216162199b28c13a410421893ffa2e32 -> 
  custom:CustomObjectIndexerAttribute: 9a22284fe3817be447336de3de66b15e -> 
  custom:container-demuxer-webm: 4f35f7cbe854078d1ac9338744f61a02 -> 
  custom:container-muxer-webm: aa71ff27fc2769a1b78a27578f13a17b -> 
  custom:video-decoder-webm-vp8: 9c59270c3fd7afecdb556c50c9e8de78 -> 
  custom:SearchIndexIgnoredProperties: e643bd26f0fe6173181afceb89e7c659 -> 
  custom:AudioImporter_EditorPlatform: d09bf68614088b80899f8185d706f6e7 -> 
  custom:video-encoder-webm-vp8: eb34c28f22e8b96e1ab97ce403110664 -> 
  custom:audio-decoder-ogg-vorbis: bf7c407c2cedff20999df2af8eb42d56 -> 
  custom:audio-encoder-webm-vorbis: bf7c407c2cedff20999df2af8eb42d56 -> 
========================================================================
Received Prepare
Caller must complete domain reload
Begin MonoManager ReloadAssembly
- Loaded All Assemblies, in  0.777 seconds
Native extension for WindowsStandalone target not found
Mono: successfully reloaded assembly
- Finished resetting the current domain, in  1.756 seconds
Domain Reload Profiling: 2529ms
	BeginReloadAssembly (228ms)
		ExecutionOrderSort (0ms)
		DisableScriptedObjects (13ms)
		BackupInstance (0ms)
		ReleaseScriptingObjects (0ms)
		CreateAndSetChildDomain (53ms)
	RebuildCommonClasses (39ms)
	RebuildNativeTypeToScriptingClass (13ms)
	initialDomainReloadingComplete (38ms)
	LoadAllAssembliesAndSetupDomain (455ms)
		LoadAssemblies (494ms)
		RebuildTransferFunctionScriptingTraits (0ms)
		AnalyzeDomain (68ms)
			TypeCache.Refresh (20ms)
				TypeCache.ScanAssembly (0ms)
			ScanForSourceGeneratedMonoScriptInfo (33ms)
			ResolveRequiredComponents (13ms)
	FinalizeReload (1757ms)
		ReleaseScriptCaches (0ms)
		RebuildScriptCaches (0ms)
		SetupLoadedEditorAssemblies (731ms)
			LogAssemblyErrors (0ms)
			InitializePlatformSupportModulesInManaged (7ms)
			SetLoadedEditorAssemblies (4ms)
			RefreshPlugins (0ms)
			BeforeProcessingInitializeOnLoad (107ms)
			ProcessInitializeOnLoadAttributes (526ms)
			ProcessInitializeOnLoadMethodAttributes (78ms)
			AfterProcessingInitializeOnLoad (8ms)
			EditorAssembliesLoaded (1ms)
		ExecutionOrderSort2 (0ms)
		AwakeInstancesAfterBackupRestoration (14ms)
Refreshing native plugins compatible for Editor in 5.93 ms, found 5 plugins.
Preloading 0 native plugins for Editor in 0.00 ms.
Unloading 6192 Unused Serialized files (Serialized files now loaded: 0)
Unloading 49 unused Assets / (3.4 MB). Loaded Objects now: 6869.
Memory consumption went from 206.8 MB to 203.4 MB.
Total: 5.649400 ms (FindLiveObjects: 0.584500 ms CreateObjectMapping: 0.237000 ms MarkObjects: 3.675000 ms  DeleteObjects: 1.151500 ms)

Prepare: number of updated asset objects reloaded= 0
AssetImportParameters requested are different than current active one (requested -> active):
  custom:scripting/monoscript/fileName/MenuController1.cs: 91caabc1cb1f2ffd0d90cab3b031aab2 -> f98156acb6c9b62b4aff1540a104a198
  custom:container-demuxer-ogg: 62fdf1f143b41e24485cea50d1cbac27 -> 
  custom:scripting/monoscript/fileName/GameManager.cs: f6182d712e34e20e3202214886862cdb -> 9933fbcc6190e2a9171c2ec8808a053e
  custom:video-decoder-ogg-theora: a1e56fd34408186e4bbccfd4996cb3dc -> 
  custom:framework-win-MediaFoundation: 216162199b28c13a410421893ffa2e32 -> 
  custom:CustomObjectIndexerAttribute: 9a22284fe3817be447336de3de66b15e -> 
  custom:container-demuxer-webm: 4f35f7cbe854078d1ac9338744f61a02 -> 
  custom:scripting/monoscript/fileName/TankController.cs: 678e615eee703b30897a6f24cf05dabd -> 7ea067224430afc41f2464c387741868
  custom:scripting/monoscript/fileName/MainMenuController.cs: 91bc99d7dcbd4b474dbfee7b1455b7ce -> dc27e55ad6a0f2eb5a5212e8108cae21
  custom:container-muxer-webm: aa71ff27fc2769a1b78a27578f13a17b -> 
  custom:video-decoder-webm-vp8: 9c59270c3fd7afecdb556c50c9e8de78 -> 
  custom:SearchIndexIgnoredProperties: e643bd26f0fe6173181afceb89e7c659 -> 
  custom:AudioImporter_EditorPlatform: d09bf68614088b80899f8185d706f6e7 -> 
  custom:scripting/monoscript/fileName/TankRotation.cs: 050f955a744fb7309431922ba4fc7889 -> 7e831cd3de400183a04c85d1d6e3bed4
  custom:video-encoder-webm-vp8: eb34c28f22e8b96e1ab97ce403110664 -> 
  custom:scripting/monoscript/fileName/ButtonSound.cs: 942698d3fe8d4ed02fd790819d4d63da -> d73cf73b297d33e10c74b31e39dd7781
  custom:audio-decoder-ogg-vorbis: bf7c407c2cedff20999df2af8eb42d56 -> 
  custom:scripting/monoscript/fileName/Bullet.cs: 48ff13ede6c310cc0acf4a30e818a1de -> a4f5918e799041ba1f6608f13912eb8b
  custom:audio-encoder-webm-vorbis: bf7c407c2cedff20999df2af8eb42d56 -> 
  custom:scripting/precompiled-assembly-types:Assembly-CSharp: a2072754534af8651dfb8aad1fd8e9b1 -> 306c2f135be0cc799805a6167caa4d49
========================================================================
Received Import Request.
  Time since last request: 44.448926 seconds.
  path: Assets/Scripts/Old Scripts
  artifactKey: Guid(e940322bbef64914db4879b6868919f2) Importer(815301076,1909f56bfc062723c751e8b465ee728b)
Start importing Assets/Scripts/Old Scripts using Guid(e940322bbef64914db4879b6868919f2) Importer(815301076,1909f56bfc062723c751e8b465ee728b) [PhysX] Initialized MultithreadedTaskDispatcher with 8 workers.
 -> (artifact id: 'd77e5c86ecf301df6c28f46feb135d0a') in 0.002053 seconds
Number of updated asset objects reloaded before import = 0
Number of asset objects unloaded after import = 0
========================================================================
Received Import Request.
  Time since last request: 18.581061 seconds.
  path: Assets/Scripts/New Scripts/Bullet.cs
  artifactKey: Guid(856fcf8a0330b5844b7eb9f54daed270) Importer(815301076,1909f56bfc062723c751e8b465ee728b)
Start importing Assets/Scripts/New Scripts/Bullet.cs using Guid(856fcf8a0330b5844b7eb9f54daed270) Importer(815301076,1909f56bfc062723c751e8b465ee728b) [PhysX] Initialized MultithreadedTaskDispatcher with 8 workers.
 -> (artifact id: 'ec9797d49bed2e91d55cad6550bb552b') in 0.000622 seconds
Number of updated asset objects reloaded before import = 0
Number of asset objects unloaded after import = 0
========================================================================
Received Import Request.
  Time since last request: 0.517205 seconds.
  path: Assets/Scripts/New Scripts/MenuController1.cs
  artifactKey: Guid(2199b5ae2c0f90f46bfbf4a1e379116e) Importer(815301076,1909f56bfc062723c751e8b465ee728b)
Start importing Assets/Scripts/New Scripts/MenuController1.cs using Guid(2199b5ae2c0f90f46bfbf4a1e379116e) Importer(815301076,1909f56bfc062723c751e8b465ee728b) [PhysX] Initialized MultithreadedTaskDispatcher with 8 workers.
 -> (artifact id: '5297e259fee020eab03dab4c831ba85c') in 0.000946 seconds
Number of updated asset objects reloaded before import = 0
Number of asset objects unloaded after import = 0
========================================================================
Received Prepare
Caller must complete domain reload
Begin MonoManager ReloadAssembly
- Loaded All Assemblies, in  0.777 seconds
Native extension for WindowsStandalone target not found
Mono: successfully reloaded assembly
- Finished resetting the current domain, in  1.968 seconds
Domain Reload Profiling: 2739ms
	BeginReloadAssembly (214ms)
		ExecutionOrderSort (0ms)
		DisableScriptedObjects (14ms)
		BackupInstance (0ms)
		ReleaseScriptingObjects (0ms)
		CreateAndSetChildDomain (49ms)
	RebuildCommonClasses (43ms)
	RebuildNativeTypeToScriptingClass (14ms)
	initialDomainReloadingComplete (44ms)
	LoadAllAssembliesAndSetupDomain (455ms)
		LoadAssemblies (514ms)
		RebuildTransferFunctionScriptingTraits (0ms)
		AnalyzeDomain (45ms)
			TypeCache.Refresh (11ms)
				TypeCache.ScanAssembly (0ms)
			ScanForSourceGeneratedMonoScriptInfo (24ms)
			ResolveRequiredComponents (9ms)
	FinalizeReload (1969ms)
		ReleaseScriptCaches (0ms)
		RebuildScriptCaches (0ms)
		SetupLoadedEditorAssemblies (763ms)
			LogAssemblyErrors (0ms)
			InitializePlatformSupportModulesInManaged (7ms)
			SetLoadedEditorAssemblies (4ms)
			RefreshPlugins (0ms)
			BeforeProcessingInitializeOnLoad (110ms)
			ProcessInitializeOnLoadAttributes (548ms)
			ProcessInitializeOnLoadMethodAttributes (84ms)
			AfterProcessingInitializeOnLoad (8ms)
			EditorAssembliesLoaded (0ms)
		ExecutionOrderSort2 (0ms)
		AwakeInstancesAfterBackupRestoration (13ms)
Refreshing native plugins compatible for Editor in 7.40 ms, found 5 plugins.
Preloading 0 native plugins for Editor in 0.00 ms.
Unloading 6192 Unused Serialized files (Serialized files now loaded: 0)
Unloading 49 unused Assets / (3.4 MB). Loaded Objects now: 6885.
Memory consumption went from 206.8 MB to 203.4 MB.
Total: 5.873000 ms (FindLiveObjects: 0.603100 ms CreateObjectMapping: 0.326800 ms MarkObjects: 3.772000 ms  DeleteObjects: 1.169600 ms)

Prepare: number of updated asset objects reloaded= 0
AssetImportParameters requested are different than current active one (requested -> active):
  custom:scripting/monoscript/fileName/MenuController1.cs: 74708584f0cd1c350bbe5f4640cf905a -> f98156acb6c9b62b4aff1540a104a198
  custom:container-demuxer-ogg: 62fdf1f143b41e24485cea50d1cbac27 -> 
  custom:scripting/monoscript/fileName/GameManager.cs: 7330a4a90ab8c216a80d8a157c1bb74e -> 9933fbcc6190e2a9171c2ec8808a053e
  custom:video-decoder-ogg-theora: a1e56fd34408186e4bbccfd4996cb3dc -> 
  custom:framework-win-MediaFoundation: 216162199b28c13a410421893ffa2e32 -> 
  custom:CustomObjectIndexerAttribute: 9a22284fe3817be447336de3de66b15e -> 
  custom:container-demuxer-webm: 4f35f7cbe854078d1ac9338744f61a02 -> 
  custom:scripting/monoscript/fileName/TankController.cs: 841f32a3f68bcffad3d229c3d25488a0 -> 7ea067224430afc41f2464c387741868
  custom:scripting/monoscript/fileName/MainMenuController.cs: 92edc92119dbfc5495eed60d7e70c52e -> dc27e55ad6a0f2eb5a5212e8108cae21
  custom:container-muxer-webm: aa71ff27fc2769a1b78a27578f13a17b -> 
  custom:video-decoder-webm-vp8: 9c59270c3fd7afecdb556c50c9e8de78 -> 
  custom:SearchIndexIgnoredProperties: e643bd26f0fe6173181afceb89e7c659 -> 
  custom:AudioImporter_EditorPlatform: d09bf68614088b80899f8185d706f6e7 -> 
  custom:scripting/monoscript/fileName/TankRotation.cs: e3b16acb69a8449a3157760b283dbfde -> 7e831cd3de400183a04c85d1d6e3bed4
  custom:video-encoder-webm-vp8: eb34c28f22e8b96e1ab97ce403110664 -> 
  custom:scripting/monoscript/fileName/ButtonSound.cs: 1be63b648147fad5ebd57f3efdb64abe -> d73cf73b297d33e10c74b31e39dd7781
  custom:audio-decoder-ogg-vorbis: bf7c407c2cedff20999df2af8eb42d56 -> 
  custom:scripting/monoscript/fileName/Bullet.cs: 8a4c6cde67dc77cce90b30d03ab59176 -> a4f5918e799041ba1f6608f13912eb8b
  custom:audio-encoder-webm-vorbis: bf7c407c2cedff20999df2af8eb42d56 -> 
  custom:scripting/precompiled-assembly-types:Assembly-CSharp: aa00835cbd252f4488abbe8e3b976f66 -> 306c2f135be0cc799805a6167caa4d49
========================================================================
Received Import Request.
  Time since last request: 13.842784 seconds.
  path: Assets/new/sprite
  artifactKey: Guid(26473a504ebd6f14c8bf42216973c541) Importer(815301076,1909f56bfc062723c751e8b465ee728b)
Start importing Assets/new/sprite using Guid(26473a504ebd6f14c8bf42216973c541) Importer(815301076,1909f56bfc062723c751e8b465ee728b) [PhysX] Initialized MultithreadedTaskDispatcher with 8 workers.
 -> (artifact id: '06af4ea9f26ec13a72d7909009503c8a') in 0.003066 seconds
Number of updated asset objects reloaded before import = 0
Number of asset objects unloaded after import = 0
========================================================================
Received Import Request.
  Time since last request: 0.065711 seconds.
  path: Assets/new/sprite/image_2025-02-06_00-41-18.png
  artifactKey: Guid(882b677fa9e979744b759554c6014fb6) Importer(815301076,1909f56bfc062723c751e8b465ee728b)
Start importing Assets/new/sprite/image_2025-02-06_00-41-18.png using Guid(882b677fa9e979744b759554c6014fb6) Importer(815301076,1909f56bfc062723c751e8b465ee728b) [PhysX] Initialized MultithreadedTaskDispatcher with 8 workers.
[PhysX] Initialized MultithreadedTaskDispatcher with 8 workers.
 -> (artifact id: 'a6603d20ae52a6a19713146e0041b145') in 0.117892 seconds
Number of updated asset objects reloaded before import = 0
Number of asset objects unloaded after import = 3
========================================================================
Received Import Request.
  Time since last request: 0.000054 seconds.
  path: Assets/new/sprite/PLAY (25).png
  artifactKey: Guid(dcc20468dacc85c48b413aecab33177b) Importer(815301076,1909f56bfc062723c751e8b465ee728b)
Start importing Assets/new/sprite/PLAY (25).png using Guid(dcc20468dacc85c48b413aecab33177b) Importer(815301076,1909f56bfc062723c751e8b465ee728b) [PhysX] Initialized MultithreadedTaskDispatcher with 8 workers.
[PhysX] Initialized MultithreadedTaskDispatcher with 8 workers.
 -> (artifact id: '03aa80cdb3e86b8687f412bd3fe7ec89') in 0.058701 seconds
Number of updated asset objects reloaded before import = 0
Number of asset objects unloaded after import = 3
========================================================================
Received Import Request.
  Time since last request: 0.000087 seconds.
  path: Assets/new/sprite/PLAY (18).png
  artifactKey: Guid(7785a98f22e74c64fac90c7f6da316fb) Importer(815301076,1909f56bfc062723c751e8b465ee728b)
Start importing Assets/new/sprite/PLAY (18).png using Guid(7785a98f22e74c64fac90c7f6da316fb) Importer(815301076,1909f56bfc062723c751e8b465ee728b) [PhysX] Initialized MultithreadedTaskDispatcher with 8 workers.
[PhysX] Initialized MultithreadedTaskDispatcher with 8 workers.
 -> (artifact id: '22002f0fae58f707d27b92d14a64ea70') in 0.100825 seconds
Number of updated asset objects reloaded before import = 0
Number of asset objects unloaded after import = 3
========================================================================
Received Import Request.
  Time since last request: 0.000048 seconds.
  path: Assets/new/sprite/PLAY (27).png
  artifactKey: Guid(f8f4d2c5bc9285a499844bbef8579547) Importer(815301076,1909f56bfc062723c751e8b465ee728b)
Start importing Assets/new/sprite/PLAY (27).png using Guid(f8f4d2c5bc9285a499844bbef8579547) Importer(815301076,1909f56bfc062723c751e8b465ee728b) [PhysX] Initialized MultithreadedTaskDispatcher with 8 workers.
[PhysX] Initialized MultithreadedTaskDispatcher with 8 workers.
 -> (artifact id: 'd7f71dfde3e240d15113e8a28a5997bd') in 0.041624 seconds
Number of updated asset objects reloaded before import = 0
Number of asset objects unloaded after import = 3
========================================================================
Received Import Request.
  Time since last request: 0.000045 seconds.
  path: Assets/new/sprite/PLAY (23).png
  artifactKey: Guid(e911dfa45e5ba72499c32e42148d14af) Importer(815301076,1909f56bfc062723c751e8b465ee728b)
Start importing Assets/new/sprite/PLAY (23).png using Guid(e911dfa45e5ba72499c32e42148d14af) Importer(815301076,1909f56bfc062723c751e8b465ee728b) [PhysX] Initialized MultithreadedTaskDispatcher with 8 workers.
[PhysX] Initialized MultithreadedTaskDispatcher with 8 workers.
 -> (artifact id: '0f8afcff7580903f11449df1c9614083') in 0.053049 seconds
Number of updated asset objects reloaded before import = 0
Number of asset objects unloaded after import = 3
========================================================================
Received Import Request.
  Time since last request: 0.000048 seconds.
  path: Assets/new/sprite/PLAY (19).png
  artifactKey: Guid(d0fbfee883ca67f4fa08ffc4c843d937) Importer(815301076,1909f56bfc062723c751e8b465ee728b)
Start importing Assets/new/sprite/PLAY (19).png using Guid(d0fbfee883ca67f4fa08ffc4c843d937) Importer(815301076,1909f56bfc062723c751e8b465ee728b) [PhysX] Initialized MultithreadedTaskDispatcher with 8 workers.
[PhysX] Initialized MultithreadedTaskDispatcher with 8 workers.
 -> (artifact id: '3fbc15caf1b77478607d7bb8ff7b1f4d') in 0.085751 seconds
Number of updated asset objects reloaded before import = 0
Number of asset objects unloaded after import = 3
========================================================================
Received Import Request.
  Time since last request: 10.386189 seconds.
  path: Assets/Sprites/New Sprites
  artifactKey: Guid(a5449d0def910e041b5d7a93bef9becd) Importer(815301076,1909f56bfc062723c751e8b465ee728b)
Start importing Assets/Sprites/New Sprites using Guid(a5449d0def910e041b5d7a93bef9becd) Importer(815301076,1909f56bfc062723c751e8b465ee728b) [PhysX] Initialized MultithreadedTaskDispatcher with 8 workers.
 -> (artifact id: '11138ad6f07d7e9dda54386d304a5d1a') in 0.001260 seconds
Number of updated asset objects reloaded before import = 0
Number of asset objects unloaded after import = 0
========================================================================
Received Import Request.
  Time since last request: 11.476763 seconds.
  path: Assets/new/text
  artifactKey: Guid(550437c8725f97e40baf99474f12924b) Importer(815301076,1909f56bfc062723c751e8b465ee728b)
Start importing Assets/new/text using Guid(550437c8725f97e40baf99474f12924b) Importer(815301076,1909f56bfc062723c751e8b465ee728b) [PhysX] Initialized MultithreadedTaskDispatcher with 8 workers.
 -> (artifact id: '43b2d17c1cf23b90890d31d8c05cc6cc') in 0.000902 seconds
Number of updated asset objects reloaded before import = 0
Number of asset objects unloaded after import = 0
========================================================================
Received Import Request.
  Time since last request: 0.050665 seconds.
  path: Assets/new/text/PressStart2P-Regular.ttf
  artifactKey: Guid(d0a7b49b9a711cf468e445e554775b37) Importer(815301076,1909f56bfc062723c751e8b465ee728b)
Start importing Assets/new/text/PressStart2P-Regular.ttf using Guid(d0a7b49b9a711cf468e445e554775b37) Importer(815301076,1909f56bfc062723c751e8b465ee728b) [PhysX] Initialized MultithreadedTaskDispatcher with 8 workers.
[PhysX] Initialized MultithreadedTaskDispatcher with 8 workers.
[PhysX] Initialized MultithreadedTaskDispatcher with 8 workers.
 -> (artifact id: 'fe0cef747f5582c1d8f2cd4672648ca1') in 0.065291 seconds
Number of updated asset objects reloaded before import = 0
Number of asset objects unloaded after import = 4
========================================================================
Received Import Request.
  Time since last request: 23.115706 seconds.
  path: Assets/UI/New Text
  artifactKey: Guid(f04a30e601d687e4b9855e252c6be444) Importer(815301076,1909f56bfc062723c751e8b465ee728b)
Start importing Assets/UI/New Text using Guid(f04a30e601d687e4b9855e252c6be444) Importer(815301076,1909f56bfc062723c751e8b465ee728b) [PhysX] Initialized MultithreadedTaskDispatcher with 8 workers.
 -> (artifact id: 'd21ef05b1007e4c206b222d715ef06ef') in 0.000754 seconds
Number of updated asset objects reloaded before import = 0
Number of asset objects unloaded after import = 0
========================================================================
Received Import Request.
  Time since last request: 17.041655 seconds.
  path: Assets/UI/Old Fonts
  artifactKey: Guid(3e6fdbd895e1b1f4e884a764d65e8dcf) Importer(815301076,1909f56bfc062723c751e8b465ee728b)
Start importing Assets/UI/Old Fonts using Guid(3e6fdbd895e1b1f4e884a764d65e8dcf) Importer(815301076,1909f56bfc062723c751e8b465ee728b) [PhysX] Initialized MultithreadedTaskDispatcher with 8 workers.
 -> (artifact id: 'd9a8d2680e324fbc6d3f13d737e162bf') in 0.001665 seconds
Number of updated asset objects reloaded before import = 9
Number of asset objects unloaded after import = 0
========================================================================
Received Import Request.
  Time since last request: 10.719866 seconds.
  path: Assets/UI/New Fonts
  artifactKey: Guid(f04a30e601d687e4b9855e252c6be444) Importer(815301076,1909f56bfc062723c751e8b465ee728b)
Start importing Assets/UI/New Fonts using Guid(f04a30e601d687e4b9855e252c6be444) Importer(815301076,1909f56bfc062723c751e8b465ee728b) [PhysX] Initialized MultithreadedTaskDispatcher with 8 workers.
 -> (artifact id: '8960884f89cc65ef19ff60b86e216df0') in 0.001230 seconds
Number of updated asset objects reloaded before import = 9
Number of asset objects unloaded after import = 0
========================================================================
Received Import Request.
  Time since last request: 23.770858 seconds.
  path: Assets/old/TextMesh Pro
  artifactKey: Guid(f54d1bd14bd3ca042bd867b519fee8cc) Importer(815301076,1909f56bfc062723c751e8b465ee728b)
Start importing Assets/old/TextMesh Pro using Guid(f54d1bd14bd3ca042bd867b519fee8cc) Importer(815301076,1909f56bfc062723c751e8b465ee728b) [PhysX] Initialized MultithreadedTaskDispatcher with 8 workers.
 -> (artifact id: '40a4b48c99806b00111ac0f8214f8e68') in 0.000757 seconds
Number of updated asset objects reloaded before import = 0
Number of asset objects unloaded after import = 0
========================================================================
Received Import Request.
  Time since last request: 0.049124 seconds.
  path: Assets/old/TextMesh Pro/PressStart2P-Regular SDF.asset
  artifactKey: Guid(4401c12e9bd622f4496ef3d9dcc96e1e) Importer(815301076,1909f56bfc062723c751e8b465ee728b)
Start importing Assets/old/TextMesh Pro/PressStart2P-Regular SDF.asset using Guid(4401c12e9bd622f4496ef3d9dcc96e1e) Importer(815301076,1909f56bfc062723c751e8b465ee728b) [PhysX] Initialized MultithreadedTaskDispatcher with 8 workers.
[PhysX] Initialized MultithreadedTaskDispatcher with 8 workers.
[PhysX] Initialized MultithreadedTaskDispatcher with 8 workers.
 -> (artifact id: '0bfd1cbef2fc04b8c5cd25292772d25f') in 0.128742 seconds
Number of updated asset objects reloaded before import = 0
Number of asset objects unloaded after import = 6
========================================================================
Received Import Request.
  Time since last request: 20.729173 seconds.
  path: Assets/Prefabs/Old Prefabs/pulya 1 Variant.prefab
  artifactKey: Guid(12fd9a156ab7d99459e00004ae05d4c1) Importer(815301076,1909f56bfc062723c751e8b465ee728b)
Start importing Assets/Prefabs/Old Prefabs/pulya 1 Variant.prefab using Guid(12fd9a156ab7d99459e00004ae05d4c1) Importer(815301076,1909f56bfc062723c751e8b465ee728b) [PhysX] Initialized MultithreadedTaskDispatcher with 8 workers.
[PhysX] Initialized MultithreadedTaskDispatcher with 8 workers.
Refreshing native plugins compatible for Editor in 20.46 ms, found 5 plugins.
Preloading 0 native plugins for Editor in 0.00 ms.
 -> (artifact id: 'cda63959619304b58a9e5415bcba351e') in 0.066402 seconds
Number of updated asset objects reloaded before import = 9
Number of asset objects unloaded after import = 30
========================================================================
Received Import Request.
  Time since last request: 0.000040 seconds.
  path: Assets/Prefabs/Old Prefabs/Tank2.prefab
  artifactKey: Guid(dce3559679bd89f41b407f2cc4444210) Importer(815301076,1909f56bfc062723c751e8b465ee728b)
Start importing Assets/Prefabs/Old Prefabs/Tank2.prefab using Guid(dce3559679bd89f41b407f2cc4444210) Importer(815301076,1909f56bfc062723c751e8b465ee728b) [PhysX] Initialized MultithreadedTaskDispatcher with 8 workers.
[PhysX] Initialized MultithreadedTaskDispatcher with 8 workers.
Refreshing native plugins compatible for Editor in 11.40 ms, found 5 plugins.
Preloading 0 native plugins for Editor in 0.00 ms.
 -> (artifact id: 'd5768f9e5f3e45de801b7f10fc9a7667') in 0.064296 seconds
Number of updated asset objects reloaded before import = 0
Number of asset objects unloaded after import = 65
========================================================================
Received Import Request.
  Time since last request: 0.000043 seconds.
  path: Assets/Prefabs/Old Prefabs/Tank2 Variant.prefab
  artifactKey: Guid(694581a9a4684194d831ce8fe3e3f482) Importer(815301076,1909f56bfc062723c751e8b465ee728b)
Start importing Assets/Prefabs/Old Prefabs/Tank2 Variant.prefab using Guid(694581a9a4684194d831ce8fe3e3f482) Importer(815301076,1909f56bfc062723c751e8b465ee728b) [PhysX] Initialized MultithreadedTaskDispatcher with 8 workers.
[PhysX] Initialized MultithreadedTaskDispatcher with 8 workers.
Refreshing native plugins compatible for Editor in 11.21 ms, found 5 plugins.
Preloading 0 native plugins for Editor in 0.00 ms.
 -> (artifact id: 'c8f0120e5a737189ddbe39208c5b83bf') in 0.044738 seconds
Number of updated asset objects reloaded before import = 0
Number of asset objects unloaded after import = 81
========================================================================
Received Import Request.
  Time since last request: 0.000183 seconds.
  path: Assets/Prefabs/Old Prefabs/REDTANK.prefab
  artifactKey: Guid(d1a5958b07b6b3d408911f41701fd903) Importer(815301076,1909f56bfc062723c751e8b465ee728b)
Start importing Assets/Prefabs/Old Prefabs/REDTANK.prefab using Guid(d1a5958b07b6b3d408911f41701fd903) Importer(815301076,1909f56bfc062723c751e8b465ee728b) [PhysX] Initialized MultithreadedTaskDispatcher with 8 workers.
Refreshing native plugins compatible for Editor in 9.18 ms, found 5 plugins.
Preloading 0 native plugins for Editor in 0.00 ms.
[PhysX] Initialized MultithreadedTaskDispatcher with 8 workers.
 -> (artifact id: '69e0c845a4a957861f5e26c23a546843') in 0.034311 seconds
Number of updated asset objects reloaded before import = 0
Number of asset objects unloaded after import = 48
========================================================================
Received Import Request.
  Time since last request: 7.409490 seconds.
  path: Assets/old/tank.mtl
  artifactKey: Guid(826bcfbc04223304aae40fbd39a9cdf0) Importer(815301076,1909f56bfc062723c751e8b465ee728b)
Start importing Assets/old/tank.mtl using Guid(826bcfbc04223304aae40fbd39a9cdf0) Importer(815301076,1909f56bfc062723c751e8b465ee728b) [PhysX] Initialized MultithreadedTaskDispatcher with 8 workers.
 -> (artifact id: '3cfd3a526d0c4eae3d5676afabcfeaad') in 0.001723 seconds
Number of updated asset objects reloaded before import = 0
Number of asset objects unloaded after import = 1
========================================================================
Received Import Request.
  Time since last request: 4.478396 seconds.
  path: Assets/Models/Old Models/Tank1.prefab
  artifactKey: Guid(570e45b006551744e8d35ac0345fd087) Importer(815301076,1909f56bfc062723c751e8b465ee728b)
Start importing Assets/Models/Old Models/Tank1.prefab using Guid(570e45b006551744e8d35ac0345fd087) Importer(815301076,1909f56bfc062723c751e8b465ee728b) [PhysX] Initialized MultithreadedTaskDispatcher with 8 workers.
[PhysX] Initialized MultithreadedTaskDispatcher with 8 workers.
 -> (artifact id: 'afd1bdf091361aa8a4fe58fb2336aa11') in 0.052134 seconds
Number of updated asset objects reloaded before import = 0
Number of asset objects unloaded after import = 18
========================================================================
Received Import Request.
  Time since last request: 0.924028 seconds.
  path: Assets/Models/Old Models/tank 2.obj
  artifactKey: Guid(0adf00770ff7abb4f889dd4a14e02a70) Importer(815301076,1909f56bfc062723c751e8b465ee728b)
Start importing Assets/Models/Old Models/tank 2.obj using Guid(0adf00770ff7abb4f889dd4a14e02a70) Importer(815301076,1909f56bfc062723c751e8b465ee728b) [PhysX] Initialized MultithreadedTaskDispatcher with 8 workers.
[PhysX] Initialized MultithreadedTaskDispatcher with 8 workers.
[PhysX] Initialized MultithreadedTaskDispatcher with 8 workers.
[PhysX] Initialized MultithreadedTaskDispatcher with 8 workers.
[PhysX] Initialized MultithreadedTaskDispatcher with 8 workers.
 -> (artifact id: '2aa2df8761523fbcac04cadc9f6ccf9e') in 0.075640 seconds
Number of updated asset objects reloaded before import = 0
Number of asset objects unloaded after import = 10
========================================================================
Received Import Request.
  Time since last request: 73.727708 seconds.
  path: Assets/Prefabs/New Prefabs/Tank1.prefab
  artifactKey: Guid(47f4f07135ff3364b93321f60529d693) Importer(815301076,1909f56bfc062723c751e8b465ee728b)
Start importing Assets/Prefabs/New Prefabs/Tank1.prefab using Guid(47f4f07135ff3364b93321f60529d693) Importer(815301076,1909f56bfc062723c751e8b465ee728b) [PhysX] Initialized MultithreadedTaskDispatcher with 8 workers.
[PhysX] Initialized MultithreadedTaskDispatcher with 8 workers.
Refreshing native plugins compatible for Editor in 240.49 ms, found 5 plugins.
Preloading 0 native plugins for Editor in 0.00 ms.
 -> (artifact id: '11ef6234dd368342905127407462b908') in 0.370158 seconds
Number of updated asset objects reloaded before import = 0
Number of asset objects unloaded after import = 49
========================================================================
Received Import Request.
  Time since last request: 0.000052 seconds.
  path: Assets/Prefabs/New Prefabs/Tank2 Variant.prefab
  artifactKey: Guid(a102b387dd718dc4389ac76831d0f262) Importer(815301076,1909f56bfc062723c751e8b465ee728b)
Start importing Assets/Prefabs/New Prefabs/Tank2 Variant.prefab using Guid(a102b387dd718dc4389ac76831d0f262) Importer(815301076,1909f56bfc062723c751e8b465ee728b) [PhysX] Initialized MultithreadedTaskDispatcher with 8 workers.
[PhysX] Initialized MultithreadedTaskDispatcher with 8 workers.
Refreshing native plugins compatible for Editor in 7.93 ms, found 5 plugins.
Preloading 0 native plugins for Editor in 0.00 ms.
 -> (artifact id: '2818316238e35596a9ba750afd38ff73') in 0.044513 seconds
Number of updated asset objects reloaded before import = 0
Number of asset objects unloaded after import = 81
========================================================================
Received Import Request.
  Time since last request: 47.029805 seconds.
  path: Assets/Materials/New Materials/Forest
  artifactKey: Guid(d3b68709030b7c845a8b44e12403169a) Importer(815301076,1909f56bfc062723c751e8b465ee728b)
Start importing Assets/Materials/New Materials/Forest using Guid(d3b68709030b7c845a8b44e12403169a) Importer(815301076,1909f56bfc062723c751e8b465ee728b) [PhysX] Initialized MultithreadedTaskDispatcher with 8 workers.
 -> (artifact id: '686977a78e5c282ef6fc501677922375') in 0.000976 seconds
Number of updated asset objects reloaded before import = 0
Number of asset objects unloaded after import = 0
========================================================================
Received Import Request.
  Time since last request: 11.507748 seconds.
  path: Assets/Materials/New Materials/Halloween
  artifactKey: Guid(88778aed6f9b44c46bc3708026107a00) Importer(815301076,1909f56bfc062723c751e8b465ee728b)
Start importing Assets/Materials/New Materials/Halloween using Guid(88778aed6f9b44c46bc3708026107a00) Importer(815301076,1909f56bfc062723c751e8b465ee728b) [PhysX] Initialized MultithreadedTaskDispatcher with 8 workers.
 -> (artifact id: 'ddd988ab68dd57d0ef9309a088b259fc') in 0.000890 seconds
Number of updated asset objects reloaded before import = 0
Number of asset objects unloaded after import = 0
========================================================================
Received Import Request.
  Time since last request: 11.700983 seconds.
  path: Assets/Materials/New Materials/Tank Yellow
  artifactKey: Guid(efb074af5f2179a48b4e76c9be564c0c) Importer(815301076,1909f56bfc062723c751e8b465ee728b)
Start importing Assets/Materials/New Materials/Tank Yellow using Guid(efb074af5f2179a48b4e76c9be564c0c) Importer(815301076,1909f56bfc062723c751e8b465ee728b) [PhysX] Initialized MultithreadedTaskDispatcher with 8 workers.
 -> (artifact id: '5aa353633c46956c80291bd756b6fd96') in 0.000753 seconds
Number of updated asset objects reloaded before import = 0
Number of asset objects unloaded after import = 0
========================================================================
Received Import Request.
  Time since last request: 5.946088 seconds.
  path: Assets/Materials/New Materials/Tank Blue
  artifactKey: Guid(25197b1ff2632a14498938b3e5b61d4c) Importer(815301076,1909f56bfc062723c751e8b465ee728b)
Start importing Assets/Materials/New Materials/Tank Blue using Guid(25197b1ff2632a14498938b3e5b61d4c) Importer(815301076,1909f56bfc062723c751e8b465ee728b) [PhysX] Initialized MultithreadedTaskDispatcher with 8 workers.
 -> (artifact id: 'bbec8b3ca4ee626d311fd6084e51cec9') in 0.000901 seconds
Number of updated asset objects reloaded before import = 0
Number of asset objects unloaded after import = 0
========================================================================
Received Import Request.
  Time since last request: 4.399672 seconds.
  path: Assets/Materials/New Materials/Winter
  artifactKey: Guid(94e3b69750688f4479066483e993052e) Importer(815301076,1909f56bfc062723c751e8b465ee728b)
Start importing Assets/Materials/New Materials/Winter using Guid(94e3b69750688f4479066483e993052e) Importer(815301076,1909f56bfc062723c751e8b465ee728b) [PhysX] Initialized MultithreadedTaskDispatcher with 8 workers.
 -> (artifact id: '1cc93b22a1d30e01d4ef0c89aa32dfeb') in 0.001137 seconds
Number of updated asset objects reloaded before import = 0
Number of asset objects unloaded after import = 0
========================================================================
Received Import Request.
  Time since last request: 7.152951 seconds.
  path: Assets/Materials/New Materials/Tank Yellow.prefab
  artifactKey: Guid(d2890deb5d6c983448e07e61e754f7d5) Importer(815301076,1909f56bfc062723c751e8b465ee728b)
Start importing Assets/Materials/New Materials/Tank Yellow.prefab using Guid(d2890deb5d6c983448e07e61e754f7d5) Importer(815301076,1909f56bfc062723c751e8b465ee728b) [PhysX] Initialized MultithreadedTaskDispatcher with 8 workers.
[PhysX] Initialized MultithreadedTaskDispatcher with 8 workers.
 -> (artifact id: '11e834f5a85f3ac7a69b9f07552a9f88') in 0.039946 seconds
Number of updated asset objects reloaded before import = 0
Number of asset objects unloaded after import = 15
========================================================================
Received Import Request.
  Time since last request: 7.635090 seconds.
  path: Assets/Materials/New Materials/Tank Blue.prefab
  artifactKey: Guid(226ec968608451d4198dbf1e6d5b7196) Importer(815301076,1909f56bfc062723c751e8b465ee728b)
Start importing Assets/Materials/New Materials/Tank Blue.prefab using Guid(226ec968608451d4198dbf1e6d5b7196) Importer(815301076,1909f56bfc062723c751e8b465ee728b) [PhysX] Initialized MultithreadedTaskDispatcher with 8 workers.
[PhysX] Initialized MultithreadedTaskDispatcher with 8 workers.
 -> (artifact id: '5753c4aca549357846ae573127e067df') in 0.029080 seconds
Number of updated asset objects reloaded before import = 0
Number of asset objects unloaded after import = 15
========================================================================
Received Import Request.
  Time since last request: 43.916196 seconds.
  path: Assets/Prefabs/New Prefabs/Tank1 1.prefab
  artifactKey: Guid(c1a6cad0ee85bf240b55987a889762a8) Importer(815301076,1909f56bfc062723c751e8b465ee728b)
Start importing Assets/Prefabs/New Prefabs/Tank1 1.prefab using Guid(c1a6cad0ee85bf240b55987a889762a8) Importer(815301076,1909f56bfc062723c751e8b465ee728b) [PhysX] Initialized MultithreadedTaskDispatcher with 8 workers.
Refreshing native plugins compatible for Editor in 7.13 ms, found 5 plugins.
Preloading 0 native plugins for Editor in 0.00 ms.
[PhysX] Initialized MultithreadedTaskDispatcher with 8 workers.
 -> (artifact id: '5097a6e7049ca66a566630d6225d9a48') in 0.042548 seconds
Number of updated asset objects reloaded before import = 0
Number of asset objects unloaded after import = 62
========================================================================
Received Import Request.
  Time since last request: 7.735392 seconds.
  path: Assets/Prefabs/New Prefabs/Світло Variant.prefab
  artifactKey: Guid(64280d2b047b24d46af5d6e77a1c8160) Importer(815301076,1909f56bfc062723c751e8b465ee728b)
Start importing Assets/Prefabs/New Prefabs/Світло Variant.prefab using Guid(64280d2b047b24d46af5d6e77a1c8160) Importer(815301076,1909f56bfc062723c751e8b465ee728b) [PhysX] Initialized MultithreadedTaskDispatcher with 8 workers.
 -> (artifact id: 'a9f71857e3c6648e267d57511cf90bfa') in 0.013950 seconds
Number of updated asset objects reloaded before import = 0
Number of asset objects unloaded after import = 39
========================================================================
Received Import Request.
  Time since last request: 14.197863 seconds.
  path: Assets/Prefabs/New Prefabs/Canvas 1.prefab
  artifactKey: Guid(8725da40359c48a41861bbb9f3672844) Importer(815301076,1909f56bfc062723c751e8b465ee728b)
Start importing Assets/Prefabs/New Prefabs/Canvas 1.prefab using Guid(8725da40359c48a41861bbb9f3672844) Importer(815301076,1909f56bfc062723c751e8b465ee728b) [PhysX] Initialized MultithreadedTaskDispatcher with 8 workers.
 -> (artifact id: 'df7790001ddcefa11fc08a35d228eefd') in 0.165271 seconds
Number of updated asset objects reloaded before import = 0
Number of asset objects unloaded after import = 113
========================================================================
Received Import Request.
  Time since last request: 9.340079 seconds.
  path: Assets/Prefabs/New Prefabs/CANVAS MAIN.prefab
  artifactKey: Guid(8725da40359c48a41861bbb9f3672844) Importer(815301076,1909f56bfc062723c751e8b465ee728b)
Start importing Assets/Prefabs/New Prefabs/CANVAS MAIN.prefab using Guid(8725da40359c48a41861bbb9f3672844) Importer(815301076,1909f56bfc062723c751e8b465ee728b) [PhysX] Initialized MultithreadedTaskDispatcher with 8 workers.
 -> (artifact id: '42e9898fffe861f931f03896bd362c1a') in 0.014837 seconds
Number of updated asset objects reloaded before import = 0
Number of asset objects unloaded after import = 113
========================================================================
Received Import Request.
  Time since last request: 7.861477 seconds.
  path: Assets/Prefabs/New Prefabs/LIGHT MAIN.prefab
  artifactKey: Guid(64280d2b047b24d46af5d6e77a1c8160) Importer(815301076,1909f56bfc062723c751e8b465ee728b)
Start importing Assets/Prefabs/New Prefabs/LIGHT MAIN.prefab using Guid(64280d2b047b24d46af5d6e77a1c8160) Importer(815301076,1909f56bfc062723c751e8b465ee728b) [PhysX] Initialized MultithreadedTaskDispatcher with 8 workers.
 -> (artifact id: '41a32f5575941ab4f9ef6d5d3469619d') in 0.004459 seconds
Number of updated asset objects reloaded before import = 0
Number of asset objects unloaded after import = 39
========================================================================
Received Import Request.
  Time since last request: 21.447521 seconds.
  path: Assets/Materials/Old Materials/HALLOWEEN
  artifactKey: Guid(f2226acecfde10546b4d02cb7bb1d455) Importer(815301076,1909f56bfc062723c751e8b465ee728b)
Start importing Assets/Materials/Old Materials/HALLOWEEN using Guid(f2226acecfde10546b4d02cb7bb1d455) Importer(815301076,1909f56bfc062723c751e8b465ee728b) [PhysX] Initialized MultithreadedTaskDispatcher with 8 workers.
 -> (artifact id: '20c731ff5542e82cdad9cd89bd12af96') in 0.000807 seconds
Number of updated asset objects reloaded before import = 0
Number of asset objects unloaded after import = 0
========================================================================
Received Import Request.
  Time since last request: 0.034974 seconds.
  path: Assets/Materials/Old Materials/HALLOWEEN/GlowingObjectMaterial.mat
  artifactKey: Guid(7cc22a2571661c4499b11efd57ed87f2) Importer(815301076,1909f56bfc062723c751e8b465ee728b)
Start importing Assets/Materials/Old Materials/HALLOWEEN/GlowingObjectMaterial.mat using Guid(7cc22a2571661c4499b11efd57ed87f2) Importer(815301076,1909f56bfc062723c751e8b465ee728b) [PhysX] Initialized MultithreadedTaskDispatcher with 8 workers.
[PhysX] Initialized MultithreadedTaskDispatcher with 8 workers.
 -> (artifact id: '47e2f0d4a70a48f00aac01cee51e4f36') in 0.021889 seconds
Number of updated asset objects reloaded before import = 0
Number of asset objects unloaded after import = 1
========================================================================
Received Import Request.
  Time since last request: 0.000040 seconds.
  path: Assets/Materials/Old Materials/HALLOWEEN/Pump 1.mat
  artifactKey: Guid(974e365da1938974795d12196ac71721) Importer(815301076,1909f56bfc062723c751e8b465ee728b)
Start importing Assets/Materials/Old Materials/HALLOWEEN/Pump 1.mat using Guid(974e365da1938974795d12196ac71721) Importer(815301076,1909f56bfc062723c751e8b465ee728b) [PhysX] Initialized MultithreadedTaskDispatcher with 8 workers.
[PhysX] Initialized MultithreadedTaskDispatcher with 8 workers.
 -> (artifact id: '9e30e10635a10147878198d256aa5e97') in 0.025758 seconds
Number of updated asset objects reloaded before import = 0
Number of asset objects unloaded after import = 1
========================================================================
Received Import Request.
  Time since last request: 0.000051 seconds.
  path: Assets/Materials/Old Materials/HALLOWEEN/rrere.mat
  artifactKey: Guid(6cd64217dc6b8574891d0addb1ee770a) Importer(815301076,1909f56bfc062723c751e8b465ee728b)
Start importing Assets/Materials/Old Materials/HALLOWEEN/rrere.mat using Guid(6cd64217dc6b8574891d0addb1ee770a) Importer(815301076,1909f56bfc062723c751e8b465ee728b) [PhysX] Initialized MultithreadedTaskDispatcher with 8 workers.
[PhysX] Initialized MultithreadedTaskDispatcher with 8 workers.
 -> (artifact id: '6f5b9f318476a64acb3929b3dd9a2a16') in 0.048502 seconds
Number of updated asset objects reloaded before import = 0
Number of asset objects unloaded after import = 1
========================================================================
Received Import Request.
  Time since last request: 0.000034 seconds.
  path: Assets/Materials/Old Materials/HALLOWEEN/TANK.mat
  artifactKey: Guid(67cc6719232cc254b88278d10ec3e9e9) Importer(815301076,1909f56bfc062723c751e8b465ee728b)
Start importing Assets/Materials/Old Materials/HALLOWEEN/TANK.mat using Guid(67cc6719232cc254b88278d10ec3e9e9) Importer(815301076,1909f56bfc062723c751e8b465ee728b) [PhysX] Initialized MultithreadedTaskDispatcher with 8 workers.
[PhysX] Initialized MultithreadedTaskDispatcher with 8 workers.
 -> (artifact id: '887ee1b9c84f32d3039022d09678cb3a') in 0.037436 seconds
Number of updated asset objects reloaded before import = 0
Number of asset objects unloaded after import = 1
========================================================================
Received Import Request.
  Time since last request: 0.000066 seconds.
  path: Assets/Materials/Old Materials/HALLOWEEN/Svich.mat
  artifactKey: Guid(9bfe1c82b8fcd1349b513d422e273b71) Importer(815301076,1909f56bfc062723c751e8b465ee728b)
Start importing Assets/Materials/Old Materials/HALLOWEEN/Svich.mat using Guid(9bfe1c82b8fcd1349b513d422e273b71) Importer(815301076,1909f56bfc062723c751e8b465ee728b) [PhysX] Initialized MultithreadedTaskDispatcher with 8 workers.
[PhysX] Initialized MultithreadedTaskDispatcher with 8 workers.
 -> (artifact id: 'c4fc6c22cccd5464f8c0080ae64e7482') in 0.031526 seconds
Number of updated asset objects reloaded before import = 0
Number of asset objects unloaded after import = 1
========================================================================
Received Import Request.
  Time since last request: 0.000038 seconds.
  path: Assets/Materials/Old Materials/HALLOWEEN/Wall.mat
  artifactKey: Guid(296613c153bf02a40ba267b26cce8483) Importer(815301076,1909f56bfc062723c751e8b465ee728b)
Start importing Assets/Materials/Old Materials/HALLOWEEN/Wall.mat using Guid(296613c153bf02a40ba267b26cce8483) Importer(815301076,1909f56bfc062723c751e8b465ee728b) [PhysX] Initialized MultithreadedTaskDispatcher with 8 workers.
[PhysX] Initialized MultithreadedTaskDispatcher with 8 workers.
 -> (artifact id: '3f0bd556f0604561bae3b73ebe1aab2e') in 0.045315 seconds
Number of updated asset objects reloaded before import = 0
Number of asset objects unloaded after import = 2
========================================================================
Received Import Request.
  Time since last request: 0.000035 seconds.
  path: Assets/Materials/Old Materials/HALLOWEEN/TREE.mat
  artifactKey: Guid(6a0ea62cfc2be8c4aa07be7cedf33817) Importer(815301076,1909f56bfc062723c751e8b465ee728b)
Start importing Assets/Materials/Old Materials/HALLOWEEN/TREE.mat using Guid(6a0ea62cfc2be8c4aa07be7cedf33817) Importer(815301076,1909f56bfc062723c751e8b465ee728b) [PhysX] Initialized MultithreadedTaskDispatcher with 8 workers.
[PhysX] Initialized MultithreadedTaskDispatcher with 8 workers.
 -> (artifact id: '8a41be16000ea1d941be5507d3533d05') in 0.036045 seconds
Number of updated asset objects reloaded before import = 0
Number of asset objects unloaded after import = 1
========================================================================
Received Import Request.
  Time since last request: 0.000051 seconds.
  path: Assets/Materials/Old Materials/HALLOWEEN/PLANEmaIN.mat
  artifactKey: Guid(6c55148a59818fe47aba6f6e383a3192) Importer(815301076,1909f56bfc062723c751e8b465ee728b)
Start importing Assets/Materials/Old Materials/HALLOWEEN/PLANEmaIN.mat using Guid(6c55148a59818fe47aba6f6e383a3192) Importer(815301076,1909f56bfc062723c751e8b465ee728b) [PhysX] Initialized MultithreadedTaskDispatcher with 8 workers.
[PhysX] Initialized MultithreadedTaskDispatcher with 8 workers.
 -> (artifact id: 'a367d880a479650631bfc724070ab77c') in 0.031321 seconds
Number of updated asset objects reloaded before import = 0
Number of asset objects unloaded after import = 1
========================================================================
Received Import Request.
  Time since last request: 0.000048 seconds.
  path: Assets/Materials/Old Materials/HALLOWEEN/Pumpkin.mat
  artifactKey: Guid(75bda971f6329e7479fe087593d314c3) Importer(815301076,1909f56bfc062723c751e8b465ee728b)
Start importing Assets/Materials/Old Materials/HALLOWEEN/Pumpkin.mat using Guid(75bda971f6329e7479fe087593d314c3) Importer(815301076,1909f56bfc062723c751e8b465ee728b) [PhysX] Initialized MultithreadedTaskDispatcher with 8 workers.
[PhysX] Initialized MultithreadedTaskDispatcher with 8 workers.
 -> (artifact id: 'cd12cfc7a1c9f9bbed3e7581c349af1b') in 0.043804 seconds
Number of updated asset objects reloaded before import = 0
Number of asset objects unloaded after import = 1
========================================================================
Received Import Request.
  Time since last request: 3.297364 seconds.
  path: Assets/Materials/Old Materials/HALLOWEEN/GlowingObjectShader.shader
  artifactKey: Guid(517048e67f43156469e95bfda97eb1bf) Importer(815301076,1909f56bfc062723c751e8b465ee728b)
Start importing Assets/Materials/Old Materials/HALLOWEEN/GlowingObjectShader.shader using Guid(517048e67f43156469e95bfda97eb1bf) Importer(815301076,1909f56bfc062723c751e8b465ee728b) [PhysX] Initialized MultithreadedTaskDispatcher with 8 workers.
 -> (artifact id: 'd63c9f5801f2751c5554047dcdcbb093') in 0.001167 seconds
Number of updated asset objects reloaded before import = 0
Number of asset objects unloaded after import = 0
========================================================================
Received Import Request.
  Time since last request: 17.066989 seconds.
  path: Assets/Materials/Old Materials/NEW YEAR/GlowingObjectMaterial.mat
  artifactKey: Guid(bdeafde9051489e41b2bfaf9656cb6d1) Importer(815301076,1909f56bfc062723c751e8b465ee728b)
Start importing Assets/Materials/Old Materials/NEW YEAR/GlowingObjectMaterial.mat using Guid(bdeafde9051489e41b2bfaf9656cb6d1) Importer(815301076,1909f56bfc062723c751e8b465ee728b) [PhysX] Initialized MultithreadedTaskDispatcher with 8 workers.
[PhysX] Initialized MultithreadedTaskDispatcher with 8 workers.
 -> (artifact id: '9593c8e221ef7a7dfc1a04772d48cd16') in 0.010158 seconds
Number of updated asset objects reloaded before import = 0
Number of asset objects unloaded after import = 1
========================================================================
Received Import Request.
  Time since last request: 0.000050 seconds.
  path: Assets/Materials/Old Materials/NEW YEAR/TANK.mat
  artifactKey: Guid(36526e745e50aff4c89b684e255f2c91) Importer(815301076,1909f56bfc062723c751e8b465ee728b)
Start importing Assets/Materials/Old Materials/NEW YEAR/TANK.mat using Guid(36526e745e50aff4c89b684e255f2c91) Importer(815301076,1909f56bfc062723c751e8b465ee728b) [PhysX] Initialized MultithreadedTaskDispatcher with 8 workers.
[PhysX] Initialized MultithreadedTaskDispatcher with 8 workers.
 -> (artifact id: '726ee875e2092602a6467b4904d7e868') in 0.023749 seconds
Number of updated asset objects reloaded before import = 0
Number of asset objects unloaded after import = 1
========================================================================
Received Import Request.
  Time since last request: 0.000071 seconds.
  path: Assets/Materials/Old Materials/NEW YEAR/TANKRED.mat
  artifactKey: Guid(a6c3585cfa549864385b6142b58d98f1) Importer(815301076,1909f56bfc062723c751e8b465ee728b)
Start importing Assets/Materials/Old Materials/NEW YEAR/TANKRED.mat using Guid(a6c3585cfa549864385b6142b58d98f1) Importer(815301076,1909f56bfc062723c751e8b465ee728b) [PhysX] Initialized MultithreadedTaskDispatcher with 8 workers.
[PhysX] Initialized MultithreadedTaskDispatcher with 8 workers.
 -> (artifact id: '17fe72f7ac412805579af19117d657ef') in 0.029908 seconds
Number of updated asset objects reloaded before import = 0
Number of asset objects unloaded after import = 1
========================================================================
Received Import Request.
  Time since last request: 0.000037 seconds.
  path: Assets/Materials/Old Materials/NEW YEAR/PumpMAUN.mat
  artifactKey: Guid(2a7526fa2968c244a897cac1f3849aac) Importer(815301076,1909f56bfc062723c751e8b465ee728b)
Start importing Assets/Materials/Old Materials/NEW YEAR/PumpMAUN.mat using Guid(2a7526fa2968c244a897cac1f3849aac) Importer(815301076,1909f56bfc062723c751e8b465ee728b) [PhysX] Initialized MultithreadedTaskDispatcher with 8 workers.
[PhysX] Initialized MultithreadedTaskDispatcher with 8 workers.
 -> (artifact id: '6824cd9f5dcdf97c9fee6f60d8199e71') in 0.011550 seconds
Number of updated asset objects reloaded before import = 0
Number of asset objects unloaded after import = 1
========================================================================
Received Import Request.
  Time since last request: 0.000031 seconds.
  path: Assets/Materials/Old Materials/NEW YEAR/rrere.mat
  artifactKey: Guid(024dbf3b16099fd41afa4cb5ff648794) Importer(815301076,1909f56bfc062723c751e8b465ee728b)
Start importing Assets/Materials/Old Materials/NEW YEAR/rrere.mat using Guid(024dbf3b16099fd41afa4cb5ff648794) Importer(815301076,1909f56bfc062723c751e8b465ee728b) [PhysX] Initialized MultithreadedTaskDispatcher with 8 workers.
[PhysX] Initialized MultithreadedTaskDispatcher with 8 workers.
 -> (artifact id: 'd7725acfb6cc90a2c775f66e59249e71') in 0.033855 seconds
Number of updated asset objects reloaded before import = 0
Number of asset objects unloaded after import = 1
========================================================================
Received Import Request.
  Time since last request: 0.000074 seconds.
  path: Assets/Materials/Old Materials/NEW YEAR/Rock.mat
  artifactKey: Guid(3170416fa08b79a4495086ff9131703b) Importer(815301076,1909f56bfc062723c751e8b465ee728b)
Start importing Assets/Materials/Old Materials/NEW YEAR/Rock.mat using Guid(3170416fa08b79a4495086ff9131703b) Importer(815301076,1909f56bfc062723c751e8b465ee728b) [PhysX] Initialized MultithreadedTaskDispatcher with 8 workers.
[PhysX] Initialized MultithreadedTaskDispatcher with 8 workers.
 -> (artifact id: 'bcf88010c7973feb5634f21814decc3d') in 0.032753 seconds
Number of updated asset objects reloaded before import = 0
Number of asset objects unloaded after import = 1
========================================================================
Received Import Request.
  Time since last request: 0.000038 seconds.
  path: Assets/Materials/Old Materials/NEW YEAR/TankFIX.physicMaterial
  artifactKey: Guid(e2d0fdf22c0c5e241a52eeb822f1ef0b) Importer(815301076,1909f56bfc062723c751e8b465ee728b)
Start importing Assets/Materials/Old Materials/NEW YEAR/TankFIX.physicMaterial using Guid(e2d0fdf22c0c5e241a52eeb822f1ef0b) Importer(815301076,1909f56bfc062723c751e8b465ee728b) [PhysX] Initialized MultithreadedTaskDispatcher with 8 workers.
 -> (artifact id: 'f6fb9610eaf2b7d232f65bcaaf19d00f') in 0.001637 seconds
Number of updated asset objects reloaded before import = 0
Number of asset objects unloaded after import = 1
========================================================================
Received Import Request.
  Time since last request: 0.000088 seconds.
  path: Assets/Materials/Old Materials/NEW YEAR/TREE1.mat
  artifactKey: Guid(16f2645b9bae6a344afa75a1866ef257) Importer(815301076,1909f56bfc062723c751e8b465ee728b)
Start importing Assets/Materials/Old Materials/NEW YEAR/TREE1.mat using Guid(16f2645b9bae6a344afa75a1866ef257) Importer(815301076,1909f56bfc062723c751e8b465ee728b) [PhysX] Initialized MultithreadedTaskDispatcher with 8 workers.
[PhysX] Initialized MultithreadedTaskDispatcher with 8 workers.
 -> (artifact id: '69ddb9c3474df0ef180e96f97de3c8ff') in 0.036578 seconds
Number of updated asset objects reloaded before import = 0
Number of asset objects unloaded after import = 1
========================================================================
Received Import Request.
  Time since last request: 0.000047 seconds.
  path: Assets/Materials/Old Materials/NEW YEAR/Svich.mat
  artifactKey: Guid(b563da87f6831194b97be464792ece04) Importer(815301076,1909f56bfc062723c751e8b465ee728b)
Start importing Assets/Materials/Old Materials/NEW YEAR/Svich.mat using Guid(b563da87f6831194b97be464792ece04) Importer(815301076,1909f56bfc062723c751e8b465ee728b) [PhysX] Initialized MultithreadedTaskDispatcher with 8 workers.
[PhysX] Initialized MultithreadedTaskDispatcher with 8 workers.
 -> (artifact id: '7cd8a42609acbd788f09f439c693db69') in 0.011994 seconds
Number of updated asset objects reloaded before import = 0
Number of asset objects unloaded after import = 1
========================================================================
Received Import Request.
  Time since last request: 0.513967 seconds.
  path: Assets/Materials/Old Materials/NEW YEAR/GlowingObjectShader.shader
  artifactKey: Guid(29c9d3ac76455ed4099294a8db59f3ba) Importer(815301076,1909f56bfc062723c751e8b465ee728b)
Start importing Assets/Materials/Old Materials/NEW YEAR/GlowingObjectShader.shader using Guid(29c9d3ac76455ed4099294a8db59f3ba) Importer(815301076,1909f56bfc062723c751e8b465ee728b) [PhysX] Initialized MultithreadedTaskDispatcher with 8 workers.
 -> (artifact id: 'c9ed5c58c91a952f0f406c1381f61cad') in 0.001362 seconds
Number of updated asset objects reloaded before import = 0
Number of asset objects unloaded after import = 0
========================================================================
Received Import Request.
  Time since last request: 4.478413 seconds.
  path: Assets/Shaders/GlowingObjectShader 1.shader
  artifactKey: Guid(29c9d3ac76455ed4099294a8db59f3ba) Importer(815301076,1909f56bfc062723c751e8b465ee728b)
Start importing Assets/Shaders/GlowingObjectShader 1.shader using Guid(29c9d3ac76455ed4099294a8db59f3ba) Importer(815301076,1909f56bfc062723c751e8b465ee728b) [PhysX] Initialized MultithreadedTaskDispatcher with 8 workers.
 -> (artifact id: '8a4c9db91bc774393acc79c96c1e8d67') in 0.001393 seconds
Number of updated asset objects reloaded before import = 1
Number of asset objects unloaded after import = 0
========================================================================
Received Import Request.
  Time since last request: 33.799486 seconds.
  path: Assets/Shaders/GlowingObjectShader.shader
  artifactKey: Guid(517048e67f43156469e95bfda97eb1bf) Importer(815301076,1909f56bfc062723c751e8b465ee728b)
Start importing Assets/Shaders/GlowingObjectShader.shader using Guid(517048e67f43156469e95bfda97eb1bf) Importer(815301076,1909f56bfc062723c751e8b465ee728b) [PhysX] Initialized MultithreadedTaskDispatcher with 8 workers.
 -> (artifact id: '71860daf656df4c1b09ea23be9c627b1') in 0.002629 seconds
Number of updated asset objects reloaded before import = 1
Number of asset objects unloaded after import = 0
========================================================================
Received Import Request.
  Time since last request: 45.678352 seconds.
  path: Assets/Scenes/New Scenes/Levels/winter/winter.unity
  artifactKey: Guid(18c5c0fbe9aa2c647b417e7939afdc65) Importer(815301076,1909f56bfc062723c751e8b465ee728b)
Start importing Assets/Scenes/New Scenes/Levels/winter/winter.unity using Guid(18c5c0fbe9aa2c647b417e7939afdc65) Importer(815301076,1909f56bfc062723c751e8b465ee728b) [PhysX] Initialized MultithreadedTaskDispatcher with 8 workers.
 -> (artifact id: '2046a9d1d7e20bb945fef39d3005973d') in 0.001141 seconds
Number of updated asset objects reloaded before import = 1
Number of asset objects unloaded after import = 0
========================================================================
Received Prepare
Caller must complete domain reload
Begin MonoManager ReloadAssembly
- Loaded All Assemblies, in  5.355 seconds
Native extension for WindowsStandalone target not found
Mono: successfully reloaded assembly
- Finished resetting the current domain, in 47.336 seconds
Domain Reload Profiling: 52689ms
	BeginReloadAssembly (243ms)
		ExecutionOrderSort (0ms)
		DisableScriptedObjects (16ms)
		BackupInstance (0ms)
		ReleaseScriptingObjects (0ms)
		CreateAndSetChildDomain (55ms)
	RebuildCommonClasses (314ms)
	RebuildNativeTypeToScriptingClass (17ms)
	initialDomainReloadingComplete (68ms)
	LoadAllAssembliesAndSetupDomain (4709ms)
		LoadAssemblies (4796ms)
		RebuildTransferFunctionScriptingTraits (0ms)
		AnalyzeDomain (40ms)
			TypeCache.Refresh (21ms)
				TypeCache.ScanAssembly (0ms)
			ScanForSourceGeneratedMonoScriptInfo (1ms)
			ResolveRequiredComponents (15ms)
	FinalizeReload (47338ms)
		ReleaseScriptCaches (0ms)
		RebuildScriptCaches (0ms)
		SetupLoadedEditorAssemblies (838ms)
			LogAssemblyErrors (0ms)
			InitializePlatformSupportModulesInManaged (14ms)
			SetLoadedEditorAssemblies (7ms)
			RefreshPlugins (0ms)
			BeforeProcessingInitializeOnLoad (144ms)
			ProcessInitializeOnLoadAttributes (570ms)
			ProcessInitializeOnLoadMethodAttributes (93ms)
			AfterProcessingInitializeOnLoad (10ms)
			EditorAssembliesLoaded (1ms)
		ExecutionOrderSort2 (0ms)
		AwakeInstancesAfterBackupRestoration (16ms)
Refreshing native plugins compatible for Editor in 6.91 ms, found 5 plugins.
Preloading 0 native plugins for Editor in 0.00 ms.
Unloading 6192 Unused Serialized files (Serialized files now loaded: 0)
Unloading 51 unused Assets / (3.4 MB). Loaded Objects now: 6904.
Memory consumption went from 206.8 MB to 203.4 MB.
Total: 5.939800 ms (FindLiveObjects: 0.615500 ms CreateObjectMapping: 0.365100 ms MarkObjects: 3.992800 ms  DeleteObjects: 0.964900 ms)

Prepare: number of updated asset objects reloaded= 0
AssetImportParameters requested are different than current active one (requested -> active):
  custom:scripting/monoscript/fileName/MenuController1.cs: 74708584f0cd1c350bbe5f4640cf905a -> f98156acb6c9b62b4aff1540a104a198
  custom:container-demuxer-ogg: 62fdf1f143b41e24485cea50d1cbac27 -> 
  custom:scripting/monoscript/fileName/GameManager.cs: 7330a4a90ab8c216a80d8a157c1bb74e -> 9933fbcc6190e2a9171c2ec8808a053e
  custom:video-decoder-ogg-theora: a1e56fd34408186e4bbccfd4996cb3dc -> 
  custom:framework-win-MediaFoundation: 216162199b28c13a410421893ffa2e32 -> 
  custom:CustomObjectIndexerAttribute: 9a22284fe3817be447336de3de66b15e -> 
  custom:container-demuxer-webm: 4f35f7cbe854078d1ac9338744f61a02 -> 
  custom:scripting/monoscript/fileName/TankController.cs: 841f32a3f68bcffad3d229c3d25488a0 -> 7ea067224430afc41f2464c387741868
  custom:scripting/monoscript/fileName/MainMenuController.cs: 92edc92119dbfc5495eed60d7e70c52e -> dc27e55ad6a0f2eb5a5212e8108cae21
  custom:container-muxer-webm: aa71ff27fc2769a1b78a27578f13a17b -> 
  custom:video-decoder-webm-vp8: 9c59270c3fd7afecdb556c50c9e8de78 -> 
  custom:SearchIndexIgnoredProperties: e643bd26f0fe6173181afceb89e7c659 -> 
  custom:AudioImporter_EditorPlatform: d09bf68614088b80899f8185d706f6e7 -> 
  custom:scripting/monoscript/fileName/TankRotation.cs: e3b16acb69a8449a3157760b283dbfde -> 7e831cd3de400183a04c85d1d6e3bed4
  custom:video-encoder-webm-vp8: eb34c28f22e8b96e1ab97ce403110664 -> 
  custom:scripting/monoscript/fileName/ButtonSound.cs: 1be63b648147fad5ebd57f3efdb64abe -> d73cf73b297d33e10c74b31e39dd7781
  custom:audio-decoder-ogg-vorbis: bf7c407c2cedff20999df2af8eb42d56 -> 
  custom:scripting/monoscript/fileName/Bullet.cs: 8a4c6cde67dc77cce90b30d03ab59176 -> a4f5918e799041ba1f6608f13912eb8b
  custom:audio-encoder-webm-vorbis: bf7c407c2cedff20999df2af8eb42d56 -> 
  custom:scripting/precompiled-assembly-types:Assembly-CSharp: aa00835cbd252f4488abbe8e3b976f66 -> 306c2f135be0cc799805a6167caa4d49
========================================================================
Received Prepare
Caller must complete domain reload
Begin MonoManager ReloadAssembly
- Loaded All Assemblies, in  0.704 seconds
Native extension for WindowsStandalone target not found
Mono: successfully reloaded assembly
- Finished resetting the current domain, in  1.790 seconds
Domain Reload Profiling: 2488ms
	BeginReloadAssembly (202ms)
		ExecutionOrderSort (0ms)
		DisableScriptedObjects (15ms)
		BackupInstance (0ms)
		ReleaseScriptingObjects (0ms)
		CreateAndSetChildDomain (50ms)
	RebuildCommonClasses (41ms)
	RebuildNativeTypeToScriptingClass (15ms)
	initialDomainReloadingComplete (39ms)
	LoadAllAssembliesAndSetupDomain (399ms)
		LoadAssemblies (477ms)
		RebuildTransferFunctionScriptingTraits (0ms)
		AnalyzeDomain (20ms)
			TypeCache.Refresh (7ms)
				TypeCache.ScanAssembly (0ms)
			ScanForSourceGeneratedMonoScriptInfo (0ms)
			ResolveRequiredComponents (11ms)
	FinalizeReload (1791ms)
		ReleaseScriptCaches (0ms)
		RebuildScriptCaches (0ms)
		SetupLoadedEditorAssemblies (775ms)
			LogAssemblyErrors (0ms)
			InitializePlatformSupportModulesInManaged (9ms)
			SetLoadedEditorAssemblies (4ms)
			RefreshPlugins (0ms)
			BeforeProcessingInitializeOnLoad (116ms)
			ProcessInitializeOnLoadAttributes (552ms)
			ProcessInitializeOnLoadMethodAttributes (84ms)
			AfterProcessingInitializeOnLoad (10ms)
			EditorAssembliesLoaded (1ms)
		ExecutionOrderSort2 (0ms)
		AwakeInstancesAfterBackupRestoration (17ms)
Refreshing native plugins compatible for Editor in 5.65 ms, found 5 plugins.
Preloading 0 native plugins for Editor in 0.00 ms.
Unloading 6192 Unused Serialized files (Serialized files now loaded: 0)
Unloading 49 unused Assets / (3.4 MB). Loaded Objects now: 6920.
Memory consumption went from 206.8 MB to 203.4 MB.
Total: 5.856200 ms (FindLiveObjects: 0.639000 ms CreateObjectMapping: 0.476600 ms MarkObjects: 3.772200 ms  DeleteObjects: 0.967100 ms)

Prepare: number of updated asset objects reloaded= 0
AssetImportParameters requested are different than current active one (requested -> active):
  custom:scripting/monoscript/fileName/MenuController1.cs: 74708584f0cd1c350bbe5f4640cf905a -> f98156acb6c9b62b4aff1540a104a198
  custom:container-demuxer-ogg: 62fdf1f143b41e24485cea50d1cbac27 -> 
  custom:scripting/monoscript/fileName/GameManager.cs: 7330a4a90ab8c216a80d8a157c1bb74e -> 9933fbcc6190e2a9171c2ec8808a053e
  custom:video-decoder-ogg-theora: a1e56fd34408186e4bbccfd4996cb3dc -> 
  custom:framework-win-MediaFoundation: 216162199b28c13a410421893ffa2e32 -> 
  custom:CustomObjectIndexerAttribute: 9a22284fe3817be447336de3de66b15e -> 
  custom:container-demuxer-webm: 4f35f7cbe854078d1ac9338744f61a02 -> 
  custom:scripting/monoscript/fileName/TankController.cs: 841f32a3f68bcffad3d229c3d25488a0 -> 7ea067224430afc41f2464c387741868
  custom:scripting/monoscript/fileName/MainMenuController.cs: 92edc92119dbfc5495eed60d7e70c52e -> dc27e55ad6a0f2eb5a5212e8108cae21
  custom:container-muxer-webm: aa71ff27fc2769a1b78a27578f13a17b -> 
  custom:video-decoder-webm-vp8: 9c59270c3fd7afecdb556c50c9e8de78 -> 
  custom:SearchIndexIgnoredProperties: e643bd26f0fe6173181afceb89e7c659 -> 
  custom:AudioImporter_EditorPlatform: d09bf68614088b80899f8185d706f6e7 -> 
  custom:scripting/monoscript/fileName/TankRotation.cs: e3b16acb69a8449a3157760b283dbfde -> 7e831cd3de400183a04c85d1d6e3bed4
  custom:video-encoder-webm-vp8: eb34c28f22e8b96e1ab97ce403110664 -> 
  custom:scripting/monoscript/fileName/ButtonSound.cs: 1be63b648147fad5ebd57f3efdb64abe -> d73cf73b297d33e10c74b31e39dd7781
  custom:audio-decoder-ogg-vorbis: bf7c407c2cedff20999df2af8eb42d56 -> 
  custom:scripting/monoscript/fileName/Bullet.cs: 8a4c6cde67dc77cce90b30d03ab59176 -> a4f5918e799041ba1f6608f13912eb8b
  custom:audio-encoder-webm-vorbis: bf7c407c2cedff20999df2af8eb42d56 -> 
  custom:scripting/precompiled-assembly-types:Assembly-CSharp: aa00835cbd252f4488abbe8e3b976f66 -> 306c2f135be0cc799805a6167caa4d49
========================================================================
Received Import Request.
  Time since last request: 115.670795 seconds.
  path: Assets/Materials/Old Materials/HALLOWEEN/GlowingObjectMaterial.mat
  artifactKey: Guid(7cc22a2571661c4499b11efd57ed87f2) Importer(815301076,1909f56bfc062723c751e8b465ee728b)
Start importing Assets/Materials/Old Materials/HALLOWEEN/GlowingObjectMaterial.mat using Guid(7cc22a2571661c4499b11efd57ed87f2) Importer(815301076,1909f56bfc062723c751e8b465ee728b) [PhysX] Initialized MultithreadedTaskDispatcher with 8 workers.
[PhysX] Initialized MultithreadedTaskDispatcher with 8 workers.
 -> (artifact id: '481b1b54c195eb14535c50ac0a887432') in 0.114633 seconds
Number of updated asset objects reloaded before import = 0
Number of asset objects unloaded after import = 1
========================================================================
Received Import Request.
  Time since last request: 0.000045 seconds.
  path: Assets/Materials/Old Materials/HALLOWEEN/Svich.mat
  artifactKey: Guid(9bfe1c82b8fcd1349b513d422e273b71) Importer(815301076,1909f56bfc062723c751e8b465ee728b)
Start importing Assets/Materials/Old Materials/HALLOWEEN/Svich.mat using Guid(9bfe1c82b8fcd1349b513d422e273b71) Importer(815301076,1909f56bfc062723c751e8b465ee728b) [PhysX] Initialized MultithreadedTaskDispatcher with 8 workers.
[PhysX] Initialized MultithreadedTaskDispatcher with 8 workers.
 -> (artifact id: '3667a4b5d539f49975a958cc4d1f4e6f') in 0.013213 seconds
Number of updated asset objects reloaded before import = 0
Number of asset objects unloaded after import = 1
========================================================================
Received Import Request.
  Time since last request: 0.000053 seconds.
  path: Assets/Materials/Old Materials/HALLOWEEN/PumpMAUN.mat
  artifactKey: Guid(3c87745a66328ae4c9514e8642c9cf4c) Importer(815301076,1909f56bfc062723c751e8b465ee728b)
Start importing Assets/Materials/Old Materials/HALLOWEEN/PumpMAUN.mat using Guid(3c87745a66328ae4c9514e8642c9cf4c) Importer(815301076,1909f56bfc062723c751e8b465ee728b) [PhysX] Initialized MultithreadedTaskDispatcher with 8 workers.
[PhysX] Initialized MultithreadedTaskDispatcher with 8 workers.
 -> (artifact id: 'a09d4f77fb3ab36e4492726d2c9bd5e5') in 0.024938 seconds
Number of updated asset objects reloaded before import = 0
Number of asset objects unloaded after import = 1
========================================================================
Received Import Request.
  Time since last request: 32.887978 seconds.
  path: Assets/Materials/Old Materials/NEW YEAR/GlowingObjectMaterial.mat
  artifactKey: Guid(bdeafde9051489e41b2bfaf9656cb6d1) Importer(815301076,1909f56bfc062723c751e8b465ee728b)
Start importing Assets/Materials/Old Materials/NEW YEAR/GlowingObjectMaterial.mat using Guid(bdeafde9051489e41b2bfaf9656cb6d1) Importer(815301076,1909f56bfc062723c751e8b465ee728b) [PhysX] Initialized MultithreadedTaskDispatcher with 8 workers.
[PhysX] Initialized MultithreadedTaskDispatcher with 8 workers.
 -> (artifact id: 'c184e8ff526558455f67ef0d45a2e33c') in 0.024113 seconds
Number of updated asset objects reloaded before import = 0
Number of asset objects unloaded after import = 1
========================================================================
Received Import Request.
  Time since last request: 0.000065 seconds.
  path: Assets/Materials/Old Materials/NEW YEAR/PumpMAUN.mat
  artifactKey: Guid(2a7526fa2968c244a897cac1f3849aac) Importer(815301076,1909f56bfc062723c751e8b465ee728b)
Start importing Assets/Materials/Old Materials/NEW YEAR/PumpMAUN.mat using Guid(2a7526fa2968c244a897cac1f3849aac) Importer(815301076,1909f56bfc062723c751e8b465ee728b) [PhysX] Initialized MultithreadedTaskDispatcher with 8 workers.
[PhysX] Initialized MultithreadedTaskDispatcher with 8 workers.
 -> (artifact id: 'c3132ff31ecd2e928ce5d47077e8d587') in 0.017522 seconds
Number of updated asset objects reloaded before import = 0
Number of asset objects unloaded after import = 1
========================================================================
Received Import Request.
  Time since last request: 0.000065 seconds.
  path: Assets/Materials/Old Materials/NEW YEAR/Svich.mat
  artifactKey: Guid(b563da87f6831194b97be464792ece04) Importer(815301076,1909f56bfc062723c751e8b465ee728b)
Start importing Assets/Materials/Old Materials/NEW YEAR/Svich.mat using Guid(b563da87f6831194b97be464792ece04) Importer(815301076,1909f56bfc062723c751e8b465ee728b) [PhysX] Initialized MultithreadedTaskDispatcher with 8 workers.
[PhysX] Initialized MultithreadedTaskDispatcher with 8 workers.
 -> (artifact id: '9d3ef85ccedb226f7e168f4856f3145a') in 0.018608 seconds
Number of updated asset objects reloaded before import = 0
Number of asset objects unloaded after import = 1
========================================================================
Received Import Request.
  Time since last request: 8.371595 seconds.
  path: Assets/Prefabs/New Prefabs/Tank1.prefab
  artifactKey: Guid(47f4f07135ff3364b93321f60529d693) Importer(815301076,1909f56bfc062723c751e8b465ee728b)
Start importing Assets/Prefabs/New Prefabs/Tank1.prefab using Guid(47f4f07135ff3364b93321f60529d693) Importer(815301076,1909f56bfc062723c751e8b465ee728b) [PhysX] Initialized MultithreadedTaskDispatcher with 8 workers.
[PhysX] Initialized MultithreadedTaskDispatcher with 8 workers.
Refreshing native plugins compatible for Editor in 11.20 ms, found 5 plugins.
Preloading 0 native plugins for Editor in 0.00 ms.
 -> (artifact id: '38a68f704ad8da86e875791b1bf3bd46') in 0.069882 seconds
Number of updated asset objects reloaded before import = 0
Number of asset objects unloaded after import = 49
========================================================================
Received Import Request.
  Time since last request: 0.000054 seconds.
  path: Assets/Prefabs/New Prefabs/Tank2 Variant.prefab
  artifactKey: Guid(a102b387dd718dc4389ac76831d0f262) Importer(815301076,1909f56bfc062723c751e8b465ee728b)
Start importing Assets/Prefabs/New Prefabs/Tank2 Variant.prefab using Guid(a102b387dd718dc4389ac76831d0f262) Importer(815301076,1909f56bfc062723c751e8b465ee728b) [PhysX] Initialized MultithreadedTaskDispatcher with 8 workers.
[PhysX] Initialized MultithreadedTaskDispatcher with 8 workers.
Refreshing native plugins compatible for Editor in 14.97 ms, found 5 plugins.
Preloading 0 native plugins for Editor in 0.00 ms.
 -> (artifact id: '5178e5868a96c80c6603a28c3a66a6fa') in 0.058446 seconds
Number of updated asset objects reloaded before import = 0
Number of asset objects unloaded after import = 81
========================================================================
Received Import Request.
  Time since last request: 0.000076 seconds.
  path: Assets/Prefabs/New Prefabs/Tank2 1.prefab
  artifactKey: Guid(bb3fa1b42b0c0094d83966bfefc771a0) Importer(815301076,1909f56bfc062723c751e8b465ee728b)
Start importing Assets/Prefabs/New Prefabs/Tank2 1.prefab using Guid(bb3fa1b42b0c0094d83966bfefc771a0) Importer(815301076,1909f56bfc062723c751e8b465ee728b) [PhysX] Initialized MultithreadedTaskDispatcher with 8 workers.
Refreshing native plugins compatible for Editor in 7.47 ms, found 5 plugins.
Preloading 0 native plugins for Editor in 0.00 ms.
[PhysX] Initialized MultithreadedTaskDispatcher with 8 workers.
 -> (artifact id: '99576d0ab820a80280737032e089ecba') in 0.043187 seconds
Number of updated asset objects reloaded before import = 0
Number of asset objects unloaded after import = 62
========================================================================
Received Import Request.
  Time since last request: 3.410520 seconds.
  path: Assets/Prefabs/New Prefabs/Tank1/bullets.prefab
  artifactKey: Guid(8f8a518a3c351d5498b2b88eee080d6b) Importer(815301076,1909f56bfc062723c751e8b465ee728b)
Start importing Assets/Prefabs/New Prefabs/Tank1/bullets.prefab using Guid(8f8a518a3c351d5498b2b88eee080d6b) Importer(815301076,1909f56bfc062723c751e8b465ee728b) [PhysX] Initialized MultithreadedTaskDispatcher with 8 workers.
[PhysX] Initialized MultithreadedTaskDispatcher with 8 workers.
Refreshing native plugins compatible for Editor in 8.36 ms, found 5 plugins.
Preloading 0 native plugins for Editor in 0.00 ms.
 -> (artifact id: '5dc647ea318c0b6e4c3d26fe668202b6') in 0.026740 seconds
Number of updated asset objects reloaded before import = 0
Number of asset objects unloaded after import = 30
========================================================================
Received Import Request.
  Time since last request: 1.401363 seconds.
  path: Assets/Prefabs/New Prefabs/Tank2
  artifactKey: Guid(8a657361f395b69449e858d41987898a) Importer(815301076,1909f56bfc062723c751e8b465ee728b)
Start importing Assets/Prefabs/New Prefabs/Tank2 using Guid(8a657361f395b69449e858d41987898a) Importer(815301076,1909f56bfc062723c751e8b465ee728b) [PhysX] Initialized MultithreadedTaskDispatcher with 8 workers.
 -> (artifact id: 'edcddfae00a97b7e8c19d5b7490d39be') in 0.001008 seconds
Number of updated asset objects reloaded before import = 0
Number of asset objects unloaded after import = 0
========================================================================
Received Import Request.
  Time since last request: 0.053870 seconds.
  path: Assets/Prefabs/New Prefabs/Tank2/bullets.prefab
  artifactKey: Guid(15061fd28c63c0e43bc5b98825c81fc4) Importer(815301076,1909f56bfc062723c751e8b465ee728b)
Start importing Assets/Prefabs/New Prefabs/Tank2/bullets.prefab using Guid(15061fd28c63c0e43bc5b98825c81fc4) Importer(815301076,1909f56bfc062723c751e8b465ee728b) [PhysX] Initialized MultithreadedTaskDispatcher with 8 workers.
[PhysX] Initialized MultithreadedTaskDispatcher with 8 workers.
Refreshing native plugins compatible for Editor in 10.41 ms, found 5 plugins.
Preloading 0 native plugins for Editor in 0.00 ms.
 -> (artifact id: 'f00e68e45e1f59009616b8187af83155') in 0.028577 seconds
Number of updated asset objects reloaded before import = 0
Number of asset objects unloaded after import = 30
========================================================================
Received Import Request.
  Time since last request: 37.743150 seconds.
  path: Assets/Prefabs/New Prefabs/Yellow Tank
  artifactKey: Guid(24d60bbb8d530c54383370852dc4be7b) Importer(815301076,1909f56bfc062723c751e8b465ee728b)
Start importing Assets/Prefabs/New Prefabs/Yellow Tank using Guid(24d60bbb8d530c54383370852dc4be7b) Importer(815301076,1909f56bfc062723c751e8b465ee728b) [PhysX] Initialized MultithreadedTaskDispatcher with 8 workers.
 -> (artifact id: 'b69e7478e1f59226153b68e4357bac32') in 0.000761 seconds
Number of updated asset objects reloaded before import = 0
Number of asset objects unloaded after import = 0
========================================================================
Received Import Request.
  Time since last request: 6.412968 seconds.
  path: Assets/Prefabs/New Prefabs/Blue Tank
  artifactKey: Guid(8a657361f395b69449e858d41987898a) Importer(815301076,1909f56bfc062723c751e8b465ee728b)
Start importing Assets/Prefabs/New Prefabs/Blue Tank using Guid(8a657361f395b69449e858d41987898a) Importer(815301076,1909f56bfc062723c751e8b465ee728b) [PhysX] Initialized MultithreadedTaskDispatcher with 8 workers.
 -> (artifact id: '78604af4b0a0b92140ea7eee467b95ed') in 0.000975 seconds
Number of updated asset objects reloaded before import = 0
Number of asset objects unloaded after import = 0
========================================================================
Received Import Request.
  Time since last request: 71.895285 seconds.
  path: Assets/Materials/New Materials/TrickShot
  artifactKey: Guid(d0fa227f6d41f2647a07bfa49548bc0d) Importer(815301076,1909f56bfc062723c751e8b465ee728b)
Start importing Assets/Materials/New Materials/TrickShot using Guid(d0fa227f6d41f2647a07bfa49548bc0d) Importer(815301076,1909f56bfc062723c751e8b465ee728b) [PhysX] Initialized MultithreadedTaskDispatcher with 8 workers.
 -> (artifact id: '3a14eca880b4c7ce57df7416f77591b7') in 0.001200 seconds
Number of updated asset objects reloaded before import = 0
Number of asset objects unloaded after import = 0
========================================================================
Received Import Request.
  Time since last request: 3.545176 seconds.
  path: Assets/Materials/New Materials/Tank Yellow/bullets.mat
  artifactKey: Guid(99525067e8d51084b8d4d8a7a31e357d) Importer(815301076,1909f56bfc062723c751e8b465ee728b)
Start importing Assets/Materials/New Materials/Tank Yellow/bullets.mat using Guid(99525067e8d51084b8d4d8a7a31e357d) Importer(815301076,1909f56bfc062723c751e8b465ee728b) [PhysX] Initialized MultithreadedTaskDispatcher with 8 workers.
[PhysX] Initialized MultithreadedTaskDispatcher with 8 workers.
 -> (artifact id: '97d14cf67ee4624a9a8b4ca8c83b1755') in 0.014042 seconds
Number of updated asset objects reloaded before import = 0
Number of asset objects unloaded after import = 1
========================================================================
Received Import Request.
  Time since last request: 19.546414 seconds.
  path: Assets/Materials/New Materials/Tank Blue/bullets.mat
  artifactKey: Guid(e2f01856b716a224ab5062ff4f18d7a7) Importer(815301076,1909f56bfc062723c751e8b465ee728b)
Start importing Assets/Materials/New Materials/Tank Blue/bullets.mat using Guid(e2f01856b716a224ab5062ff4f18d7a7) Importer(815301076,1909f56bfc062723c751e8b465ee728b) [PhysX] Initialized MultithreadedTaskDispatcher with 8 workers.
[PhysX] Initialized MultithreadedTaskDispatcher with 8 workers.
 -> (artifact id: 'f75eb3e0d16e6f238e8df3d4978c4d5b') in 0.014367 seconds
Number of updated asset objects reloaded before import = 0
Number of asset objects unloaded after import = 1
========================================================================
Received Import Request.
  Time since last request: 26.743622 seconds.
  path: Assets/Models/New Models/Tank1.prefab
  artifactKey: Guid(0bd06101622c1614587daada13755dbf) Importer(815301076,1909f56bfc062723c751e8b465ee728b)
Start importing Assets/Models/New Models/Tank1.prefab using Guid(0bd06101622c1614587daada13755dbf) Importer(815301076,1909f56bfc062723c751e8b465ee728b) [PhysX] Initialized MultithreadedTaskDispatcher with 8 workers.
[PhysX] Initialized MultithreadedTaskDispatcher with 8 workers.
 -> (artifact id: '25ef572d32c4d83ef9aa12131ef3bf56') in 0.027805 seconds
Number of updated asset objects reloaded before import = 0
Number of asset objects unloaded after import = 18
========================================================================
Received Import Request.
  Time since last request: 111.036048 seconds.
  path: Assets/Prefabs/Old Prefabs/default.prefab
  artifactKey: Guid(a4afa1d28d36d1f4c8abb1b3dabe503d) Importer(815301076,1909f56bfc062723c751e8b465ee728b)
Start importing Assets/Prefabs/Old Prefabs/default.prefab using Guid(a4afa1d28d36d1f4c8abb1b3dabe503d) Importer(815301076,1909f56bfc062723c751e8b465ee728b) [PhysX] Initialized MultithreadedTaskDispatcher with 8 workers.
[PhysX] Initialized MultithreadedTaskDispatcher with 8 workers.
 -> (artifact id: '7c84db3532100abaffae69074db68416') in 0.022690 seconds
Number of updated asset objects reloaded before import = 0
Number of asset objects unloaded after import = 9
========================================================================
Received Import Request.
  Time since last request: 0.043645 seconds.
  path: Assets/Prefabs/Old Prefabs/pulya 1 Variant.prefab
  artifactKey: Guid(12fd9a156ab7d99459e00004ae05d4c1) Importer(815301076,1909f56bfc062723c751e8b465ee728b)
Start importing Assets/Prefabs/Old Prefabs/pulya 1 Variant.prefab using Guid(12fd9a156ab7d99459e00004ae05d4c1) Importer(815301076,1909f56bfc062723c751e8b465ee728b) [PhysX] Initialized MultithreadedTaskDispatcher with 8 workers.
[PhysX] Initialized MultithreadedTaskDispatcher with 8 workers.
Refreshing native plugins compatible for Editor in 14.40 ms, found 5 plugins.
Preloading 0 native plugins for Editor in 0.00 ms.
 -> (artifact id: 'b8e43b77863a7bc06d9969ff13bd0a14') in 0.031812 seconds
Number of updated asset objects reloaded before import = 0
Number of asset objects unloaded after import = 30
========================================================================
Received Import Request.
  Time since last request: 0.000042 seconds.
  path: Assets/Prefabs/Old Prefabs/Tank1 Variant.prefab
  artifactKey: Guid(3bae81e493fe52e4cbc7374b610f6edf) Importer(815301076,1909f56bfc062723c751e8b465ee728b)
Start importing Assets/Prefabs/Old Prefabs/Tank1 Variant.prefab using Guid(3bae81e493fe52e4cbc7374b610f6edf) Importer(815301076,1909f56bfc062723c751e8b465ee728b) [PhysX] Initialized MultithreadedTaskDispatcher with 8 workers.
Refreshing native plugins compatible for Editor in 8.46 ms, found 5 plugins.
Preloading 0 native plugins for Editor in 0.00 ms.
[PhysX] Initialized MultithreadedTaskDispatcher with 8 workers.
 -> (artifact id: '33463a7e3446c3d89a2f7de463330469') in 0.040464 seconds
Number of updated asset objects reloaded before import = 0
Number of asset objects unloaded after import = 66
========================================================================
Received Import Request.
  Time since last request: 0.000061 seconds.
  path: Assets/Prefabs/Old Prefabs/Tank1.prefab
  artifactKey: Guid(9e7b20f35c78fcb44ae8c72371ad92e0) Importer(815301076,1909f56bfc062723c751e8b465ee728b)
Start importing Assets/Prefabs/Old Prefabs/Tank1.prefab using Guid(9e7b20f35c78fcb44ae8c72371ad92e0) Importer(815301076,1909f56bfc062723c751e8b465ee728b) [PhysX] Initialized MultithreadedTaskDispatcher with 8 workers.
[PhysX] Initialized MultithreadedTaskDispatcher with 8 workers.
Refreshing native plugins compatible for Editor in 12.02 ms, found 5 plugins.
Preloading 0 native plugins for Editor in 0.00 ms.
 -> (artifact id: '8b0a77e25aa597bd1f5a5c61395a1a81') in 0.042047 seconds
Number of updated asset objects reloaded before import = 0
Number of asset objects unloaded after import = 49
========================================================================
Received Import Request.
  Time since last request: 0.000043 seconds.
  path: Assets/Prefabs/Old Prefabs/REDTANK.prefab
  artifactKey: Guid(d1a5958b07b6b3d408911f41701fd903) Importer(815301076,1909f56bfc062723c751e8b465ee728b)
Start importing Assets/Prefabs/Old Prefabs/REDTANK.prefab using Guid(d1a5958b07b6b3d408911f41701fd903) Importer(815301076,1909f56bfc062723c751e8b465ee728b) [PhysX] Initialized MultithreadedTaskDispatcher with 8 workers.
Refreshing native plugins compatible for Editor in 8.98 ms, found 5 plugins.
Preloading 0 native plugins for Editor in 0.00 ms.
[PhysX] Initialized MultithreadedTaskDispatcher with 8 workers.
 -> (artifact id: 'f4b304c4e0cccb1bcfc06ccb1e0e92b8') in 0.049186 seconds
Number of updated asset objects reloaded before import = 0
Number of asset objects unloaded after import = 48
========================================================================
Received Prepare
Caller must complete domain reload
Begin MonoManager ReloadAssembly
- Loaded All Assemblies, in  2.580 seconds
Native extension for WindowsStandalone target not found
Mono: successfully reloaded assembly
- Finished resetting the current domain, in  4.050 seconds
Domain Reload Profiling: 6650ms
	BeginReloadAssembly (1156ms)
		ExecutionOrderSort (0ms)
		DisableScriptedObjects (76ms)
		BackupInstance (0ms)
		ReleaseScriptingObjects (1ms)
		CreateAndSetChildDomain (622ms)
	RebuildCommonClasses (47ms)
	RebuildNativeTypeToScriptingClass (13ms)
	initialDomainReloadingComplete (51ms)
	LoadAllAssembliesAndSetupDomain (1332ms)
		LoadAssemblies (1394ms)
		RebuildTransferFunctionScriptingTraits (0ms)
		AnalyzeDomain (209ms)
			TypeCache.Refresh (100ms)
				TypeCache.ScanAssembly (3ms)
			ScanForSourceGeneratedMonoScriptInfo (80ms)
			ResolveRequiredComponents (26ms)
	FinalizeReload (4051ms)
		ReleaseScriptCaches (0ms)
		RebuildScriptCaches (0ms)
		SetupLoadedEditorAssemblies (1139ms)
			LogAssemblyErrors (0ms)
			InitializePlatformSupportModulesInManaged (16ms)
			SetLoadedEditorAssemblies (8ms)
			RefreshPlugins (0ms)
			BeforeProcessingInitializeOnLoad (146ms)
			ProcessInitializeOnLoadAttributes (811ms)
			ProcessInitializeOnLoadMethodAttributes (149ms)
			AfterProcessingInitializeOnLoad (8ms)
			EditorAssembliesLoaded (1ms)
		ExecutionOrderSort2 (0ms)
		AwakeInstancesAfterBackupRestoration (17ms)
Refreshing native plugins compatible for Editor in 16.55 ms, found 5 plugins.
Preloading 0 native plugins for Editor in 0.00 ms.
Unloading 6192 Unused Serialized files (Serialized files now loaded: 0)
Unloading 51 unused Assets / (3.4 MB). Loaded Objects now: 6936.
Memory consumption went from 206.8 MB to 203.4 MB.
Total: 9.865100 ms (FindLiveObjects: 0.822600 ms CreateObjectMapping: 0.608000 ms MarkObjects: 6.545200 ms  DeleteObjects: 1.887400 ms)

Prepare: number of updated asset objects reloaded= 0
AssetImportParameters requested are different than current active one (requested -> active):
  custom:scripting/monoscript/fileName/MenuController1.cs: 74708584f0cd1c350bbe5f4640cf905a -> f98156acb6c9b62b4aff1540a104a198
  custom:container-demuxer-ogg: 62fdf1f143b41e24485cea50d1cbac27 -> 
  custom:scripting/monoscript/fileName/GameManager.cs: 7330a4a90ab8c216a80d8a157c1bb74e -> 9933fbcc6190e2a9171c2ec8808a053e
  custom:video-decoder-ogg-theora: a1e56fd34408186e4bbccfd4996cb3dc -> 
  custom:framework-win-MediaFoundation: 216162199b28c13a410421893ffa2e32 -> 
  custom:CustomObjectIndexerAttribute: 9a22284fe3817be447336de3de66b15e -> 
  custom:container-demuxer-webm: 4f35f7cbe854078d1ac9338744f61a02 -> 
  custom:scripting/monoscript/fileName/TankController.cs: 841f32a3f68bcffad3d229c3d25488a0 -> 7ea067224430afc41f2464c387741868
  custom:scripting/monoscript/fileName/MainMenuController.cs: 92edc92119dbfc5495eed60d7e70c52e -> dc27e55ad6a0f2eb5a5212e8108cae21
  custom:container-muxer-webm: aa71ff27fc2769a1b78a27578f13a17b -> 
  custom:video-decoder-webm-vp8: 9c59270c3fd7afecdb556c50c9e8de78 -> 
  custom:SearchIndexIgnoredProperties: e643bd26f0fe6173181afceb89e7c659 -> 
  custom:AudioImporter_EditorPlatform: d09bf68614088b80899f8185d706f6e7 -> 
  custom:scripting/monoscript/fileName/TankRotation.cs: e3b16acb69a8449a3157760b283dbfde -> 7e831cd3de400183a04c85d1d6e3bed4
  custom:video-encoder-webm-vp8: eb34c28f22e8b96e1ab97ce403110664 -> 
  custom:scripting/monoscript/fileName/ButtonSound.cs: 1be63b648147fad5ebd57f3efdb64abe -> d73cf73b297d33e10c74b31e39dd7781
  custom:audio-decoder-ogg-vorbis: bf7c407c2cedff20999df2af8eb42d56 -> 
  custom:scripting/monoscript/fileName/Bullet.cs: 8a4c6cde67dc77cce90b30d03ab59176 -> a4f5918e799041ba1f6608f13912eb8b
  custom:audio-encoder-webm-vorbis: bf7c407c2cedff20999df2af8eb42d56 -> 
  custom:scripting/precompiled-assembly-types:Assembly-CSharp: aa00835cbd252f4488abbe8e3b976f66 -> 306c2f135be0cc799805a6167caa4d49
========================================================================
Received Prepare
Caller must complete domain reload
Begin MonoManager ReloadAssembly
- Loaded All Assemblies, in  1.142 seconds
Native extension for WindowsStandalone target not found
Mono: successfully reloaded assembly
- Finished resetting the current domain, in  3.433 seconds
Domain Reload Profiling: 4572ms
	BeginReloadAssembly (251ms)
		ExecutionOrderSort (0ms)
		DisableScriptedObjects (12ms)
		BackupInstance (0ms)
		ReleaseScriptingObjects (0ms)
		CreateAndSetChildDomain (61ms)
	RebuildCommonClasses (40ms)
	RebuildNativeTypeToScriptingClass (14ms)
	initialDomainReloadingComplete (42ms)
	LoadAllAssembliesAndSetupDomain (792ms)
		LoadAssemblies (897ms)
		RebuildTransferFunctionScriptingTraits (0ms)
		AnalyzeDomain (28ms)
			TypeCache.Refresh (12ms)
				TypeCache.ScanAssembly (0ms)
			ScanForSourceGeneratedMonoScriptInfo (1ms)
			ResolveRequiredComponents (14ms)
	FinalizeReload (3434ms)
		ReleaseScriptCaches (0ms)
		RebuildScriptCaches (0ms)
		SetupLoadedEditorAssemblies (1081ms)
			LogAssemblyErrors (0ms)
			InitializePlatformSupportModulesInManaged (9ms)
			SetLoadedEditorAssemblies (8ms)
			RefreshPlugins (0ms)
			BeforeProcessingInitializeOnLoad (154ms)
			ProcessInitializeOnLoadAttributes (787ms)
			ProcessInitializeOnLoadMethodAttributes (113ms)
			AfterProcessingInitializeOnLoad (9ms)
			EditorAssembliesLoaded (1ms)
		ExecutionOrderSort2 (0ms)
		AwakeInstancesAfterBackupRestoration (18ms)
Refreshing native plugins compatible for Editor in 12.98 ms, found 5 plugins.
Preloading 0 native plugins for Editor in 0.00 ms.
Unloading 6192 Unused Serialized files (Serialized files now loaded: 0)
Unloading 49 unused Assets / (3.4 MB). Loaded Objects now: 6952.
Memory consumption went from 206.8 MB to 203.4 MB.
Total: 9.807300 ms (FindLiveObjects: 1.189000 ms CreateObjectMapping: 0.403400 ms MarkObjects: 6.143800 ms  DeleteObjects: 2.068800 ms)

Prepare: number of updated asset objects reloaded= 0
AssetImportParameters requested are different than current active one (requested -> active):
  custom:scripting/monoscript/fileName/MenuController1.cs: 74708584f0cd1c350bbe5f4640cf905a -> f98156acb6c9b62b4aff1540a104a198
  custom:container-demuxer-ogg: 62fdf1f143b41e24485cea50d1cbac27 -> 
  custom:scripting/monoscript/fileName/GameManager.cs: 7330a4a90ab8c216a80d8a157c1bb74e -> 9933fbcc6190e2a9171c2ec8808a053e
  custom:video-decoder-ogg-theora: a1e56fd34408186e4bbccfd4996cb3dc -> 
  custom:framework-win-MediaFoundation: 216162199b28c13a410421893ffa2e32 -> 
  custom:CustomObjectIndexerAttribute: 9a22284fe3817be447336de3de66b15e -> 
  custom:container-demuxer-webm: 4f35f7cbe854078d1ac9338744f61a02 -> 
  custom:scripting/monoscript/fileName/TankController.cs: 841f32a3f68bcffad3d229c3d25488a0 -> 7ea067224430afc41f2464c387741868
  custom:scripting/monoscript/fileName/MainMenuController.cs: 92edc92119dbfc5495eed60d7e70c52e -> dc27e55ad6a0f2eb5a5212e8108cae21
  custom:container-muxer-webm: aa71ff27fc2769a1b78a27578f13a17b -> 
  custom:video-decoder-webm-vp8: 9c59270c3fd7afecdb556c50c9e8de78 -> 
  custom:SearchIndexIgnoredProperties: e643bd26f0fe6173181afceb89e7c659 -> 
  custom:AudioImporter_EditorPlatform: d09bf68614088b80899f8185d706f6e7 -> 
  custom:scripting/monoscript/fileName/TankRotation.cs: e3b16acb69a8449a3157760b283dbfde -> 7e831cd3de400183a04c85d1d6e3bed4
  custom:video-encoder-webm-vp8: eb34c28f22e8b96e1ab97ce403110664 -> 
  custom:scripting/monoscript/fileName/ButtonSound.cs: 1be63b648147fad5ebd57f3efdb64abe -> d73cf73b297d33e10c74b31e39dd7781
  custom:audio-decoder-ogg-vorbis: bf7c407c2cedff20999df2af8eb42d56 -> 
  custom:scripting/monoscript/fileName/Bullet.cs: 8a4c6cde67dc77cce90b30d03ab59176 -> a4f5918e799041ba1f6608f13912eb8b
  custom:audio-encoder-webm-vorbis: bf7c407c2cedff20999df2af8eb42d56 -> 
  custom:scripting/precompiled-assembly-types:Assembly-CSharp: aa00835cbd252f4488abbe8e3b976f66 -> 306c2f135be0cc799805a6167caa4d49
========================================================================
Received Import Request.
  Time since last request: 463.691763 seconds.
  path: Assets/Fonts
  artifactKey: Guid(62b4d9f3bec9da540b941187184cb783) Importer(815301076,1909f56bfc062723c751e8b465ee728b)
Start importing Assets/Fonts using Guid(62b4d9f3bec9da540b941187184cb783) Importer(815301076,1909f56bfc062723c751e8b465ee728b) [PhysX] Initialized MultithreadedTaskDispatcher with 8 workers.
 -> (artifact id: '94c25ae76635a2d14e8698c3f133eaed') in 0.004593 seconds
Number of updated asset objects reloaded before import = 0
Number of asset objects unloaded after import = 0
