# Blender 4.3.2
# www.blender.org
mtllib gift.mtl
o Cube
v 1.000000 1.000000 -1.000000
v 1.000000 -1.000000 -1.000000
v 1.000000 1.000000 1.000000
v 1.000000 -1.000000 1.000000
v -1.000000 1.000000 -1.000000
v -1.000000 -1.000000 -1.000000
v -1.000000 1.000000 1.000000
v -1.000000 -1.000000 1.000000
v 1.000000 0.527631 -1.000000
v -1.000000 0.527631 1.000000
v 1.000000 0.527631 1.000000
v -1.000000 0.527631 -1.000000
v -1.109564 0.527631 1.109564
v -1.109564 1.000000 1.109564
v 1.109564 1.000000 1.109564
v 1.109564 1.000000 -1.109564
v -1.109564 1.000000 -1.109564
v 1.109564 0.527631 -1.109564
v 1.109564 0.527631 1.109564
v -1.109564 0.527631 -1.109564
v 0.337935 -1.000000 -1.000000
v -0.328732 -1.000000 -1.000000
v 0.337935 1.000000 1.000000
v -0.328732 1.000000 1.000000
v -0.328732 -1.000000 1.000000
v 0.337935 -1.000000 1.000000
v -0.328732 1.000000 -1.000000
v 0.337935 1.000000 -1.000000
v -0.328732 0.527631 -1.000000
v 0.337935 0.527631 -1.000000
v 0.337935 0.527631 1.000000
v -0.328732 0.527631 1.000000
v 0.374960 1.000000 1.109564
v -0.364749 1.000000 1.109564
v -0.364749 1.000000 -1.109564
v 0.374960 1.000000 -1.109564
v -0.364749 0.527631 -1.109564
v 0.374960 0.527631 -1.109564
v 0.374960 0.527631 1.109564
v -0.364749 0.527631 1.109564
v -1.000000 -1.000000 -0.340624
v -1.000000 -1.000000 0.326043
v 1.000000 1.000000 -0.340624
v 1.000000 1.000000 0.326043
v -1.000000 1.000000 0.326043
v -1.000000 1.000000 -0.340624
v 1.000000 -1.000000 0.326043
v 1.000000 -1.000000 -0.340624
v 1.000000 0.527631 -0.340624
v 1.000000 0.527631 0.326043
v -1.000000 0.527631 0.326043
v -1.000000 0.527631 -0.340624
v 1.109564 1.000000 -0.377944
v 1.109564 1.000000 0.361765
v -1.109564 1.000000 0.361765
v -1.109564 1.000000 -0.377944
v 1.109564 0.527631 -0.377944
v 1.109564 0.527631 0.361765
v -1.109564 0.527631 0.361765
v -1.109564 0.527631 -0.377944
v -0.328732 -1.000000 -0.340624
v -0.328732 -1.000000 0.326043
v 0.337935 -1.000000 -0.340624
v 0.337935 -1.000000 0.326043
v 0.337935 1.000000 -0.340624
v 0.337935 1.000000 0.326043
v -0.328732 1.000000 -0.340624
v -0.328732 1.000000 0.326043
v 0.337935 -1.000000 -1.030973
v -0.328732 -1.000000 -1.030973
v 0.337935 1.030973 1.000000
v -0.328732 1.030973 1.000000
v -0.328732 -1.000000 1.030973
v 0.337935 -1.000000 1.030973
v -0.328732 1.030973 -1.000000
v 0.337935 1.030973 -1.000000
v -0.328732 0.503819 -1.019807
v 0.337935 0.503776 -1.019756
v 0.337935 0.503776 1.019756
v -0.328732 0.503819 1.019807
v 0.374960 1.019238 1.133839
v -0.364749 1.019316 1.133776
v -0.364749 1.019316 -1.133776
v 0.374960 1.019238 -1.133839
v -0.364749 0.508315 -1.133776
v 0.374960 0.508393 -1.133839
v 0.374960 0.508393 1.133839
v -0.364749 0.508315 1.133776
v 0.337935 1.030973 0.326043
v -0.328732 1.030973 0.326043
v -1.030973 -1.000000 -0.340624
v -1.030973 -1.000000 0.326043
v 1.000000 1.030973 -0.340624
v 1.000000 1.030973 0.326043
v -1.000000 1.030973 0.326043
v -1.000000 1.030973 -0.340624
v 1.030973 -1.000000 0.326043
v 1.030973 -1.000000 -0.340624
v 1.019741 0.503764 -0.340624
v 1.019822 0.503831 0.326043
v -1.019822 0.503831 0.326043
v -1.019741 0.503764 -0.340624
v 1.133857 1.019215 -0.377944
v 1.133758 1.019339 0.361765
v -1.133758 1.019339 0.361765
v -1.133857 1.019215 -0.377944
v 1.133857 0.508416 -0.377944
v 1.133758 0.508292 0.361765
v -1.133758 0.508292 0.361765
v -1.133857 0.508416 -0.377944
v 0.337935 1.030973 -0.340624
v -0.328732 1.030973 -0.340624
vn -0.0000 1.0000 -0.0000
vn -0.0000 -1.0000 -0.0000
vn -0.0000 -0.0000 -1.0000
vn 1.0000 -0.0000 -0.0000
vn -1.0000 -0.0000 -0.0000
vn -0.0000 -0.0000 1.0000
vn -0.2960 -0.3026 -0.9060
vn 0.9072 -0.3006 -0.2942
vn 0.9072 -0.3006 0.2942
vn -0.2859 -0.2918 0.9127
vn -0.9115 -0.2938 -0.2878
vn 0.2859 -0.2918 0.9127
vn -0.9521 0.1326 -0.2755
vn 0.2960 -0.3026 -0.9060
vn 0.9496 0.1365 -0.2823
vn 0.2843 0.1376 -0.9488
vn 0.2735 0.1315 0.9528
vn 0.0001 0.9962 0.0871
vn -0.0000 -0.9992 0.0399
vn 0.0001 0.9962 -0.0871
vn -0.0001 -0.0000 -1.0000
vn -0.0001 -0.0000 1.0000
vn -0.0000 0.0074 1.0000
vn -0.0000 0.0074 -1.0000
vn -0.0000 -0.9992 -0.0399
vn 0.0399 -0.9992 -0.0000
vn 1.0000 -0.0000 0.0001
vn -1.0000 -0.0000 0.0001
vn -1.0000 0.0074 -0.0001
vn 1.0000 0.0074 -0.0001
vn -0.0871 0.9962 -0.0001
vn -0.0399 -0.9992 -0.0000
vn 0.0871 0.9962 -0.0001
vn -0.9115 -0.2938 0.2878
vn -0.9521 0.1326 0.2755
vn -0.2843 0.1376 -0.9488
vn 0.9496 0.1365 0.2823
vn -0.2735 0.1315 0.9528
vt 0.791091 0.665755
vt 0.875000 0.665755
vt 0.875000 0.750000
vt 0.791092 0.750000
vt 0.565954 0.333908
vt 0.565954 0.250000
vt 0.565954 0.333908
vt 0.625000 0.665755
vt 0.625000 0.750000
vt 0.625000 0.665755
vt 0.292242 0.665755
vt 0.375000 0.665755
vt 0.375000 0.750000
vt 0.292242 0.750000
vt 0.565954 0.084245
vt 0.565954 0.000000
vt 0.565954 0.084245
vt 0.875000 0.582422
vt 0.875000 0.500000
vt 0.375000 0.417242
vt 0.565954 0.417242
vt 0.565954 0.500000
vt 0.375000 0.500000
vt 0.565954 0.665755
vt 0.565954 0.750000
vt 0.375000 0.167578
vt 0.565954 0.167578
vt 0.375000 0.250000
vt 0.375000 0.916091
vt 0.565954 0.916091
vt 0.565954 1.000000
vt 0.375000 1.000000
vt 0.565954 0.916091
vt 0.625000 0.916091
vt 0.625000 1.000000
vt 0.625000 0.167578
vt 0.625000 0.250000
vt 0.565954 0.665755
vt 0.565954 0.417242
vt 0.625000 0.417242
vt 0.625000 0.500000
vt 0.707758 0.500000
vt 0.707758 0.500000
vt 0.565954 0.832758
vt 0.565954 0.832758
vt 0.565954 0.582422
vt 0.565954 0.582422
vt 0.791091 0.750000
vt 0.707758 0.750000
vt 0.707758 0.750000
vt 0.791092 0.500000
vt 0.791091 0.500000
vt 0.625000 0.333908
vt 0.625000 0.832758
vt 0.375000 0.832758
vt 0.375000 0.333908
vt 0.125000 0.665755
vt 0.208908 0.665755
vt 0.208909 0.750000
vt 0.125000 0.750000
vt 0.707758 0.665755
vt 0.375000 0.582422
vt 0.707758 0.582422
vt 0.625000 0.582422
vt 0.208909 0.500000
vt 0.292242 0.500000
vt 0.292242 0.582422
vt 0.208908 0.582422
vt 0.125000 0.500000
vt 0.125000 0.582422
vt 0.875000 0.665755
vt 0.625000 0.000000
vt 0.625000 0.084245
vt 0.375000 0.000000
vt 0.375000 0.084245
vt 0.791091 0.582422
s 0
usemtl Material
f 49/46/7 57/47/7 107/47/7 99/46/7
f 31/44/8 39/45/8 87/45/8 79/44/8
f 38/39/9 30/21/9 78/21/9 86/39/9
f 58/38/10 50/24/10 100/24/10 108/38/10
f 40/33/11 32/30/11 80/30/11 88/33/11
f 51/15/12 59/17/12 109/17/12 101/15/12
f 24/4/13 34/48/13 82/48/13 72/4/13
f 62/58/2 64/11/2 26/14/2 25/59/2
f 60/27/14 52/27/14 102/27/14 110/27/14
f 47/12/2 48/62/2 98/62/2 97/12/2
f 33/50/15 23/49/15 71/49/15 81/50/15
f 46/18/16 56/18/16 106/18/16 96/18/16
f 30/21/4 21/20/4 69/20/4 78/21/4
f 22/65/2 21/66/2 63/67/2 61/68/2
f 61/68/2 63/67/2 64/11/2 62/58/2
f 41/70/2 61/68/2 62/58/2 42/57/2
f 55/71/17 45/2/17 95/2/17 105/71/17
f 22/56/5 29/5/5 77/5/5 70/56/5
f 25/59/2 26/14/2 74/14/2 73/59/2
f 50/24/6 47/12/6 97/12/6 100/24/6
f 32/30/5 25/29/5 73/29/5 80/30/5
f 66/61/6 44/8/6 94/8/6 89/61/6
f 48/62/3 49/46/3 99/46/3 98/62/3
f 63/67/2 48/62/2 47/12/2 64/11/2
f 26/55/4 31/44/4 79/44/4 74/55/4
f 43/64/3 65/63/3 111/63/3 93/64/3
f 71/49/18 72/4/18 82/48/18 81/50/18
f 80/30/19 79/44/19 87/45/19 88/33/19
f 75/51/20 76/42/20 84/43/20 83/52/20
f 85/7/21 83/53/21 84/40/21 86/39/21
f 87/45/22 81/54/22 82/34/22 88/33/22
f 74/55/23 79/44/23 80/30/23 73/29/23
f 70/56/24 77/5/24 78/21/24 69/20/24
f 78/21/25 77/5/25 85/7/25 86/39/25
f 89/61/1 90/1/1 72/4/1 71/49/1
f 76/42/1 75/51/1 112/76/1 111/63/1
f 111/63/1 112/76/1 90/1/1 89/61/1
f 93/64/1 111/63/1 89/61/1 94/8/1
f 100/24/26 99/46/26 107/47/26 108/38/26
f 107/47/27 103/64/27 104/10/27 108/38/27
f 109/17/28 105/73/28 106/36/28 110/27/28
f 92/75/29 101/15/29 102/27/29 91/26/29
f 98/62/30 99/46/30 100/24/30 97/12/30
f 95/2/31 96/18/31 106/18/31 105/71/31
f 102/27/32 101/15/32 109/17/32 110/27/32
f 93/64/33 94/8/33 104/10/33 103/64/33
f 112/76/1 96/18/1 95/2/1 90/1/1
f 29/5/34 37/7/34 85/7/34 77/5/34
f 65/63/4 28/42/4 76/42/4 111/63/4
f 35/52/35 27/51/35 75/51/35 83/52/35
f 57/47/3 53/64/3 103/64/3 107/47/3
f 23/49/4 66/61/4 89/61/4 71/49/4
f 53/64/36 43/64/36 93/64/36 103/64/36
f 28/42/37 36/43/37 84/43/37 76/42/37
f 54/10/6 58/38/6 108/38/6 104/10/6
f 68/1/5 24/4/5 72/4/5 90/1/5
f 27/51/5 67/76/5 112/76/5 75/51/5
f 44/8/38 54/10/38 104/10/38 94/8/38
f 37/7/5 35/53/5 83/53/5 85/7/5
f 59/17/6 55/73/6 105/73/6 109/17/6
f 67/76/3 46/18/3 96/18/3 112/76/3
f 36/40/4 38/39/4 86/39/4 84/40/4
f 56/36/3 60/27/3 110/27/3 106/36/3
f 41/70/2 42/57/2 92/57/2 91/70/2
f 21/66/2 22/65/2 70/65/2 69/66/2
f 45/2/6 68/1/6 90/1/6 95/2/6
f 39/45/4 33/54/4 81/54/4 87/45/4
f 42/75/6 51/15/6 101/15/6 92/75/6
f 34/34/5 40/33/5 88/33/5 82/34/5
f 52/27/3 41/26/3 91/26/3 102/27/3
usemtl Матеріал
f 68/1/1 45/2/1 7/3/1 24/4/1
f 29/5/2 12/6/2 20/6/2 37/7/2
f 44/8/1 3/9/1 15/9/1 54/10/1
f 64/11/2 47/12/2 4/13/2 26/14/2
f 51/15/2 10/16/2 13/16/2 59/17/2
f 46/18/1 5/19/1 17/19/1 56/18/1
f 21/20/3 30/21/3 9/22/3 2/23/3
f 47/12/4 50/24/4 11/25/4 4/13/4
f 41/26/5 52/27/5 12/6/5 6/28/5
f 25/29/6 32/30/6 10/31/6 8/32/6
f 40/33/6 34/34/6 14/35/6 13/31/6
f 60/27/5 56/36/5 17/37/5 20/6/5
f 58/38/4 54/10/4 15/9/4 19/25/4
f 38/39/3 36/40/3 16/41/3 18/22/3
f 28/42/1 1/41/1 16/41/1 36/43/1
f 31/44/2 11/25/2 19/25/2 39/45/2
f 49/46/2 9/22/2 18/22/2 57/47/2
f 24/4/1 7/3/1 14/3/1 34/48/1
f 3/9/1 23/49/1 33/50/1 15/9/1
f 10/31/2 32/30/2 40/33/2 13/31/2
f 5/19/1 27/51/1 35/52/1 17/19/1
f 20/6/3 17/37/3 35/53/3 37/7/3
f 19/25/6 15/9/6 33/54/6 39/45/6
f 4/13/6 11/25/6 31/44/6 26/55/6
f 6/28/3 12/6/3 29/5/3 22/56/3
f 42/57/2 62/58/2 25/59/2 8/60/2
f 9/22/2 30/21/2 38/39/2 18/22/2
f 44/8/1 66/61/1 23/49/1 3/9/1
f 1/41/1 28/42/1 65/63/1 43/64/1
f 6/69/2 22/65/2 61/68/2 41/70/2
f 11/25/2 50/24/2 58/38/2 19/25/2
f 18/22/4 16/41/4 53/64/4 57/47/4
f 13/16/5 14/72/5 55/73/5 59/17/5
f 8/74/5 10/16/5 51/15/5 42/75/5
f 2/23/4 9/22/4 49/46/4 48/62/4
f 7/3/1 45/2/1 55/71/1 14/3/1
f 12/6/2 52/27/2 60/27/2 20/6/2
f 21/66/2 2/23/2 48/62/2 63/67/2
f 1/41/1 43/64/1 53/64/1 16/41/1
f 27/51/1 5/19/1 46/18/1 67/76/1
o BézierCircle
v -0.426233 1.044340 -0.157035
v -0.426404 1.041446 -0.156576
v -0.426559 1.038836 -0.155244
v -0.426681 1.036765 -0.153169
v -0.426760 1.035435 -0.150555
v -0.426787 1.034977 -0.147657
v -0.426787 1.034977 0.133705
v -0.426760 1.035435 0.136603
v -0.426681 1.036765 0.139217
v -0.426559 1.038836 0.141292
v -0.426404 1.041446 0.142624
v -0.426233 1.044340 0.143083
v -0.426061 1.047233 0.142624
v -0.425907 1.049843 0.141292
v -0.425784 1.051914 0.139217
v -0.425705 1.053244 0.136603
v -0.425678 1.053702 0.133705
v -0.425678 1.053702 -0.147657
v -0.425705 1.053244 -0.150555
v -0.425784 1.051914 -0.153169
v -0.425907 1.049842 -0.155244
v -0.426061 1.047233 -0.156576
v -0.642987 1.056339 -0.157035
v -0.643498 1.053486 -0.156576
v -0.643958 1.050912 -0.155244
v -0.644324 1.048870 -0.153169
v -0.644559 1.047559 -0.150555
v -0.644640 1.047107 -0.147657
v -0.644640 1.047107 0.133705
v -0.644559 1.047559 0.136603
v -0.644324 1.048870 0.139217
v -0.643958 1.050912 0.141292
v -0.643498 1.053486 0.142624
v -0.642987 1.056339 0.143083
v -0.642476 1.059192 0.142624
v -0.642015 1.061765 0.141292
v -0.641650 1.063808 0.139217
v -0.641415 1.065119 0.136603
v -0.641334 1.065571 0.133705
v -0.641334 1.065571 -0.147657
v -0.641415 1.065119 -0.150555
v -0.641650 1.063808 -0.153169
v -0.642016 1.061765 -0.155244
v -0.642476 1.059192 -0.156576
v -0.822629 1.111709 -0.157035
v -0.824814 1.109805 -0.156576
v -0.826785 1.108087 -0.155244
v -0.828349 1.106724 -0.153169
v -0.829353 1.105849 -0.150555
v -0.829699 1.105547 -0.147657
v -0.829699 1.105547 0.133705
v -0.829353 1.105849 0.136603
v -0.828349 1.106724 0.139217
v -0.826785 1.108087 0.141292
v -0.824814 1.109805 0.142624
v -0.822629 1.111709 0.143083
v -0.820444 1.113614 0.142624
v -0.818473 1.115331 0.141292
v -0.816909 1.116695 0.139217
v -0.815905 1.117570 0.136603
v -0.815559 1.117872 0.133705
v -0.815559 1.117872 -0.147657
v -0.815905 1.117570 -0.150555
v -0.816909 1.116695 -0.153169
v -0.818473 1.115331 -0.155244
v -0.820444 1.113614 -0.156576
v -0.851415 1.287876 -0.157035
v -0.854158 1.288812 -0.156576
v -0.856633 1.289655 -0.155244
v -0.858597 1.290325 -0.153169
v -0.859857 1.290755 -0.150555
v -0.860292 1.290903 -0.147657
v -0.860292 1.290903 0.133705
v -0.859857 1.290755 0.136603
v -0.858597 1.290325 0.139217
v -0.856633 1.289655 0.141292
v -0.854158 1.288812 0.142624
v -0.851415 1.287876 0.143083
v -0.848672 1.286941 0.142624
v -0.846197 1.286097 0.141292
v -0.844234 1.285428 0.139217
v -0.842973 1.284998 0.136603
v -0.842538 1.284850 0.133705
v -0.842538 1.284850 -0.147657
v -0.842973 1.284998 -0.150555
v -0.844234 1.285428 -0.153169
v -0.846197 1.286097 -0.155244
v -0.848672 1.286941 -0.156576
v -0.732212 1.399286 -0.157035
v -0.733005 1.402073 -0.156576
v -0.733722 1.404587 -0.155244
v -0.734290 1.406583 -0.153169
v -0.734655 1.407864 -0.150555
v -0.734781 1.408306 -0.147657
v -0.734781 1.408306 0.133705
v -0.734655 1.407864 0.136603
v -0.734290 1.406583 0.139217
v -0.733722 1.404587 0.141292
v -0.733006 1.402073 0.142624
v -0.732212 1.399286 0.143083
v -0.731418 1.396498 0.142624
v -0.730702 1.393984 0.141292
v -0.730133 1.391988 0.139217
v -0.729768 1.390707 0.136603
v -0.729643 1.390266 0.133705
v -0.729642 1.390266 -0.147657
v -0.729768 1.390707 -0.150555
v -0.730133 1.391988 -0.153169
v -0.730701 1.393984 -0.155244
v -0.731418 1.396498 -0.156576
v -0.551869 1.363355 -0.157035
v -0.550958 1.366107 -0.156576
v -0.550136 1.368588 -0.155244
v -0.549484 1.370558 -0.153169
v -0.549066 1.371823 -0.150555
v -0.548921 1.372259 -0.147657
v -0.548921 1.372259 0.133705
v -0.549066 1.371823 0.136603
v -0.549484 1.370558 0.139217
v -0.550136 1.368588 0.141292
v -0.550958 1.366106 0.142624
v -0.551869 1.363355 0.143083
v -0.552780 1.360604 0.142624
v -0.553602 1.358122 0.141292
v -0.554254 1.356152 0.139217
v -0.554672 1.354887 0.136603
v -0.554817 1.354452 0.133705
v -0.554817 1.354452 -0.147657
v -0.554672 1.354887 -0.150555
v -0.554254 1.356152 -0.153169
v -0.553602 1.358122 -0.155244
v -0.552780 1.360604 -0.156576
v -0.366598 1.275503 -0.157035
v -0.365379 1.278133 -0.156576
v -0.364279 1.280505 -0.155244
v -0.363406 1.282387 -0.153169
v -0.362846 1.283595 -0.150555
v -0.362653 1.284012 -0.147657
v -0.362653 1.284012 0.133705
v -0.362846 1.283595 0.136603
v -0.363406 1.282387 0.139217
v -0.364279 1.280504 0.141292
v -0.365379 1.278133 0.142624
v -0.366598 1.275503 0.143083
v -0.367817 1.272874 0.142624
v -0.368917 1.270502 0.141292
v -0.369790 1.268620 0.139217
v -0.370350 1.267411 0.136603
v -0.370543 1.266995 0.133705
v -0.370543 1.266995 -0.147657
v -0.370350 1.267411 -0.150555
v -0.369790 1.268620 -0.153169
v -0.368917 1.270502 -0.155244
v -0.367817 1.272874 -0.156576
v -0.172914 1.187703 -0.157035
v -0.171717 1.190342 -0.156576
v -0.170636 1.192723 -0.155244
v -0.169778 1.194612 -0.153169
v -0.169228 1.195825 -0.150555
v -0.169038 1.196243 -0.147657
v -0.169038 1.196243 0.133705
v -0.169228 1.195825 0.136603
v -0.169778 1.194612 0.139217
v -0.170636 1.192723 0.141292
v -0.171717 1.190342 0.142624
v -0.172914 1.187703 0.143083
v -0.174112 1.185064 0.142624
v -0.175193 1.182683 0.141292
v -0.176050 1.180794 0.139217
v -0.176601 1.179581 0.136603
v -0.176791 1.179163 0.133705
v -0.176791 1.179163 -0.147657
v -0.176601 1.179581 -0.150555
v -0.176050 1.180794 -0.153169
v -0.175193 1.182683 -0.155244
v -0.174112 1.185064 -0.156576
v -0.010183 1.113750 -0.157035
v -0.008707 1.116245 -0.156576
v -0.007376 1.118495 -0.155244
v -0.006319 1.120281 -0.153169
v -0.005641 1.121427 -0.150555
v -0.005407 1.121822 -0.147657
v -0.005407 1.121822 0.133705
v -0.005641 1.121427 0.136603
v -0.006319 1.120281 0.139217
v -0.007376 1.118495 0.141292
v -0.008707 1.116245 0.142624
v -0.010183 1.113750 0.143083
v -0.011658 1.111256 0.142624
v -0.012990 1.109006 0.141292
v -0.014046 1.107220 0.139217
v -0.014725 1.106074 0.136603
v -0.014958 1.105679 0.133705
v -0.014958 1.105679 -0.147657
v -0.014725 1.106074 -0.150555
v -0.014046 1.107220 -0.153169
v -0.012990 1.109006 -0.155244
v -0.011658 1.111256 -0.156576
v 0.052589 1.066820 -0.157035
v 0.055451 1.066360 -0.156576
v 0.058032 1.065945 -0.155244
v 0.060081 1.065616 -0.153169
v 0.061396 1.065404 -0.150555
v 0.061849 1.065331 -0.147657
v 0.061849 1.065331 0.133705
v 0.061396 1.065404 0.136603
v 0.060081 1.065616 0.139217
v 0.058032 1.065945 0.141292
v 0.055451 1.066360 0.142624
v 0.052589 1.066820 0.143083
v 0.049728 1.067281 0.142624
v 0.047147 1.067696 0.141292
v 0.045098 1.068025 0.139217
v 0.043783 1.068237 0.136603
v 0.043330 1.068310 0.133705
v 0.043330 1.068310 -0.147657
v 0.043783 1.068237 -0.150555
v 0.045098 1.068025 -0.153169
v 0.047147 1.067696 -0.155244
v 0.049728 1.067281 -0.156576
v -0.045589 1.033952 -0.157035
v -0.045111 1.031093 -0.156576
v -0.044680 1.028515 -0.155244
v -0.044339 1.026468 -0.153169
v -0.044119 1.025154 -0.150555
v -0.044044 1.024701 -0.147657
v -0.044043 1.024701 0.133705
v -0.044119 1.025154 0.136603
v -0.044339 1.026468 0.139217
v -0.044680 1.028515 0.141292
v -0.045111 1.031093 0.142624
v -0.045589 1.033952 0.143083
v -0.046066 1.036811 0.142624
v -0.046497 1.039389 0.141292
v -0.046839 1.041436 0.139217
v -0.047058 1.042750 0.136603
v -0.047134 1.043203 0.133705
v -0.047134 1.043202 -0.147657
v -0.047058 1.042750 -0.150555
v -0.046839 1.041436 -0.153169
v -0.046497 1.039389 -0.155244
v -0.046066 1.036810 -0.156576
v -0.237390 1.032423 -0.157035
v -0.237470 1.029526 -0.156576
v -0.237542 1.026913 -0.155244
v -0.237599 1.024839 -0.153169
v -0.237636 1.023507 -0.150555
v -0.237648 1.023048 -0.147657
v -0.237648 1.023048 0.133705
v -0.237636 1.023507 0.136603
v -0.237599 1.024839 0.139217
v -0.237542 1.026913 0.141292
v -0.237470 1.029526 0.142624
v -0.237390 1.032423 0.143083
v -0.237310 1.035321 0.142624
v -0.237238 1.037934 0.141292
v -0.237181 1.040008 0.139217
v -0.237145 1.041340 0.136603
v -0.237132 1.041799 0.133705
v -0.237132 1.041798 -0.147657
v -0.237145 1.041340 -0.150555
v -0.237181 1.040008 -0.153169
v -0.237238 1.037934 -0.155244
v -0.237310 1.035320 -0.156576
vn -0.0000 0.0004 -1.0000
vn -0.0183 -0.3087 -0.9510
vn -0.0348 -0.5872 -0.8087
vn -0.0479 -0.8080 -0.5872
vn -0.0564 -0.9495 -0.3086
vn -0.0591 -0.9952 -0.0783
vn -0.0591 -0.9952 0.0783
vn -0.0564 -0.9495 0.3086
vn -0.0479 -0.8080 0.5872
vn -0.0348 -0.5872 0.8087
vn -0.0183 -0.3087 0.9510
vn -0.0000 0.0004 1.0000
vn 0.0183 0.3094 0.9508
vn 0.0348 0.5878 0.8083
vn 0.0478 0.8083 0.5869
vn 0.0561 0.9496 0.3084
vn 0.0588 0.9952 0.0783
vn 0.0588 0.9952 -0.0783
vn 0.0561 0.9496 -0.3084
vn 0.0478 0.8083 -0.5869
vn 0.0348 0.5878 -0.8083
vn 0.0183 0.3094 -0.9508
vn -0.0024 -0.0123 -0.9999
vn -0.0599 -0.3243 -0.9441
vn -0.1103 -0.5984 -0.7936
vn -0.1484 -0.8085 -0.5694
vn -0.1719 -0.9394 -0.2966
vn -0.1792 -0.9809 -0.0754
vn -0.1792 -0.9809 0.0754
vn -0.1719 -0.9394 0.2966
vn -0.1484 -0.8085 0.5694
vn -0.1103 -0.5984 0.7936
vn -0.0599 -0.3243 0.9441
vn -0.0024 -0.0123 0.9999
vn 0.0550 0.3026 0.9515
vn 0.1049 0.5838 0.8051
vn 0.1423 0.8019 0.5802
vn 0.1650 0.9386 0.3030
vn 0.1720 0.9821 0.0762
vn 0.1720 0.9821 -0.0762
vn 0.1650 0.9386 -0.3030
vn 0.1423 0.8019 -0.5802
vn 0.1049 0.5838 -0.8051
vn 0.0550 0.3026 -0.9515
vn -0.0403 -0.0337 -0.9986
vn -0.2620 -0.2209 -0.9395
vn -0.4595 -0.3909 -0.7975
vn -0.6171 -0.5300 -0.5816
vn -0.7199 -0.6224 -0.3073
vn -0.7532 -0.6529 -0.0802
vn -0.7532 -0.6529 0.0802
vn -0.7199 -0.6224 0.3073
vn -0.6171 -0.5300 0.5816
vn -0.4595 -0.3909 0.7975
vn -0.2620 -0.2209 0.9395
vn -0.0403 -0.0337 0.9986
vn 0.1883 0.1591 0.9691
vn 0.4041 0.3451 0.8472
vn 0.5853 0.5062 0.6335
vn 0.7083 0.6183 0.3406
vn 0.7494 0.6566 0.0849
vn 0.7494 0.6566 -0.0849
vn 0.7083 0.6183 -0.3406
vn 0.5853 0.5062 -0.6335
vn 0.4041 0.3451 -0.8472
vn 0.1883 0.1591 -0.9691
vn -0.0466 0.0155 -0.9988
vn -0.3354 0.1124 -0.9354
vn -0.5876 0.1979 -0.7846
vn -0.7824 0.2647 -0.5637
vn -0.9050 0.3072 -0.2943
vn -0.9441 0.3208 -0.0762
vn -0.9441 0.3208 0.0762
vn -0.9050 0.3072 0.2943
vn -0.7824 0.2647 0.5637
vn -0.5876 0.1979 0.7846
vn -0.3354 0.1124 0.9354
vn -0.0466 0.0155 0.9988
vn 0.2516 -0.0845 0.9641
vn 0.5278 -0.1782 0.8304
vn 0.7511 -0.2553 0.6088
vn 0.8960 -0.3060 0.3217
vn 0.9431 -0.3227 0.0798
vn 0.9431 -0.3227 -0.0798
vn 0.8960 -0.3060 -0.3217
vn 0.7511 -0.2553 -0.6088
vn 0.5278 -0.1782 -0.8304
vn 0.2516 -0.0845 -0.9641
vn -0.0133 0.0440 -0.9989
vn -0.0984 0.3284 -0.9394
vn -0.1723 0.5824 -0.7945
vn -0.2290 0.7845 -0.5763
vn -0.2646 0.9155 -0.3031
vn -0.2758 0.9580 -0.0787
vn -0.2758 0.9580 0.0787
vn -0.2646 0.9155 0.3031
vn -0.2290 0.7845 0.5763
vn -0.1723 0.5824 0.7945
vn -0.0984 0.3284 0.9394
vn -0.0133 0.0440 0.9989
vn 0.0741 -0.2485 0.9658
vn 0.1537 -0.5238 0.8378
vn 0.2168 -0.7536 0.6206
vn 0.2574 -0.9079 0.3309
vn 0.2703 -0.9592 0.0825
vn 0.2703 -0.9592 -0.0825
vn 0.2574 -0.9079 -0.3309
vn 0.2168 -0.7536 -0.6206
vn 0.1537 -0.5238 -0.8378
vn 0.0741 -0.2485 -0.9658
vn 0.0038 0.0119 -0.9999
vn 0.1015 0.3107 -0.9451
vn 0.1879 0.5747 -0.7965
vn 0.2550 0.7788 -0.5732
vn 0.2973 0.9067 -0.2992
vn 0.3108 0.9474 -0.0762
vn 0.3108 0.9474 0.0762
vn 0.2973 0.9067 0.2992
vn 0.2550 0.7788 0.5732
vn 0.1879 0.5747 0.7965
vn 0.1015 0.3107 0.9451
vn 0.0038 0.0119 0.9999
vn -0.0951 -0.2892 0.9525
vn -0.1849 -0.5592 0.8081
vn -0.2559 -0.7701 0.5843
vn -0.3013 -0.9031 0.3059
vn -0.3160 -0.9456 0.0770
vn -0.3160 -0.9456 -0.0770
vn -0.3013 -0.9031 -0.3059
vn -0.2559 -0.7701 -0.5843
vn -0.1849 -0.5592 -0.8081
vn -0.0951 -0.2892 -0.9525
vn -0.0004 -0.0008 -1.0000
vn 0.1299 0.2801 -0.9511
vn 0.2473 0.5334 -0.8089
vn 0.3403 0.7342 -0.5875
vn 0.4000 0.8629 -0.3088
vn 0.4192 0.9045 -0.0783
vn 0.4192 0.9045 0.0783
vn 0.4000 0.8629 0.3088
vn 0.3403 0.7342 0.5875
vn 0.2473 0.5334 0.8089
vn 0.1299 0.2801 0.9511
vn -0.0004 -0.0008 1.0000
vn -0.1306 -0.2815 0.9506
vn -0.2479 -0.5344 0.8081
vn -0.3408 -0.7346 0.5867
vn -0.4003 -0.8630 0.3083
vn -0.4195 -0.9044 0.0783
vn -0.4195 -0.9044 -0.0783
vn -0.4003 -0.8630 -0.3083
vn -0.3408 -0.7346 -0.5867
vn -0.2479 -0.5344 -0.8081
vn -0.1306 -0.2815 -0.9506
vn -0.0000 -0.0000 -1.0000
vn 0.1279 0.2818 -0.9509
vn 0.2432 0.5357 -0.8086
vn 0.3346 0.7370 -0.5872
vn 0.3932 0.8661 -0.3086
vn 0.4122 0.9077 -0.0783
vn 0.4122 0.9077 0.0783
vn 0.3932 0.8661 0.3086
vn 0.3346 0.7370 0.5872
vn 0.2432 0.5357 0.8086
vn 0.1279 0.2818 0.9509
vn -0.0000 -0.0000 1.0000
vn -0.1278 -0.2817 0.9509
vn -0.2431 -0.5357 0.8086
vn -0.3344 -0.7371 0.5873
vn -0.3930 -0.8662 0.3086
vn -0.4119 -0.9079 0.0783
vn -0.4119 -0.9079 -0.0783
vn -0.3930 -0.8662 -0.3086
vn -0.3344 -0.7371 -0.5873
vn -0.2431 -0.5357 -0.8086
vn -0.1278 -0.2817 -0.9509
vn 0.0071 0.0097 -0.9999
vn 0.1930 0.3076 -0.9317
vn 0.3454 0.5481 -0.7617
vn 0.4516 0.7161 -0.5322
vn 0.5130 0.8140 -0.2725
vn 0.5320 0.8440 -0.0688
vn 0.5320 0.8440 0.0688
vn 0.5130 0.8140 0.2725
vn 0.4516 0.7161 0.5322
vn 0.3454 0.5481 0.7617
vn 0.1930 0.3076 0.9317
vn 0.0071 0.0097 0.9999
vn -0.1765 -0.2979 0.9381
vn -0.3207 -0.5573 0.7659
vn -0.4137 -0.7396 0.5309
vn -0.4633 -0.8442 0.2698
vn -0.4772 -0.8762 0.0672
vn -0.4772 -0.8762 -0.0672
vn -0.4633 -0.8442 -0.2698
vn -0.4137 -0.7396 -0.5309
vn -0.3207 -0.5573 -0.7659
vn -0.1765 -0.2979 -0.9381
vn 0.0686 -0.0116 -0.9976
vn 0.2735 -0.0465 -0.9607
vn 0.4884 -0.0826 -0.8687
vn 0.7109 -0.1194 -0.6931
vn 0.9041 -0.1512 -0.3996
vn 0.9803 -0.1641 -0.1100
vn 0.9803 -0.1641 0.1100
vn 0.9041 -0.1512 0.3996
vn 0.7109 -0.1194 0.6931
vn 0.4884 -0.0826 0.8687
vn 0.2735 -0.0465 0.9607
vn 0.0686 -0.0116 0.9976
vn -0.1330 0.0214 0.9909
vn -0.3432 0.0532 0.9377
vn -0.5812 0.0881 0.8090
vn -0.8434 0.1268 0.5221
vn -0.9791 0.1473 0.1403
vn -0.9791 0.1473 -0.1403
vn -0.8434 0.1268 -0.5221
vn -0.5812 0.0881 -0.8090
vn -0.3432 0.0532 -0.9377
vn -0.1330 0.0214 -0.9909
vn 0.0041 -0.0175 -0.9998
vn 0.0711 -0.3605 -0.9300
vn 0.1249 -0.6385 -0.7594
vn 0.1605 -0.8326 -0.5301
vn 0.1799 -0.9456 -0.2713
vn 0.1857 -0.9802 -0.0687
vn 0.1857 -0.9802 0.0687
vn 0.1799 -0.9456 0.2713
vn 0.1605 -0.8326 0.5301
vn 0.1249 -0.6385 0.7595
vn 0.0711 -0.3605 0.9300
vn 0.0041 -0.0175 0.9998
vn -0.0595 0.3343 0.9406
vn -0.1039 0.6288 0.7706
vn -0.1272 0.8345 0.5361
vn -0.1369 0.9522 0.2730
vn -0.1387 0.9880 0.0679
vn -0.1387 0.9880 -0.0679
vn -0.1369 0.9522 -0.2730
vn -0.1272 0.8345 -0.5361
vn -0.1039 0.6288 -0.7706
vn -0.0595 0.3343 -0.9406
vn -0.0001 -0.0035 -1.0000
vn -0.0085 -0.3128 -0.9498
vn -0.0161 -0.5909 -0.8066
vn -0.0221 -0.8107 -0.5851
vn -0.0259 -0.9513 -0.3072
vn -0.0271 -0.9966 -0.0781
vn -0.0271 -0.9966 0.0781
vn -0.0259 -0.9513 0.3072
vn -0.0221 -0.8107 0.5851
vn -0.0161 -0.5909 0.8066
vn -0.0085 -0.3128 0.9498
vn -0.0001 -0.0035 1.0000
vn 0.0084 0.3064 0.9518
vn 0.0162 0.5863 0.8099
vn 0.0224 0.8082 0.5884
vn 0.0264 0.9506 0.3093
vn 0.0277 0.9965 0.0784
vn 0.0277 0.9965 -0.0784
vn 0.0264 0.9506 -0.3093
vn 0.0224 0.8082 -0.5884
vn 0.0162 0.5863 -0.8099
vn 0.0084 0.3064 -0.9519
vt 0.000000 1.000000
vt 0.083333 1.000000
vt 0.083333 0.954545
vt 0.000000 0.954545
vt 0.000000 0.045455
vt 0.083333 0.045455
vt 0.083333 0.000000
vt 0.000000 0.000000
vt 0.000000 0.090909
vt 0.083333 0.090909
vt 0.000000 0.136364
vt 0.083333 0.136364
vt 0.000000 0.181818
vt 0.083333 0.181818
vt 0.000000 0.227273
vt 0.083333 0.227273
vt 0.000000 0.272727
vt 0.083333 0.272727
vt 0.000000 0.318182
vt 0.083333 0.318182
vt 0.000000 0.363636
vt 0.083333 0.363636
vt 0.000000 0.409091
vt 0.083333 0.409091
vt 0.000000 0.454545
vt 0.083333 0.454545
vt 0.000000 0.500000
vt 0.083333 0.500000
vt 0.000000 0.545455
vt 0.083333 0.545455
vt 0.000000 0.590909
vt 0.083333 0.590909
vt 0.000000 0.636364
vt 0.083333 0.636364
vt 0.000000 0.681818
vt 0.083333 0.681818
vt 0.000000 0.727273
vt 0.083333 0.727273
vt 0.000000 0.772727
vt 0.083333 0.772727
vt 0.000000 0.818182
vt 0.083333 0.818182
vt 0.000000 0.863636
vt 0.083333 0.863636
vt 0.000000 0.909091
vt 0.083333 0.909091
vt 0.166667 1.000000
vt 0.166667 0.954545
vt 0.166667 0.045455
vt 0.166667 0.000000
vt 0.166667 0.090909
vt 0.166667 0.136364
vt 0.166667 0.181818
vt 0.166667 0.227273
vt 0.166667 0.272727
vt 0.166667 0.318182
vt 0.166667 0.363636
vt 0.166667 0.409091
vt 0.166667 0.454545
vt 0.166667 0.500000
vt 0.166667 0.545455
vt 0.166667 0.590909
vt 0.166667 0.636364
vt 0.166667 0.681818
vt 0.166667 0.727273
vt 0.166667 0.772727
vt 0.166667 0.818182
vt 0.166667 0.863636
vt 0.166667 0.909091
vt 0.250000 1.000000
vt 0.250000 0.954545
vt 0.250000 0.045455
vt 0.250000 0.000000
vt 0.250000 0.090909
vt 0.250000 0.136364
vt 0.250000 0.181818
vt 0.250000 0.227273
vt 0.250000 0.272727
vt 0.250000 0.318182
vt 0.250000 0.363636
vt 0.250000 0.409091
vt 0.250000 0.454545
vt 0.250000 0.500000
vt 0.250000 0.545455
vt 0.250000 0.590909
vt 0.250000 0.636364
vt 0.250000 0.681818
vt 0.250000 0.727273
vt 0.250000 0.772727
vt 0.250000 0.818182
vt 0.250000 0.863636
vt 0.250000 0.909091
vt 0.333333 1.000000
vt 0.333333 0.954545
vt 0.333333 0.045455
vt 0.333333 0.000000
vt 0.333333 0.090909
vt 0.333333 0.136364
vt 0.333333 0.181818
vt 0.333333 0.227273
vt 0.333333 0.272727
vt 0.333333 0.318182
vt 0.333333 0.363636
vt 0.333333 0.409091
vt 0.333333 0.454545
vt 0.333333 0.500000
vt 0.333333 0.545455
vt 0.333333 0.590909
vt 0.333333 0.636364
vt 0.333333 0.681818
vt 0.333333 0.727273
vt 0.333333 0.772727
vt 0.333333 0.818182
vt 0.333333 0.863636
vt 0.333333 0.909091
vt 0.416667 1.000000
vt 0.416667 0.954545
vt 0.416667 0.045455
vt 0.416667 0.000000
vt 0.416667 0.090909
vt 0.416667 0.136364
vt 0.416667 0.181818
vt 0.416667 0.227273
vt 0.416667 0.272727
vt 0.416667 0.318182
vt 0.416667 0.363636
vt 0.416667 0.409091
vt 0.416667 0.454545
vt 0.416667 0.500000
vt 0.416667 0.545455
vt 0.416667 0.590909
vt 0.416667 0.636364
vt 0.416667 0.681818
vt 0.416667 0.727273
vt 0.416667 0.772727
vt 0.416667 0.818182
vt 0.416667 0.863636
vt 0.416667 0.909091
vt 0.500000 1.000000
vt 0.500000 0.954545
vt 0.500000 0.045455
vt 0.500000 0.000000
vt 0.500000 0.090909
vt 0.500000 0.136364
vt 0.500000 0.181818
vt 0.500000 0.227273
vt 0.500000 0.272727
vt 0.500000 0.318182
vt 0.500000 0.363636
vt 0.500000 0.409091
vt 0.500000 0.454545
vt 0.500000 0.500000
vt 0.500000 0.545455
vt 0.500000 0.590909
vt 0.500000 0.636364
vt 0.500000 0.681818
vt 0.500000 0.727273
vt 0.500000 0.772727
vt 0.500000 0.818182
vt 0.500000 0.863636
vt 0.500000 0.909091
vt 0.583333 1.000000
vt 0.583333 0.954545
vt 0.583333 0.045455
vt 0.583333 0.000000
vt 0.583333 0.090909
vt 0.583333 0.136364
vt 0.583333 0.181818
vt 0.583333 0.227273
vt 0.583333 0.272727
vt 0.583333 0.318182
vt 0.583333 0.363636
vt 0.583333 0.409091
vt 0.583333 0.454545
vt 0.583333 0.500000
vt 0.583333 0.545455
vt 0.583333 0.590909
vt 0.583333 0.636364
vt 0.583333 0.681818
vt 0.583333 0.727273
vt 0.583333 0.772727
vt 0.583333 0.818182
vt 0.583333 0.863636
vt 0.583333 0.909091
vt 0.666667 1.000000
vt 0.666667 0.954545
vt 0.666667 0.045455
vt 0.666667 0.000000
vt 0.666667 0.090909
vt 0.666667 0.136364
vt 0.666667 0.181818
vt 0.666667 0.227273
vt 0.666667 0.272727
vt 0.666667 0.318182
vt 0.666667 0.363636
vt 0.666667 0.409091
vt 0.666667 0.454545
vt 0.666667 0.500000
vt 0.666667 0.545455
vt 0.666667 0.590909
vt 0.666667 0.636364
vt 0.666667 0.681818
vt 0.666667 0.727273
vt 0.666667 0.772727
vt 0.666667 0.818182
vt 0.666667 0.863636
vt 0.666667 0.909091
vt 0.750000 1.000000
vt 0.750000 0.954545
vt 0.750000 0.045455
vt 0.750000 0.000000
vt 0.750000 0.090909
vt 0.750000 0.136364
vt 0.750000 0.181818
vt 0.750000 0.227273
vt 0.750000 0.272727
vt 0.750000 0.318182
vt 0.750000 0.363636
vt 0.750000 0.409091
vt 0.750000 0.454545
vt 0.750000 0.500000
vt 0.750000 0.545455
vt 0.750000 0.590909
vt 0.750000 0.636364
vt 0.750000 0.681818
vt 0.750000 0.727273
vt 0.750000 0.772727
vt 0.750000 0.818182
vt 0.750000 0.863636
vt 0.750000 0.909091
vt 0.833333 1.000000
vt 0.833333 0.954545
vt 0.833333 0.045455
vt 0.833333 0.000000
vt 0.833333 0.090909
vt 0.833333 0.136364
vt 0.833333 0.181818
vt 0.833333 0.227273
vt 0.833333 0.272727
vt 0.833333 0.318182
vt 0.833333 0.363636
vt 0.833333 0.409091
vt 0.833333 0.454545
vt 0.833333 0.500000
vt 0.833333 0.545455
vt 0.833333 0.590909
vt 0.833333 0.636364
vt 0.833333 0.681818
vt 0.833333 0.727273
vt 0.833333 0.772727
vt 0.833333 0.818182
vt 0.833333 0.863636
vt 0.833333 0.909091
vt 0.916667 1.000000
vt 0.916667 0.954545
vt 0.916667 0.045455
vt 0.916667 0.000000
vt 0.916667 0.090909
vt 0.916667 0.136364
vt 0.916667 0.181818
vt 0.916667 0.227273
vt 0.916667 0.272727
vt 0.916667 0.318182
vt 0.916667 0.363636
vt 0.916667 0.409091
vt 0.916667 0.454545
vt 0.916667 0.500000
vt 0.916667 0.545455
vt 0.916667 0.590909
vt 0.916667 0.636364
vt 0.916667 0.681818
vt 0.916667 0.727273
vt 0.916667 0.772727
vt 0.916667 0.818182
vt 0.916667 0.863636
vt 0.916667 0.909091
vt 1.000000 1.000000
vt 1.000000 0.954545
vt 1.000000 0.045455
vt 1.000000 0.000000
vt 1.000000 0.090909
vt 1.000000 0.136364
vt 1.000000 0.181818
vt 1.000000 0.227273
vt 1.000000 0.272727
vt 1.000000 0.318182
vt 1.000000 0.363636
vt 1.000000 0.409091
vt 1.000000 0.454545
vt 1.000000 0.500000
vt 1.000000 0.545455
vt 1.000000 0.590909
vt 1.000000 0.636364
vt 1.000000 0.681818
vt 1.000000 0.727273
vt 1.000000 0.772727
vt 1.000000 0.818182
vt 1.000000 0.863636
vt 1.000000 0.909091
s 1
usemtl Material
f 113/77/39 135/78/61 156/79/82 134/80/60
f 114/81/40 136/82/62 135/83/61 113/84/39
f 115/85/41 137/86/63 136/82/62 114/81/40
f 116/87/42 138/88/64 137/86/63 115/85/41
f 117/89/43 139/90/65 138/88/64 116/87/42
f 118/91/44 140/92/66 139/90/65 117/89/43
f 119/93/45 141/94/67 140/92/66 118/91/44
f 120/95/46 142/96/68 141/94/67 119/93/45
f 121/97/47 143/98/69 142/96/68 120/95/46
f 122/99/48 144/100/70 143/98/69 121/97/47
f 123/101/49 145/102/71 144/100/70 122/99/48
f 124/103/50 146/104/72 145/102/71 123/101/49
f 125/105/51 147/106/73 146/104/72 124/103/50
f 126/107/52 148/108/74 147/106/73 125/105/51
f 127/109/53 149/110/75 148/108/74 126/107/52
f 128/111/54 150/112/76 149/110/75 127/109/53
f 129/113/55 151/114/77 150/112/76 128/111/54
f 130/115/56 152/116/78 151/114/77 129/113/55
f 131/117/57 153/118/79 152/116/78 130/115/56
f 132/119/58 154/120/80 153/118/79 131/117/57
f 133/121/59 155/122/81 154/120/80 132/119/58
f 134/80/60 156/79/82 155/122/81 133/121/59
f 135/78/61 157/123/83 178/124/104 156/79/82
f 136/82/62 158/125/84 157/126/83 135/83/61
f 137/86/63 159/127/85 158/125/84 136/82/62
f 138/88/64 160/128/86 159/127/85 137/86/63
f 139/90/65 161/129/87 160/128/86 138/88/64
f 140/92/66 162/130/88 161/129/87 139/90/65
f 141/94/67 163/131/89 162/130/88 140/92/66
f 142/96/68 164/132/90 163/131/89 141/94/67
f 143/98/69 165/133/91 164/132/90 142/96/68
f 144/100/70 166/134/92 165/133/91 143/98/69
f 145/102/71 167/135/93 166/134/92 144/100/70
f 146/104/72 168/136/94 167/135/93 145/102/71
f 147/106/73 169/137/95 168/136/94 146/104/72
f 148/108/74 170/138/96 169/137/95 147/106/73
f 149/110/75 171/139/97 170/138/96 148/108/74
f 150/112/76 172/140/98 171/139/97 149/110/75
f 151/114/77 173/141/99 172/140/98 150/112/76
f 152/116/78 174/142/100 173/141/99 151/114/77
f 153/118/79 175/143/101 174/142/100 152/116/78
f 154/120/80 176/144/102 175/143/101 153/118/79
f 155/122/81 177/145/103 176/144/102 154/120/80
f 156/79/82 178/124/104 177/145/103 155/122/81
f 157/123/83 179/146/105 200/147/126 178/124/104
f 158/125/84 180/148/106 179/149/105 157/126/83
f 159/127/85 181/150/107 180/148/106 158/125/84
f 160/128/86 182/151/108 181/150/107 159/127/85
f 161/129/87 183/152/109 182/151/108 160/128/86
f 162/130/88 184/153/110 183/152/109 161/129/87
f 163/131/89 185/154/111 184/153/110 162/130/88
f 164/132/90 186/155/112 185/154/111 163/131/89
f 165/133/91 187/156/113 186/155/112 164/132/90
f 166/134/92 188/157/114 187/156/113 165/133/91
f 167/135/93 189/158/115 188/157/114 166/134/92
f 168/136/94 190/159/116 189/158/115 167/135/93
f 169/137/95 191/160/117 190/159/116 168/136/94
f 170/138/96 192/161/118 191/160/117 169/137/95
f 171/139/97 193/162/119 192/161/118 170/138/96
f 172/140/98 194/163/120 193/162/119 171/139/97
f 173/141/99 195/164/121 194/163/120 172/140/98
f 174/142/100 196/165/122 195/164/121 173/141/99
f 175/143/101 197/166/123 196/165/122 174/142/100
f 176/144/102 198/167/124 197/166/123 175/143/101
f 177/145/103 199/168/125 198/167/124 176/144/102
f 178/124/104 200/147/126 199/168/125 177/145/103
f 179/146/105 201/169/127 222/170/148 200/147/126
f 180/148/106 202/171/128 201/172/127 179/149/105
f 181/150/107 203/173/129 202/171/128 180/148/106
f 182/151/108 204/174/130 203/173/129 181/150/107
f 183/152/109 205/175/131 204/174/130 182/151/108
f 184/153/110 206/176/132 205/175/131 183/152/109
f 185/154/111 207/177/133 206/176/132 184/153/110
f 186/155/112 208/178/134 207/177/133 185/154/111
f 187/156/113 209/179/135 208/178/134 186/155/112
f 188/157/114 210/180/136 209/179/135 187/156/113
f 189/158/115 211/181/137 210/180/136 188/157/114
f 190/159/116 212/182/138 211/181/137 189/158/115
f 191/160/117 213/183/139 212/182/138 190/159/116
f 192/161/118 214/184/140 213/183/139 191/160/117
f 193/162/119 215/185/141 214/184/140 192/161/118
f 194/163/120 216/186/142 215/185/141 193/162/119
f 195/164/121 217/187/143 216/186/142 194/163/120
f 196/165/122 218/188/144 217/187/143 195/164/121
f 197/166/123 219/189/145 218/188/144 196/165/122
f 198/167/124 220/190/146 219/189/145 197/166/123
f 199/168/125 221/191/147 220/190/146 198/167/124
f 200/147/126 222/170/148 221/191/147 199/168/125
f 201/169/127 223/192/149 244/193/170 222/170/148
f 202/171/128 224/194/150 223/195/149 201/172/127
f 203/173/129 225/196/151 224/194/150 202/171/128
f 204/174/130 226/197/152 225/196/151 203/173/129
f 205/175/131 227/198/153 226/197/152 204/174/130
f 206/176/132 228/199/154 227/198/153 205/175/131
f 207/177/133 229/200/155 228/199/154 206/176/132
f 208/178/134 230/201/156 229/200/155 207/177/133
f 209/179/135 231/202/157 230/201/156 208/178/134
f 210/180/136 232/203/158 231/202/157 209/179/135
f 211/181/137 233/204/159 232/203/158 210/180/136
f 212/182/138 234/205/160 233/204/159 211/181/137
f 213/183/139 235/206/161 234/205/160 212/182/138
f 214/184/140 236/207/162 235/206/161 213/183/139
f 215/185/141 237/208/163 236/207/162 214/184/140
f 216/186/142 238/209/164 237/208/163 215/185/141
f 217/187/143 239/210/165 238/209/164 216/186/142
f 218/188/144 240/211/166 239/210/165 217/187/143
f 219/189/145 241/212/167 240/211/166 218/188/144
f 220/190/146 242/213/168 241/212/167 219/189/145
f 221/191/147 243/214/169 242/213/168 220/190/146
f 222/170/148 244/193/170 243/214/169 221/191/147
f 223/192/149 245/215/171 266/216/192 244/193/170
f 224/194/150 246/217/172 245/218/171 223/195/149
f 225/196/151 247/219/173 246/217/172 224/194/150
f 226/197/152 248/220/174 247/219/173 225/196/151
f 227/198/153 249/221/175 248/220/174 226/197/152
f 228/199/154 250/222/176 249/221/175 227/198/153
f 229/200/155 251/223/177 250/222/176 228/199/154
f 230/201/156 252/224/178 251/223/177 229/200/155
f 231/202/157 253/225/179 252/224/178 230/201/156
f 232/203/158 254/226/180 253/225/179 231/202/157
f 233/204/159 255/227/181 254/226/180 232/203/158
f 234/205/160 256/228/182 255/227/181 233/204/159
f 235/206/161 257/229/183 256/228/182 234/205/160
f 236/207/162 258/230/184 257/229/183 235/206/161
f 237/208/163 259/231/185 258/230/184 236/207/162
f 238/209/164 260/232/186 259/231/185 237/208/163
f 239/210/165 261/233/187 260/232/186 238/209/164
f 240/211/166 262/234/188 261/233/187 239/210/165
f 241/212/167 263/235/189 262/234/188 240/211/166
f 242/213/168 264/236/190 263/235/189 241/212/167
f 243/214/169 265/237/191 264/236/190 242/213/168
f 244/193/170 266/216/192 265/237/191 243/214/169
f 245/215/171 267/238/193 288/239/214 266/216/192
f 246/217/172 268/240/194 267/241/193 245/218/171
f 247/219/173 269/242/195 268/240/194 246/217/172
f 248/220/174 270/243/196 269/242/195 247/219/173
f 249/221/175 271/244/197 270/243/196 248/220/174
f 250/222/176 272/245/198 271/244/197 249/221/175
f 251/223/177 273/246/199 272/245/198 250/222/176
f 252/224/178 274/247/200 273/246/199 251/223/177
f 253/225/179 275/248/201 274/247/200 252/224/178
f 254/226/180 276/249/202 275/248/201 253/225/179
f 255/227/181 277/250/203 276/249/202 254/226/180
f 256/228/182 278/251/204 277/250/203 255/227/181
f 257/229/183 279/252/205 278/251/204 256/228/182
f 258/230/184 280/253/206 279/252/205 257/229/183
f 259/231/185 281/254/207 280/253/206 258/230/184
f 260/232/186 282/255/208 281/254/207 259/231/185
f 261/233/187 283/256/209 282/255/208 260/232/186
f 262/234/188 284/257/210 283/256/209 261/233/187
f 263/235/189 285/258/211 284/257/210 262/234/188
f 264/236/190 286/259/212 285/258/211 263/235/189
f 265/237/191 287/260/213 286/259/212 264/236/190
f 266/216/192 288/239/214 287/260/213 265/237/191
f 267/238/193 289/261/215 310/262/236 288/239/214
f 268/240/194 290/263/216 289/264/215 267/241/193
f 269/242/195 291/265/217 290/263/216 268/240/194
f 270/243/196 292/266/218 291/265/217 269/242/195
f 271/244/197 293/267/219 292/266/218 270/243/196
f 272/245/198 294/268/220 293/267/219 271/244/197
f 273/246/199 295/269/221 294/268/220 272/245/198
f 274/247/200 296/270/222 295/269/221 273/246/199
f 275/248/201 297/271/223 296/270/222 274/247/200
f 276/249/202 298/272/224 297/271/223 275/248/201
f 277/250/203 299/273/225 298/272/224 276/249/202
f 278/251/204 300/274/226 299/273/225 277/250/203
f 279/252/205 301/275/227 300/274/226 278/251/204
f 280/253/206 302/276/228 301/275/227 279/252/205
f 281/254/207 303/277/229 302/276/228 280/253/206
f 282/255/208 304/278/230 303/277/229 281/254/207
f 283/256/209 305/279/231 304/278/230 282/255/208
f 284/257/210 306/280/232 305/279/231 283/256/209
f 285/258/211 307/281/233 306/280/232 284/257/210
f 286/259/212 308/282/234 307/281/233 285/258/211
f 287/260/213 309/283/235 308/282/234 286/259/212
f 288/239/214 310/262/236 309/283/235 287/260/213
f 289/261/215 311/284/237 332/285/258 310/262/236
f 290/263/216 312/286/238 311/287/237 289/264/215
f 291/265/217 313/288/239 312/286/238 290/263/216
f 292/266/218 314/289/240 313/288/239 291/265/217
f 293/267/219 315/290/241 314/289/240 292/266/218
f 294/268/220 316/291/242 315/290/241 293/267/219
f 295/269/221 317/292/243 316/291/242 294/268/220
f 296/270/222 318/293/244 317/292/243 295/269/221
f 297/271/223 319/294/245 318/293/244 296/270/222
f 298/272/224 320/295/246 319/294/245 297/271/223
f 299/273/225 321/296/247 320/295/246 298/272/224
f 300/274/226 322/297/248 321/296/247 299/273/225
f 301/275/227 323/298/249 322/297/248 300/274/226
f 302/276/228 324/299/250 323/298/249 301/275/227
f 303/277/229 325/300/251 324/299/250 302/276/228
f 304/278/230 326/301/252 325/300/251 303/277/229
f 305/279/231 327/302/253 326/301/252 304/278/230
f 306/280/232 328/303/254 327/302/253 305/279/231
f 307/281/233 329/304/255 328/303/254 306/280/232
f 308/282/234 330/305/256 329/304/255 307/281/233
f 309/283/235 331/306/257 330/305/256 308/282/234
f 310/262/236 332/285/258 331/306/257 309/283/235
f 311/284/237 333/307/259 354/308/280 332/285/258
f 312/286/238 334/309/260 333/310/259 311/287/237
f 313/288/239 335/311/261 334/309/260 312/286/238
f 314/289/240 336/312/262 335/311/261 313/288/239
f 315/290/241 337/313/263 336/312/262 314/289/240
f 316/291/242 338/314/264 337/313/263 315/290/241
f 317/292/243 339/315/265 338/314/264 316/291/242
f 318/293/244 340/316/266 339/315/265 317/292/243
f 319/294/245 341/317/267 340/316/266 318/293/244
f 320/295/246 342/318/268 341/317/267 319/294/245
f 321/296/247 343/319/269 342/318/268 320/295/246
f 322/297/248 344/320/270 343/319/269 321/296/247
f 323/298/249 345/321/271 344/320/270 322/297/248
f 324/299/250 346/322/272 345/321/271 323/298/249
f 325/300/251 347/323/273 346/322/272 324/299/250
f 326/301/252 348/324/274 347/323/273 325/300/251
f 327/302/253 349/325/275 348/324/274 326/301/252
f 328/303/254 350/326/276 349/325/275 327/302/253
f 329/304/255 351/327/277 350/326/276 328/303/254
f 330/305/256 352/328/278 351/327/277 329/304/255
f 331/306/257 353/329/279 352/328/278 330/305/256
f 332/285/258 354/308/280 353/329/279 331/306/257
f 333/307/259 355/330/281 376/331/302 354/308/280
f 334/309/260 356/332/282 355/333/281 333/310/259
f 335/311/261 357/334/283 356/332/282 334/309/260
f 336/312/262 358/335/284 357/334/283 335/311/261
f 337/313/263 359/336/285 358/335/284 336/312/262
f 338/314/264 360/337/286 359/336/285 337/313/263
f 339/315/265 361/338/287 360/337/286 338/314/264
f 340/316/266 362/339/288 361/338/287 339/315/265
f 341/317/267 363/340/289 362/339/288 340/316/266
f 342/318/268 364/341/290 363/340/289 341/317/267
f 343/319/269 365/342/291 364/341/290 342/318/268
f 344/320/270 366/343/292 365/342/291 343/319/269
f 345/321/271 367/344/293 366/343/292 344/320/270
f 346/322/272 368/345/294 367/344/293 345/321/271
f 347/323/273 369/346/295 368/345/294 346/322/272
f 348/324/274 370/347/296 369/346/295 347/323/273
f 349/325/275 371/348/297 370/347/296 348/324/274
f 350/326/276 372/349/298 371/348/297 349/325/275
f 351/327/277 373/350/299 372/349/298 350/326/276
f 352/328/278 374/351/300 373/350/299 351/327/277
f 353/329/279 375/352/301 374/351/300 352/328/278
f 354/308/280 376/331/302 375/352/301 353/329/279
f 355/330/281 113/353/39 134/354/60 376/331/302
f 356/332/282 114/355/40 113/356/39 355/333/281
f 357/334/283 115/357/41 114/355/40 356/332/282
f 358/335/284 116/358/42 115/357/41 357/334/283
f 359/336/285 117/359/43 116/358/42 358/335/284
f 360/337/286 118/360/44 117/359/43 359/336/285
f 361/338/287 119/361/45 118/360/44 360/337/286
f 362/339/288 120/362/46 119/361/45 361/338/287
f 363/340/289 121/363/47 120/362/46 362/339/288
f 364/341/290 122/364/48 121/363/47 363/340/289
f 365/342/291 123/365/49 122/364/48 364/341/290
f 366/343/292 124/366/50 123/365/49 365/342/291
f 367/344/293 125/367/51 124/366/50 366/343/292
f 368/345/294 126/368/52 125/367/51 367/344/293
f 369/346/295 127/369/53 126/368/52 368/345/294
f 370/347/296 128/370/54 127/369/53 369/346/295
f 371/348/297 129/371/55 128/370/54 370/347/296
f 372/349/298 130/372/56 129/371/55 371/348/297
f 373/350/299 131/373/57 130/372/56 372/349/298
f 374/351/300 132/374/58 131/373/57 373/350/299
f 375/352/301 133/375/59 132/374/58 374/351/300
f 376/331/302 134/354/60 133/375/59 375/352/301
o BézierCircle
v -0.426233 1.044340 -0.157035
v -0.426404 1.041446 -0.156576
v -0.426559 1.038836 -0.155244
v -0.426681 1.036765 -0.153169
v -0.426760 1.035435 -0.150555
v -0.426787 1.034977 -0.147657
v -0.426787 1.034977 0.133705
v -0.426760 1.035435 0.136603
v -0.426681 1.036765 0.139217
v -0.426559 1.038836 0.141292
v -0.426404 1.041446 0.142624
v -0.426233 1.044340 0.143083
v -0.426061 1.047233 0.142624
v -0.425907 1.049843 0.141292
v -0.425784 1.051914 0.139217
v -0.425705 1.053244 0.136603
v -0.425678 1.053702 0.133705
v -0.425678 1.053702 -0.147657
v -0.425705 1.053244 -0.150555
v -0.425784 1.051914 -0.153169
v -0.425907 1.049842 -0.155244
v -0.426061 1.047233 -0.156576
v -0.642987 1.056339 -0.157035
v -0.643498 1.053486 -0.156576
v -0.643958 1.050912 -0.155244
v -0.644324 1.048870 -0.153169
v -0.644559 1.047559 -0.150555
v -0.644640 1.047107 -0.147657
v -0.644640 1.047107 0.133705
v -0.644559 1.047559 0.136603
v -0.644324 1.048870 0.139217
v -0.643958 1.050912 0.141292
v -0.643498 1.053486 0.142624
v -0.642987 1.056339 0.143083
v -0.642476 1.059192 0.142624
v -0.642015 1.061765 0.141292
v -0.641650 1.063808 0.139217
v -0.641415 1.065119 0.136603
v -0.641334 1.065571 0.133705
v -0.641334 1.065571 -0.147657
v -0.641415 1.065119 -0.150555
v -0.641650 1.063808 -0.153169
v -0.642016 1.061765 -0.155244
v -0.642476 1.059192 -0.156576
v -0.822629 1.111709 -0.157035
v -0.824814 1.109805 -0.156576
v -0.826785 1.108087 -0.155244
v -0.828349 1.106724 -0.153169
v -0.829353 1.105849 -0.150555
v -0.829699 1.105547 -0.147657
v -0.829699 1.105547 0.133705
v -0.829353 1.105849 0.136603
v -0.828349 1.106724 0.139217
v -0.826785 1.108087 0.141292
v -0.824814 1.109805 0.142624
v -0.822629 1.111709 0.143083
v -0.820444 1.113614 0.142624
v -0.818473 1.115331 0.141292
v -0.816909 1.116695 0.139217
v -0.815905 1.117570 0.136603
v -0.815559 1.117872 0.133705
v -0.815559 1.117872 -0.147657
v -0.815905 1.117570 -0.150555
v -0.816909 1.116695 -0.153169
v -0.818473 1.115331 -0.155244
v -0.820444 1.113614 -0.156576
v -0.851415 1.287876 -0.157035
v -0.854158 1.288812 -0.156576
v -0.856633 1.289655 -0.155244
v -0.858597 1.290325 -0.153169
v -0.859857 1.290755 -0.150555
v -0.860292 1.290903 -0.147657
v -0.860292 1.290903 0.133705
v -0.859857 1.290755 0.136603
v -0.858597 1.290325 0.139217
v -0.856633 1.289655 0.141292
v -0.854158 1.288812 0.142624
v -0.851415 1.287876 0.143083
v -0.848672 1.286941 0.142624
v -0.846197 1.286097 0.141292
v -0.844234 1.285428 0.139217
v -0.842973 1.284998 0.136603
v -0.842538 1.284850 0.133705
v -0.842538 1.284850 -0.147657
v -0.842973 1.284998 -0.150555
v -0.844234 1.285428 -0.153169
v -0.846197 1.286097 -0.155244
v -0.848672 1.286941 -0.156576
v -0.732212 1.399286 -0.157035
v -0.733005 1.402073 -0.156576
v -0.733722 1.404587 -0.155244
v -0.734290 1.406583 -0.153169
v -0.734655 1.407864 -0.150555
v -0.734781 1.408306 -0.147657
v -0.734781 1.408306 0.133705
v -0.734655 1.407864 0.136603
v -0.734290 1.406583 0.139217
v -0.733722 1.404587 0.141292
v -0.733006 1.402073 0.142624
v -0.732212 1.399286 0.143083
v -0.731418 1.396498 0.142624
v -0.730702 1.393984 0.141292
v -0.730133 1.391988 0.139217
v -0.729768 1.390707 0.136603
v -0.729643 1.390266 0.133705
v -0.729642 1.390266 -0.147657
v -0.729768 1.390707 -0.150555
v -0.730133 1.391988 -0.153169
v -0.730701 1.393984 -0.155244
v -0.731418 1.396498 -0.156576
v -0.551869 1.363355 -0.157035
v -0.550958 1.366107 -0.156576
v -0.550136 1.368588 -0.155244
v -0.549484 1.370558 -0.153169
v -0.549066 1.371823 -0.150555
v -0.548921 1.372259 -0.147657
v -0.548921 1.372259 0.133705
v -0.549066 1.371823 0.136603
v -0.549484 1.370558 0.139217
v -0.550136 1.368588 0.141292
v -0.550958 1.366106 0.142624
v -0.551869 1.363355 0.143083
v -0.552780 1.360604 0.142624
v -0.553602 1.358122 0.141292
v -0.554254 1.356152 0.139217
v -0.554672 1.354887 0.136603
v -0.554817 1.354452 0.133705
v -0.554817 1.354452 -0.147657
v -0.554672 1.354887 -0.150555
v -0.554254 1.356152 -0.153169
v -0.553602 1.358122 -0.155244
v -0.552780 1.360604 -0.156576
v -0.366598 1.275503 -0.157035
v -0.365379 1.278133 -0.156576
v -0.364279 1.280505 -0.155244
v -0.363406 1.282387 -0.153169
v -0.362846 1.283595 -0.150555
v -0.362653 1.284012 -0.147657
v -0.362653 1.284012 0.133705
v -0.362846 1.283595 0.136603
v -0.363406 1.282387 0.139217
v -0.364279 1.280504 0.141292
v -0.365379 1.278133 0.142624
v -0.366598 1.275503 0.143083
v -0.367817 1.272874 0.142624
v -0.368917 1.270502 0.141292
v -0.369790 1.268620 0.139217
v -0.370350 1.267411 0.136603
v -0.370543 1.266995 0.133705
v -0.370543 1.266995 -0.147657
v -0.370350 1.267411 -0.150555
v -0.369790 1.268620 -0.153169
v -0.368917 1.270502 -0.155244
v -0.367817 1.272874 -0.156576
v -0.172914 1.187703 -0.157035
v -0.171717 1.190342 -0.156576
v -0.170636 1.192723 -0.155244
v -0.169778 1.194612 -0.153169
v -0.169228 1.195825 -0.150555
v -0.169038 1.196243 -0.147657
v -0.169038 1.196243 0.133705
v -0.169228 1.195825 0.136603
v -0.169778 1.194612 0.139217
v -0.170636 1.192723 0.141292
v -0.171717 1.190342 0.142624
v -0.172914 1.187703 0.143083
v -0.174112 1.185064 0.142624
v -0.175193 1.182683 0.141292
v -0.176050 1.180794 0.139217
v -0.176601 1.179581 0.136603
v -0.176791 1.179163 0.133705
v -0.176791 1.179163 -0.147657
v -0.176601 1.179581 -0.150555
v -0.176050 1.180794 -0.153169
v -0.175193 1.182683 -0.155244
v -0.174112 1.185064 -0.156576
v -0.010183 1.113750 -0.157035
v -0.008707 1.116245 -0.156576
v -0.007376 1.118495 -0.155244
v -0.006319 1.120281 -0.153169
v -0.005641 1.121427 -0.150555
v -0.005407 1.121822 -0.147657
v -0.005407 1.121822 0.133705
v -0.005641 1.121427 0.136603
v -0.006319 1.120281 0.139217
v -0.007376 1.118495 0.141292
v -0.008707 1.116245 0.142624
v -0.010183 1.113750 0.143083
v -0.011658 1.111256 0.142624
v -0.012990 1.109006 0.141292
v -0.014046 1.107220 0.139217
v -0.014725 1.106074 0.136603
v -0.014958 1.105679 0.133705
v -0.014958 1.105679 -0.147657
v -0.014725 1.106074 -0.150555
v -0.014046 1.107220 -0.153169
v -0.012990 1.109006 -0.155244
v -0.011658 1.111256 -0.156576
v 0.052589 1.066820 -0.157035
v 0.055451 1.066360 -0.156576
v 0.058032 1.065945 -0.155244
v 0.060081 1.065616 -0.153169
v 0.061396 1.065404 -0.150555
v 0.061849 1.065331 -0.147657
v 0.061849 1.065331 0.133705
v 0.061396 1.065404 0.136603
v 0.060081 1.065616 0.139217
v 0.058032 1.065945 0.141292
v 0.055451 1.066360 0.142624
v 0.052589 1.066820 0.143083
v 0.049728 1.067281 0.142624
v 0.047147 1.067696 0.141292
v 0.045098 1.068025 0.139217
v 0.043783 1.068237 0.136603
v 0.043330 1.068310 0.133705
v 0.043330 1.068310 -0.147657
v 0.043783 1.068237 -0.150555
v 0.045098 1.068025 -0.153169
v 0.047147 1.067696 -0.155244
v 0.049728 1.067281 -0.156576
v -0.045589 1.033952 -0.157035
v -0.045111 1.031093 -0.156576
v -0.044680 1.028515 -0.155244
v -0.044339 1.026468 -0.153169
v -0.044119 1.025154 -0.150555
v -0.044044 1.024701 -0.147657
v -0.044043 1.024701 0.133705
v -0.044119 1.025154 0.136603
v -0.044339 1.026468 0.139217
v -0.044680 1.028515 0.141292
v -0.045111 1.031093 0.142624
v -0.045589 1.033952 0.143083
v -0.046066 1.036811 0.142624
v -0.046497 1.039389 0.141292
v -0.046839 1.041436 0.139217
v -0.047058 1.042750 0.136603
v -0.047134 1.043203 0.133705
v -0.047134 1.043202 -0.147657
v -0.047058 1.042750 -0.150555
v -0.046839 1.041436 -0.153169
v -0.046497 1.039389 -0.155244
v -0.046066 1.036810 -0.156576
v -0.237390 1.032423 -0.157035
v -0.237470 1.029526 -0.156576
v -0.237542 1.026913 -0.155244
v -0.237599 1.024839 -0.153169
v -0.237636 1.023507 -0.150555
v -0.237648 1.023048 -0.147657
v -0.237648 1.023048 0.133705
v -0.237636 1.023507 0.136603
v -0.237599 1.024839 0.139217
v -0.237542 1.026913 0.141292
v -0.237470 1.029526 0.142624
v -0.237390 1.032423 0.143083
v -0.237310 1.035321 0.142624
v -0.237238 1.037934 0.141292
v -0.237181 1.040008 0.139217
v -0.237145 1.041340 0.136603
v -0.237132 1.041799 0.133705
v -0.237132 1.041798 -0.147657
v -0.237145 1.041340 -0.150555
v -0.237181 1.040008 -0.153169
v -0.237238 1.037934 -0.155244
v -0.237310 1.035320 -0.156576
vn -0.0000 0.0004 -1.0000
vn -0.0183 -0.3087 -0.9510
vn -0.0348 -0.5872 -0.8087
vn -0.0479 -0.8080 -0.5872
vn -0.0564 -0.9495 -0.3086
vn -0.0591 -0.9952 -0.0783
vn -0.0591 -0.9952 0.0783
vn -0.0564 -0.9495 0.3086
vn -0.0479 -0.8080 0.5872
vn -0.0348 -0.5872 0.8087
vn -0.0183 -0.3087 0.9510
vn -0.0000 0.0004 1.0000
vn 0.0183 0.3094 0.9508
vn 0.0348 0.5878 0.8083
vn 0.0478 0.8083 0.5869
vn 0.0561 0.9496 0.3084
vn 0.0588 0.9952 0.0783
vn 0.0588 0.9952 -0.0783
vn 0.0561 0.9496 -0.3084
vn 0.0478 0.8083 -0.5869
vn 0.0348 0.5878 -0.8083
vn 0.0183 0.3094 -0.9508
vn -0.0024 -0.0123 -0.9999
vn -0.0599 -0.3243 -0.9441
vn -0.1103 -0.5984 -0.7936
vn -0.1484 -0.8085 -0.5694
vn -0.1719 -0.9394 -0.2966
vn -0.1792 -0.9809 -0.0754
vn -0.1792 -0.9809 0.0754
vn -0.1719 -0.9394 0.2966
vn -0.1484 -0.8085 0.5694
vn -0.1103 -0.5984 0.7936
vn -0.0599 -0.3243 0.9441
vn -0.0024 -0.0123 0.9999
vn 0.0550 0.3026 0.9515
vn 0.1049 0.5838 0.8051
vn 0.1423 0.8019 0.5802
vn 0.1650 0.9386 0.3030
vn 0.1720 0.9821 0.0762
vn 0.1720 0.9821 -0.0762
vn 0.1650 0.9386 -0.3030
vn 0.1423 0.8019 -0.5802
vn 0.1049 0.5838 -0.8051
vn 0.0550 0.3026 -0.9515
vn -0.0403 -0.0337 -0.9986
vn -0.2620 -0.2209 -0.9395
vn -0.4595 -0.3909 -0.7975
vn -0.6171 -0.5300 -0.5816
vn -0.7199 -0.6224 -0.3073
vn -0.7532 -0.6529 -0.0802
vn -0.7532 -0.6529 0.0802
vn -0.7199 -0.6224 0.3073
vn -0.6171 -0.5300 0.5816
vn -0.4595 -0.3909 0.7975
vn -0.2620 -0.2209 0.9395
vn -0.0403 -0.0337 0.9986
vn 0.1883 0.1591 0.9691
vn 0.4041 0.3451 0.8472
vn 0.5853 0.5062 0.6335
vn 0.7083 0.6183 0.3406
vn 0.7494 0.6566 0.0849
vn 0.7494 0.6566 -0.0849
vn 0.7083 0.6183 -0.3406
vn 0.5853 0.5062 -0.6335
vn 0.4041 0.3451 -0.8472
vn 0.1883 0.1591 -0.9691
vn -0.0466 0.0155 -0.9988
vn -0.3354 0.1124 -0.9354
vn -0.5876 0.1979 -0.7846
vn -0.7824 0.2647 -0.5637
vn -0.9050 0.3072 -0.2943
vn -0.9441 0.3208 -0.0762
vn -0.9441 0.3208 0.0762
vn -0.9050 0.3072 0.2943
vn -0.7824 0.2647 0.5637
vn -0.5876 0.1979 0.7846
vn -0.3354 0.1124 0.9354
vn -0.0466 0.0155 0.9988
vn 0.2516 -0.0845 0.9641
vn 0.5278 -0.1782 0.8304
vn 0.7511 -0.2553 0.6088
vn 0.8960 -0.3060 0.3217
vn 0.9431 -0.3227 0.0798
vn 0.9431 -0.3227 -0.0798
vn 0.8960 -0.3060 -0.3217
vn 0.7511 -0.2553 -0.6088
vn 0.5278 -0.1782 -0.8304
vn 0.2516 -0.0845 -0.9641
vn -0.0133 0.0440 -0.9989
vn -0.0984 0.3284 -0.9394
vn -0.1723 0.5824 -0.7945
vn -0.2290 0.7845 -0.5763
vn -0.2646 0.9155 -0.3031
vn -0.2758 0.9580 -0.0787
vn -0.2758 0.9580 0.0787
vn -0.2646 0.9155 0.3031
vn -0.2290 0.7845 0.5763
vn -0.1723 0.5824 0.7945
vn -0.0984 0.3284 0.9394
vn -0.0133 0.0440 0.9989
vn 0.0741 -0.2485 0.9658
vn 0.1537 -0.5238 0.8378
vn 0.2168 -0.7536 0.6206
vn 0.2574 -0.9079 0.3309
vn 0.2703 -0.9592 0.0825
vn 0.2703 -0.9592 -0.0825
vn 0.2574 -0.9079 -0.3309
vn 0.2168 -0.7536 -0.6206
vn 0.1537 -0.5238 -0.8378
vn 0.0741 -0.2485 -0.9658
vn 0.0038 0.0119 -0.9999
vn 0.1015 0.3107 -0.9451
vn 0.1879 0.5747 -0.7965
vn 0.2550 0.7788 -0.5732
vn 0.2973 0.9067 -0.2992
vn 0.3108 0.9474 -0.0762
vn 0.3108 0.9474 0.0762
vn 0.2973 0.9067 0.2992
vn 0.2550 0.7788 0.5732
vn 0.1879 0.5747 0.7965
vn 0.1015 0.3107 0.9451
vn 0.0038 0.0119 0.9999
vn -0.0951 -0.2892 0.9525
vn -0.1849 -0.5592 0.8081
vn -0.2559 -0.7701 0.5843
vn -0.3013 -0.9031 0.3059
vn -0.3160 -0.9456 0.0770
vn -0.3160 -0.9456 -0.0770
vn -0.3013 -0.9031 -0.3059
vn -0.2559 -0.7701 -0.5843
vn -0.1849 -0.5592 -0.8081
vn -0.0951 -0.2892 -0.9525
vn -0.0004 -0.0008 -1.0000
vn 0.1299 0.2801 -0.9511
vn 0.2473 0.5334 -0.8089
vn 0.3403 0.7342 -0.5875
vn 0.4000 0.8629 -0.3088
vn 0.4192 0.9045 -0.0783
vn 0.4192 0.9045 0.0783
vn 0.4000 0.8629 0.3088
vn 0.3403 0.7342 0.5875
vn 0.2473 0.5334 0.8089
vn 0.1299 0.2801 0.9511
vn -0.0004 -0.0008 1.0000
vn -0.1306 -0.2815 0.9506
vn -0.2479 -0.5344 0.8081
vn -0.3408 -0.7346 0.5867
vn -0.4003 -0.8630 0.3083
vn -0.4195 -0.9044 0.0783
vn -0.4195 -0.9044 -0.0783
vn -0.4003 -0.8630 -0.3083
vn -0.3408 -0.7346 -0.5867
vn -0.2479 -0.5344 -0.8081
vn -0.1306 -0.2815 -0.9506
vn -0.0000 -0.0000 -1.0000
vn 0.1279 0.2818 -0.9509
vn 0.2432 0.5357 -0.8086
vn 0.3346 0.7370 -0.5872
vn 0.3932 0.8661 -0.3086
vn 0.4122 0.9077 -0.0783
vn 0.4122 0.9077 0.0783
vn 0.3932 0.8661 0.3086
vn 0.3346 0.7370 0.5872
vn 0.2432 0.5357 0.8086
vn 0.1279 0.2818 0.9509
vn -0.0000 -0.0000 1.0000
vn -0.1278 -0.2817 0.9509
vn -0.2431 -0.5357 0.8086
vn -0.3344 -0.7371 0.5873
vn -0.3930 -0.8662 0.3086
vn -0.4119 -0.9079 0.0783
vn -0.4119 -0.9079 -0.0783
vn -0.3930 -0.8662 -0.3086
vn -0.3344 -0.7371 -0.5873
vn -0.2431 -0.5357 -0.8086
vn -0.1278 -0.2817 -0.9509
vn 0.0071 0.0097 -0.9999
vn 0.1930 0.3076 -0.9317
vn 0.3454 0.5481 -0.7617
vn 0.4516 0.7161 -0.5322
vn 0.5130 0.8140 -0.2725
vn 0.5320 0.8440 -0.0688
vn 0.5320 0.8440 0.0688
vn 0.5130 0.8140 0.2725
vn 0.4516 0.7161 0.5322
vn 0.3454 0.5481 0.7617
vn 0.1930 0.3076 0.9317
vn 0.0071 0.0097 0.9999
vn -0.1765 -0.2979 0.9381
vn -0.3207 -0.5573 0.7659
vn -0.4137 -0.7396 0.5309
vn -0.4633 -0.8442 0.2698
vn -0.4772 -0.8762 0.0672
vn -0.4772 -0.8762 -0.0672
vn -0.4633 -0.8442 -0.2698
vn -0.4137 -0.7396 -0.5309
vn -0.3207 -0.5573 -0.7659
vn -0.1765 -0.2979 -0.9381
vn 0.0686 -0.0116 -0.9976
vn 0.2735 -0.0465 -0.9607
vn 0.4884 -0.0826 -0.8687
vn 0.7109 -0.1194 -0.6931
vn 0.9041 -0.1512 -0.3996
vn 0.9803 -0.1641 -0.1100
vn 0.9803 -0.1641 0.1100
vn 0.9041 -0.1512 0.3996
vn 0.7109 -0.1194 0.6931
vn 0.4884 -0.0826 0.8687
vn 0.2735 -0.0465 0.9607
vn 0.0686 -0.0116 0.9976
vn -0.1330 0.0214 0.9909
vn -0.3432 0.0532 0.9377
vn -0.5812 0.0881 0.8090
vn -0.8434 0.1268 0.5221
vn -0.9791 0.1473 0.1403
vn -0.9791 0.1473 -0.1403
vn -0.8434 0.1268 -0.5221
vn -0.5812 0.0881 -0.8090
vn -0.3432 0.0532 -0.9377
vn -0.1330 0.0214 -0.9909
vn 0.0041 -0.0175 -0.9998
vn 0.0711 -0.3605 -0.9300
vn 0.1249 -0.6385 -0.7594
vn 0.1605 -0.8326 -0.5301
vn 0.1799 -0.9456 -0.2713
vn 0.1857 -0.9802 -0.0687
vn 0.1857 -0.9802 0.0687
vn 0.1799 -0.9456 0.2713
vn 0.1605 -0.8326 0.5301
vn 0.1249 -0.6385 0.7595
vn 0.0711 -0.3605 0.9300
vn 0.0041 -0.0175 0.9998
vn -0.0595 0.3343 0.9406
vn -0.1039 0.6288 0.7706
vn -0.1272 0.8345 0.5361
vn -0.1369 0.9522 0.2730
vn -0.1387 0.9880 0.0679
vn -0.1387 0.9880 -0.0679
vn -0.1369 0.9522 -0.2730
vn -0.1272 0.8345 -0.5361
vn -0.1039 0.6288 -0.7706
vn -0.0595 0.3343 -0.9406
vn -0.0001 -0.0035 -1.0000
vn -0.0085 -0.3128 -0.9498
vn -0.0161 -0.5909 -0.8066
vn -0.0221 -0.8107 -0.5851
vn -0.0259 -0.9513 -0.3072
vn -0.0271 -0.9966 -0.0781
vn -0.0271 -0.9966 0.0781
vn -0.0259 -0.9513 0.3072
vn -0.0221 -0.8107 0.5851
vn -0.0161 -0.5909 0.8066
vn -0.0085 -0.3128 0.9498
vn -0.0001 -0.0035 1.0000
vn 0.0084 0.3064 0.9518
vn 0.0162 0.5863 0.8099
vn 0.0224 0.8082 0.5884
vn 0.0264 0.9506 0.3093
vn 0.0277 0.9965 0.0784
vn 0.0277 0.9965 -0.0784
vn 0.0264 0.9506 -0.3093
vn 0.0224 0.8082 -0.5884
vn 0.0162 0.5863 -0.8099
vn 0.0084 0.3064 -0.9519
vt 0.000000 1.000000
vt 0.083333 1.000000
vt 0.083333 0.954545
vt 0.000000 0.954545
vt 0.000000 0.045455
vt 0.083333 0.045455
vt 0.083333 0.000000
vt 0.000000 0.000000
vt 0.000000 0.090909
vt 0.083333 0.090909
vt 0.000000 0.136364
vt 0.083333 0.136364
vt 0.000000 0.181818
vt 0.083333 0.181818
vt 0.000000 0.227273
vt 0.083333 0.227273
vt 0.000000 0.272727
vt 0.083333 0.272727
vt 0.000000 0.318182
vt 0.083333 0.318182
vt 0.000000 0.363636
vt 0.083333 0.363636
vt 0.000000 0.409091
vt 0.083333 0.409091
vt 0.000000 0.454545
vt 0.083333 0.454545
vt 0.000000 0.500000
vt 0.083333 0.500000
vt 0.000000 0.545455
vt 0.083333 0.545455
vt 0.000000 0.590909
vt 0.083333 0.590909
vt 0.000000 0.636364
vt 0.083333 0.636364
vt 0.000000 0.681818
vt 0.083333 0.681818
vt 0.000000 0.727273
vt 0.083333 0.727273
vt 0.000000 0.772727
vt 0.083333 0.772727
vt 0.000000 0.818182
vt 0.083333 0.818182
vt 0.000000 0.863636
vt 0.083333 0.863636
vt 0.000000 0.909091
vt 0.083333 0.909091
vt 0.166667 1.000000
vt 0.166667 0.954545
vt 0.166667 0.045455
vt 0.166667 0.000000
vt 0.166667 0.090909
vt 0.166667 0.136364
vt 0.166667 0.181818
vt 0.166667 0.227273
vt 0.166667 0.272727
vt 0.166667 0.318182
vt 0.166667 0.363636
vt 0.166667 0.409091
vt 0.166667 0.454545
vt 0.166667 0.500000
vt 0.166667 0.545455
vt 0.166667 0.590909
vt 0.166667 0.636364
vt 0.166667 0.681818
vt 0.166667 0.727273
vt 0.166667 0.772727
vt 0.166667 0.818182
vt 0.166667 0.863636
vt 0.166667 0.909091
vt 0.250000 1.000000
vt 0.250000 0.954545
vt 0.250000 0.045455
vt 0.250000 0.000000
vt 0.250000 0.090909
vt 0.250000 0.136364
vt 0.250000 0.181818
vt 0.250000 0.227273
vt 0.250000 0.272727
vt 0.250000 0.318182
vt 0.250000 0.363636
vt 0.250000 0.409091
vt 0.250000 0.454545
vt 0.250000 0.500000
vt 0.250000 0.545455
vt 0.250000 0.590909
vt 0.250000 0.636364
vt 0.250000 0.681818
vt 0.250000 0.727273
vt 0.250000 0.772727
vt 0.250000 0.818182
vt 0.250000 0.863636
vt 0.250000 0.909091
vt 0.333333 1.000000
vt 0.333333 0.954545
vt 0.333333 0.045455
vt 0.333333 0.000000
vt 0.333333 0.090909
vt 0.333333 0.136364
vt 0.333333 0.181818
vt 0.333333 0.227273
vt 0.333333 0.272727
vt 0.333333 0.318182
vt 0.333333 0.363636
vt 0.333333 0.409091
vt 0.333333 0.454545
vt 0.333333 0.500000
vt 0.333333 0.545455
vt 0.333333 0.590909
vt 0.333333 0.636364
vt 0.333333 0.681818
vt 0.333333 0.727273
vt 0.333333 0.772727
vt 0.333333 0.818182
vt 0.333333 0.863636
vt 0.333333 0.909091
vt 0.416667 1.000000
vt 0.416667 0.954545
vt 0.416667 0.045455
vt 0.416667 0.000000
vt 0.416667 0.090909
vt 0.416667 0.136364
vt 0.416667 0.181818
vt 0.416667 0.227273
vt 0.416667 0.272727
vt 0.416667 0.318182
vt 0.416667 0.363636
vt 0.416667 0.409091
vt 0.416667 0.454545
vt 0.416667 0.500000
vt 0.416667 0.545455
vt 0.416667 0.590909
vt 0.416667 0.636364
vt 0.416667 0.681818
vt 0.416667 0.727273
vt 0.416667 0.772727
vt 0.416667 0.818182
vt 0.416667 0.863636
vt 0.416667 0.909091
vt 0.500000 1.000000
vt 0.500000 0.954545
vt 0.500000 0.045455
vt 0.500000 0.000000
vt 0.500000 0.090909
vt 0.500000 0.136364
vt 0.500000 0.181818
vt 0.500000 0.227273
vt 0.500000 0.272727
vt 0.500000 0.318182
vt 0.500000 0.363636
vt 0.500000 0.409091
vt 0.500000 0.454545
vt 0.500000 0.500000
vt 0.500000 0.545455
vt 0.500000 0.590909
vt 0.500000 0.636364
vt 0.500000 0.681818
vt 0.500000 0.727273
vt 0.500000 0.772727
vt 0.500000 0.818182
vt 0.500000 0.863636
vt 0.500000 0.909091
vt 0.583333 1.000000
vt 0.583333 0.954545
vt 0.583333 0.045455
vt 0.583333 0.000000
vt 0.583333 0.090909
vt 0.583333 0.136364
vt 0.583333 0.181818
vt 0.583333 0.227273
vt 0.583333 0.272727
vt 0.583333 0.318182
vt 0.583333 0.363636
vt 0.583333 0.409091
vt 0.583333 0.454545
vt 0.583333 0.500000
vt 0.583333 0.545455
vt 0.583333 0.590909
vt 0.583333 0.636364
vt 0.583333 0.681818
vt 0.583333 0.727273
vt 0.583333 0.772727
vt 0.583333 0.818182
vt 0.583333 0.863636
vt 0.583333 0.909091
vt 0.666667 1.000000
vt 0.666667 0.954545
vt 0.666667 0.045455
vt 0.666667 0.000000
vt 0.666667 0.090909
vt 0.666667 0.136364
vt 0.666667 0.181818
vt 0.666667 0.227273
vt 0.666667 0.272727
vt 0.666667 0.318182
vt 0.666667 0.363636
vt 0.666667 0.409091
vt 0.666667 0.454545
vt 0.666667 0.500000
vt 0.666667 0.545455
vt 0.666667 0.590909
vt 0.666667 0.636364
vt 0.666667 0.681818
vt 0.666667 0.727273
vt 0.666667 0.772727
vt 0.666667 0.818182
vt 0.666667 0.863636
vt 0.666667 0.909091
vt 0.750000 1.000000
vt 0.750000 0.954545
vt 0.750000 0.045455
vt 0.750000 0.000000
vt 0.750000 0.090909
vt 0.750000 0.136364
vt 0.750000 0.181818
vt 0.750000 0.227273
vt 0.750000 0.272727
vt 0.750000 0.318182
vt 0.750000 0.363636
vt 0.750000 0.409091
vt 0.750000 0.454545
vt 0.750000 0.500000
vt 0.750000 0.545455
vt 0.750000 0.590909
vt 0.750000 0.636364
vt 0.750000 0.681818
vt 0.750000 0.727273
vt 0.750000 0.772727
vt 0.750000 0.818182
vt 0.750000 0.863636
vt 0.750000 0.909091
vt 0.833333 1.000000
vt 0.833333 0.954545
vt 0.833333 0.045455
vt 0.833333 0.000000
vt 0.833333 0.090909
vt 0.833333 0.136364
vt 0.833333 0.181818
vt 0.833333 0.227273
vt 0.833333 0.272727
vt 0.833333 0.318182
vt 0.833333 0.363636
vt 0.833333 0.409091
vt 0.833333 0.454545
vt 0.833333 0.500000
vt 0.833333 0.545455
vt 0.833333 0.590909
vt 0.833333 0.636364
vt 0.833333 0.681818
vt 0.833333 0.727273
vt 0.833333 0.772727
vt 0.833333 0.818182
vt 0.833333 0.863636
vt 0.833333 0.909091
vt 0.916667 1.000000
vt 0.916667 0.954545
vt 0.916667 0.045455
vt 0.916667 0.000000
vt 0.916667 0.090909
vt 0.916667 0.136364
vt 0.916667 0.181818
vt 0.916667 0.227273
vt 0.916667 0.272727
vt 0.916667 0.318182
vt 0.916667 0.363636
vt 0.916667 0.409091
vt 0.916667 0.454545
vt 0.916667 0.500000
vt 0.916667 0.545455
vt 0.916667 0.590909
vt 0.916667 0.636364
vt 0.916667 0.681818
vt 0.916667 0.727273
vt 0.916667 0.772727
vt 0.916667 0.818182
vt 0.916667 0.863636
vt 0.916667 0.909091
vt 1.000000 1.000000
vt 1.000000 0.954545
vt 1.000000 0.045455
vt 1.000000 0.000000
vt 1.000000 0.090909
vt 1.000000 0.136364
vt 1.000000 0.181818
vt 1.000000 0.227273
vt 1.000000 0.272727
vt 1.000000 0.318182
vt 1.000000 0.363636
vt 1.000000 0.409091
vt 1.000000 0.454545
vt 1.000000 0.500000
vt 1.000000 0.545455
vt 1.000000 0.590909
vt 1.000000 0.636364
vt 1.000000 0.681818
vt 1.000000 0.727273
vt 1.000000 0.772727
vt 1.000000 0.818182
vt 1.000000 0.863636
vt 1.000000 0.909091
s 1
usemtl Material
f 377/376/303 399/377/325 420/378/346 398/379/324
f 378/380/304 400/381/326 399/382/325 377/383/303
f 379/384/305 401/385/327 400/381/326 378/380/304
f 380/386/306 402/387/328 401/385/327 379/384/305
f 381/388/307 403/389/329 402/387/328 380/386/306
f 382/390/308 404/391/330 403/389/329 381/388/307
f 383/392/309 405/393/331 404/391/330 382/390/308
f 384/394/310 406/395/332 405/393/331 383/392/309
f 385/396/311 407/397/333 406/395/332 384/394/310
f 386/398/312 408/399/334 407/397/333 385/396/311
f 387/400/313 409/401/335 408/399/334 386/398/312
f 388/402/314 410/403/336 409/401/335 387/400/313
f 389/404/315 411/405/337 410/403/336 388/402/314
f 390/406/316 412/407/338 411/405/337 389/404/315
f 391/408/317 413/409/339 412/407/338 390/406/316
f 392/410/318 414/411/340 413/409/339 391/408/317
f 393/412/319 415/413/341 414/411/340 392/410/318
f 394/414/320 416/415/342 415/413/341 393/412/319
f 395/416/321 417/417/343 416/415/342 394/414/320
f 396/418/322 418/419/344 417/417/343 395/416/321
f 397/420/323 419/421/345 418/419/344 396/418/322
f 398/379/324 420/378/346 419/421/345 397/420/323
f 399/377/325 421/422/347 442/423/368 420/378/346
f 400/381/326 422/424/348 421/425/347 399/382/325
f 401/385/327 423/426/349 422/424/348 400/381/326
f 402/387/328 424/427/350 423/426/349 401/385/327
f 403/389/329 425/428/351 424/427/350 402/387/328
f 404/391/330 426/429/352 425/428/351 403/389/329
f 405/393/331 427/430/353 426/429/352 404/391/330
f 406/395/332 428/431/354 427/430/353 405/393/331
f 407/397/333 429/432/355 428/431/354 406/395/332
f 408/399/334 430/433/356 429/432/355 407/397/333
f 409/401/335 431/434/357 430/433/356 408/399/334
f 410/403/336 432/435/358 431/434/357 409/401/335
f 411/405/337 433/436/359 432/435/358 410/403/336
f 412/407/338 434/437/360 433/436/359 411/405/337
f 413/409/339 435/438/361 434/437/360 412/407/338
f 414/411/340 436/439/362 435/438/361 413/409/339
f 415/413/341 437/440/363 436/439/362 414/411/340
f 416/415/342 438/441/364 437/440/363 415/413/341
f 417/417/343 439/442/365 438/441/364 416/415/342
f 418/419/344 440/443/366 439/442/365 417/417/343
f 419/421/345 441/444/367 440/443/366 418/419/344
f 420/378/346 442/423/368 441/444/367 419/421/345
f 421/422/347 443/445/369 464/446/390 442/423/368
f 422/424/348 444/447/370 443/448/369 421/425/347
f 423/426/349 445/449/371 444/447/370 422/424/348
f 424/427/350 446/450/372 445/449/371 423/426/349
f 425/428/351 447/451/373 446/450/372 424/427/350
f 426/429/352 448/452/374 447/451/373 425/428/351
f 427/430/353 449/453/375 448/452/374 426/429/352
f 428/431/354 450/454/376 449/453/375 427/430/353
f 429/432/355 451/455/377 450/454/376 428/431/354
f 430/433/356 452/456/378 451/455/377 429/432/355
f 431/434/357 453/457/379 452/456/378 430/433/356
f 432/435/358 454/458/380 453/457/379 431/434/357
f 433/436/359 455/459/381 454/458/380 432/435/358
f 434/437/360 456/460/382 455/459/381 433/436/359
f 435/438/361 457/461/383 456/460/382 434/437/360
f 436/439/362 458/462/384 457/461/383 435/438/361
f 437/440/363 459/463/385 458/462/384 436/439/362
f 438/441/364 460/464/386 459/463/385 437/440/363
f 439/442/365 461/465/387 460/464/386 438/441/364
f 440/443/366 462/466/388 461/465/387 439/442/365
f 441/444/367 463/467/389 462/466/388 440/443/366
f 442/423/368 464/446/390 463/467/389 441/444/367
f 443/445/369 465/468/391 486/469/412 464/446/390
f 444/447/370 466/470/392 465/471/391 443/448/369
f 445/449/371 467/472/393 466/470/392 444/447/370
f 446/450/372 468/473/394 467/472/393 445/449/371
f 447/451/373 469/474/395 468/473/394 446/450/372
f 448/452/374 470/475/396 469/474/395 447/451/373
f 449/453/375 471/476/397 470/475/396 448/452/374
f 450/454/376 472/477/398 471/476/397 449/453/375
f 451/455/377 473/478/399 472/477/398 450/454/376
f 452/456/378 474/479/400 473/478/399 451/455/377
f 453/457/379 475/480/401 474/479/400 452/456/378
f 454/458/380 476/481/402 475/480/401 453/457/379
f 455/459/381 477/482/403 476/481/402 454/458/380
f 456/460/382 478/483/404 477/482/403 455/459/381
f 457/461/383 479/484/405 478/483/404 456/460/382
f 458/462/384 480/485/406 479/484/405 457/461/383
f 459/463/385 481/486/407 480/485/406 458/462/384
f 460/464/386 482/487/408 481/486/407 459/463/385
f 461/465/387 483/488/409 482/487/408 460/464/386
f 462/466/388 484/489/410 483/488/409 461/465/387
f 463/467/389 485/490/411 484/489/410 462/466/388
f 464/446/390 486/469/412 485/490/411 463/467/389
f 465/468/391 487/491/413 508/492/434 486/469/412
f 466/470/392 488/493/414 487/494/413 465/471/391
f 467/472/393 489/495/415 488/493/414 466/470/392
f 468/473/394 490/496/416 489/495/415 467/472/393
f 469/474/395 491/497/417 490/496/416 468/473/394
f 470/475/396 492/498/418 491/497/417 469/474/395
f 471/476/397 493/499/419 492/498/418 470/475/396
f 472/477/398 494/500/420 493/499/419 471/476/397
f 473/478/399 495/501/421 494/500/420 472/477/398
f 474/479/400 496/502/422 495/501/421 473/478/399
f 475/480/401 497/503/423 496/502/422 474/479/400
f 476/481/402 498/504/424 497/503/423 475/480/401
f 477/482/403 499/505/425 498/504/424 476/481/402
f 478/483/404 500/506/426 499/505/425 477/482/403
f 479/484/405 501/507/427 500/506/426 478/483/404
f 480/485/406 502/508/428 501/507/427 479/484/405
f 481/486/407 503/509/429 502/508/428 480/485/406
f 482/487/408 504/510/430 503/509/429 481/486/407
f 483/488/409 505/511/431 504/510/430 482/487/408
f 484/489/410 506/512/432 505/511/431 483/488/409
f 485/490/411 507/513/433 506/512/432 484/489/410
f 486/469/412 508/492/434 507/513/433 485/490/411
f 487/491/413 509/514/435 530/515/456 508/492/434
f 488/493/414 510/516/436 509/517/435 487/494/413
f 489/495/415 511/518/437 510/516/436 488/493/414
f 490/496/416 512/519/438 511/518/437 489/495/415
f 491/497/417 513/520/439 512/519/438 490/496/416
f 492/498/418 514/521/440 513/520/439 491/497/417
f 493/499/419 515/522/441 514/521/440 492/498/418
f 494/500/420 516/523/442 515/522/441 493/499/419
f 495/501/421 517/524/443 516/523/442 494/500/420
f 496/502/422 518/525/444 517/524/443 495/501/421
f 497/503/423 519/526/445 518/525/444 496/502/422
f 498/504/424 520/527/446 519/526/445 497/503/423
f 499/505/425 521/528/447 520/527/446 498/504/424
f 500/506/426 522/529/448 521/528/447 499/505/425
f 501/507/427 523/530/449 522/529/448 500/506/426
f 502/508/428 524/531/450 523/530/449 501/507/427
f 503/509/429 525/532/451 524/531/450 502/508/428
f 504/510/430 526/533/452 525/532/451 503/509/429
f 505/511/431 527/534/453 526/533/452 504/510/430
f 506/512/432 528/535/454 527/534/453 505/511/431
f 507/513/433 529/536/455 528/535/454 506/512/432
f 508/492/434 530/515/456 529/536/455 507/513/433
f 509/514/435 531/537/457 552/538/478 530/515/456
f 510/516/436 532/539/458 531/540/457 509/517/435
f 511/518/437 533/541/459 532/539/458 510/516/436
f 512/519/438 534/542/460 533/541/459 511/518/437
f 513/520/439 535/543/461 534/542/460 512/519/438
f 514/521/440 536/544/462 535/543/461 513/520/439
f 515/522/441 537/545/463 536/544/462 514/521/440
f 516/523/442 538/546/464 537/545/463 515/522/441
f 517/524/443 539/547/465 538/546/464 516/523/442
f 518/525/444 540/548/466 539/547/465 517/524/443
f 519/526/445 541/549/467 540/548/466 518/525/444
f 520/527/446 542/550/468 541/549/467 519/526/445
f 521/528/447 543/551/469 542/550/468 520/527/446
f 522/529/448 544/552/470 543/551/469 521/528/447
f 523/530/449 545/553/471 544/552/470 522/529/448
f 524/531/450 546/554/472 545/553/471 523/530/449
f 525/532/451 547/555/473 546/554/472 524/531/450
f 526/533/452 548/556/474 547/555/473 525/532/451
f 527/534/453 549/557/475 548/556/474 526/533/452
f 528/535/454 550/558/476 549/557/475 527/534/453
f 529/536/455 551/559/477 550/558/476 528/535/454
f 530/515/456 552/538/478 551/559/477 529/536/455
f 531/537/457 553/560/479 574/561/500 552/538/478
f 532/539/458 554/562/480 553/563/479 531/540/457
f 533/541/459 555/564/481 554/562/480 532/539/458
f 534/542/460 556/565/482 555/564/481 533/541/459
f 535/543/461 557/566/483 556/565/482 534/542/460
f 536/544/462 558/567/484 557/566/483 535/543/461
f 537/545/463 559/568/485 558/567/484 536/544/462
f 538/546/464 560/569/486 559/568/485 537/545/463
f 539/547/465 561/570/487 560/569/486 538/546/464
f 540/548/466 562/571/488 561/570/487 539/547/465
f 541/549/467 563/572/489 562/571/488 540/548/466
f 542/550/468 564/573/490 563/572/489 541/549/467
f 543/551/469 565/574/491 564/573/490 542/550/468
f 544/552/470 566/575/492 565/574/491 543/551/469
f 545/553/471 567/576/493 566/575/492 544/552/470
f 546/554/472 568/577/494 567/576/493 545/553/471
f 547/555/473 569/578/495 568/577/494 546/554/472
f 548/556/474 570/579/496 569/578/495 547/555/473
f 549/557/475 571/580/497 570/579/496 548/556/474
f 550/558/476 572/581/498 571/580/497 549/557/475
f 551/559/477 573/582/499 572/581/498 550/558/476
f 552/538/478 574/561/500 573/582/499 551/559/477
f 553/560/479 575/583/501 596/584/522 574/561/500
f 554/562/480 576/585/502 575/586/501 553/563/479
f 555/564/481 577/587/503 576/585/502 554/562/480
f 556/565/482 578/588/504 577/587/503 555/564/481
f 557/566/483 579/589/505 578/588/504 556/565/482
f 558/567/484 580/590/506 579/589/505 557/566/483
f 559/568/485 581/591/507 580/590/506 558/567/484
f 560/569/486 582/592/508 581/591/507 559/568/485
f 561/570/487 583/593/509 582/592/508 560/569/486
f 562/571/488 584/594/510 583/593/509 561/570/487
f 563/572/489 585/595/511 584/594/510 562/571/488
f 564/573/490 586/596/512 585/595/511 563/572/489
f 565/574/491 587/597/513 586/596/512 564/573/490
f 566/575/492 588/598/514 587/597/513 565/574/491
f 567/576/493 589/599/515 588/598/514 566/575/492
f 568/577/494 590/600/516 589/599/515 567/576/493
f 569/578/495 591/601/517 590/600/516 568/577/494
f 570/579/496 592/602/518 591/601/517 569/578/495
f 571/580/497 593/603/519 592/602/518 570/579/496
f 572/581/498 594/604/520 593/603/519 571/580/497
f 573/582/499 595/605/521 594/604/520 572/581/498
f 574/561/500 596/584/522 595/605/521 573/582/499
f 575/583/501 597/606/523 618/607/544 596/584/522
f 576/585/502 598/608/524 597/609/523 575/586/501
f 577/587/503 599/610/525 598/608/524 576/585/502
f 578/588/504 600/611/526 599/610/525 577/587/503
f 579/589/505 601/612/527 600/611/526 578/588/504
f 580/590/506 602/613/528 601/612/527 579/589/505
f 581/591/507 603/614/529 602/613/528 580/590/506
f 582/592/508 604/615/530 603/614/529 581/591/507
f 583/593/509 605/616/531 604/615/530 582/592/508
f 584/594/510 606/617/532 605/616/531 583/593/509
f 585/595/511 607/618/533 606/617/532 584/594/510
f 586/596/512 608/619/534 607/618/533 585/595/511
f 587/597/513 609/620/535 608/619/534 586/596/512
f 588/598/514 610/621/536 609/620/535 587/597/513
f 589/599/515 611/622/537 610/621/536 588/598/514
f 590/600/516 612/623/538 611/622/537 589/599/515
f 591/601/517 613/624/539 612/623/538 590/600/516
f 592/602/518 614/625/540 613/624/539 591/601/517
f 593/603/519 615/626/541 614/625/540 592/602/518
f 594/604/520 616/627/542 615/626/541 593/603/519
f 595/605/521 617/628/543 616/627/542 594/604/520
f 596/584/522 618/607/544 617/628/543 595/605/521
f 597/606/523 619/629/545 640/630/566 618/607/544
f 598/608/524 620/631/546 619/632/545 597/609/523
f 599/610/525 621/633/547 620/631/546 598/608/524
f 600/611/526 622/634/548 621/633/547 599/610/525
f 601/612/527 623/635/549 622/634/548 600/611/526
f 602/613/528 624/636/550 623/635/549 601/612/527
f 603/614/529 625/637/551 624/636/550 602/613/528
f 604/615/530 626/638/552 625/637/551 603/614/529
f 605/616/531 627/639/553 626/638/552 604/615/530
f 606/617/532 628/640/554 627/639/553 605/616/531
f 607/618/533 629/641/555 628/640/554 606/617/532
f 608/619/534 630/642/556 629/641/555 607/618/533
f 609/620/535 631/643/557 630/642/556 608/619/534
f 610/621/536 632/644/558 631/643/557 609/620/535
f 611/622/537 633/645/559 632/644/558 610/621/536
f 612/623/538 634/646/560 633/645/559 611/622/537
f 613/624/539 635/647/561 634/646/560 612/623/538
f 614/625/540 636/648/562 635/647/561 613/624/539
f 615/626/541 637/649/563 636/648/562 614/625/540
f 616/627/542 638/650/564 637/649/563 615/626/541
f 617/628/543 639/651/565 638/650/564 616/627/542
f 618/607/544 640/630/566 639/651/565 617/628/543
f 619/629/545 377/652/303 398/653/324 640/630/566
f 620/631/546 378/654/304 377/655/303 619/632/545
f 621/633/547 379/656/305 378/654/304 620/631/546
f 622/634/548 380/657/306 379/656/305 621/633/547
f 623/635/549 381/658/307 380/657/306 622/634/548
f 624/636/550 382/659/308 381/658/307 623/635/549
f 625/637/551 383/660/309 382/659/308 624/636/550
f 626/638/552 384/661/310 383/660/309 625/637/551
f 627/639/553 385/662/311 384/661/310 626/638/552
f 628/640/554 386/663/312 385/662/311 627/639/553
f 629/641/555 387/664/313 386/663/312 628/640/554
f 630/642/556 388/665/314 387/664/313 629/641/555
f 631/643/557 389/666/315 388/665/314 630/642/556
f 632/644/558 390/667/316 389/666/315 631/643/557
f 633/645/559 391/668/317 390/667/316 632/644/558
f 634/646/560 392/669/318 391/668/317 633/645/559
f 635/647/561 393/670/319 392/669/318 634/646/560
f 636/648/562 394/671/320 393/670/319 635/647/561
f 637/649/563 395/672/321 394/671/320 636/648/562
f 638/650/564 396/673/322 395/672/321 637/649/563
f 639/651/565 397/674/323 396/673/322 638/650/564
f 640/630/566 398/653/324 397/674/323 639/651/565
o BézierCircle.001
v -0.124982 1.040934 0.497388
v -0.124523 1.038041 0.497559
v -0.123191 1.035431 0.497714
v -0.121116 1.033359 0.497837
v -0.118501 1.032030 0.497916
v -0.115603 1.031571 0.497943
v 0.184516 1.031571 0.497943
v 0.187414 1.032030 0.497916
v 0.190028 1.033359 0.497837
v 0.192103 1.035431 0.497714
v 0.193435 1.038041 0.497559
v 0.193894 1.040934 0.497388
v 0.193435 1.043827 0.497217
v 0.192103 1.046437 0.497062
v 0.190028 1.048508 0.496939
v 0.187414 1.049838 0.496861
v 0.184516 1.050296 0.496834
v -0.115603 1.050296 0.496834
v -0.118501 1.049838 0.496861
v -0.121116 1.048508 0.496940
v -0.123191 1.046437 0.497062
v -0.124523 1.043827 0.497217
v -0.124982 1.052933 0.714142
v -0.124523 1.050080 0.714653
v -0.123191 1.047507 0.715114
v -0.121116 1.045464 0.715479
v -0.118501 1.044153 0.715714
v -0.115603 1.043701 0.715795
v 0.184516 1.043701 0.715795
v 0.187414 1.044153 0.715714
v 0.190028 1.045464 0.715479
v 0.192103 1.047507 0.715114
v 0.193435 1.050080 0.714653
v 0.193894 1.052933 0.714142
v 0.193435 1.055786 0.713632
v 0.192103 1.058359 0.713171
v 0.190028 1.060402 0.712805
v 0.187414 1.061713 0.712570
v 0.184516 1.062165 0.712490
v -0.115603 1.062165 0.712490
v -0.118501 1.061713 0.712570
v -0.121116 1.060402 0.712805
v -0.123191 1.058359 0.713171
v -0.124523 1.055786 0.713632
v -0.124982 1.108303 0.893784
v -0.124523 1.106399 0.895969
v -0.123191 1.104681 0.897940
v -0.121116 1.103318 0.899504
v -0.118501 1.102443 0.900509
v -0.115603 1.102141 0.900855
v 0.184516 1.102141 0.900855
v 0.187414 1.102443 0.900509
v 0.190028 1.103318 0.899504
v 0.192103 1.104681 0.897940
v 0.193435 1.106399 0.895969
v 0.193894 1.108303 0.893784
v 0.193435 1.110208 0.891600
v 0.192103 1.111926 0.889629
v 0.190028 1.113289 0.888065
v 0.187414 1.114164 0.887060
v 0.184516 1.114466 0.886714
v -0.115603 1.114466 0.886714
v -0.118501 1.114164 0.887060
v -0.121116 1.113289 0.888065
v -0.123191 1.111925 0.889629
v -0.124523 1.110208 0.891600
v -0.124982 1.284470 0.922570
v -0.124523 1.285406 0.925314
v -0.123191 1.286249 0.927788
v -0.121116 1.286919 0.929752
v -0.118501 1.287349 0.931013
v -0.115603 1.287497 0.931447
v 0.184516 1.287497 0.931447
v 0.187414 1.287349 0.931013
v 0.190028 1.286919 0.929752
v 0.192103 1.286249 0.927788
v 0.193435 1.285406 0.925313
v 0.193894 1.284470 0.922570
v 0.193435 1.283535 0.919827
v 0.192103 1.282691 0.917353
v 0.190028 1.282022 0.915389
v 0.187414 1.281592 0.914128
v 0.184516 1.281444 0.913694
v -0.115603 1.281444 0.913694
v -0.118501 1.281592 0.914128
v -0.121116 1.282022 0.915389
v -0.123191 1.282691 0.917353
v -0.124523 1.283535 0.919827
v -0.124982 1.395880 0.803367
v -0.124523 1.398667 0.804161
v -0.123191 1.401181 0.804877
v -0.121116 1.403177 0.805445
v -0.118501 1.404458 0.805810
v -0.115603 1.404900 0.805936
v 0.184516 1.404900 0.805936
v 0.187414 1.404458 0.805810
v 0.190028 1.403177 0.805445
v 0.192103 1.401181 0.804877
v 0.193435 1.398667 0.804161
v 0.193894 1.395880 0.803367
v 0.193435 1.393092 0.802573
v 0.192103 1.390578 0.801857
v 0.190028 1.388582 0.801288
v 0.187414 1.387301 0.800924
v 0.184516 1.386860 0.800798
v -0.115603 1.386860 0.800798
v -0.118501 1.387301 0.800924
v -0.121116 1.388582 0.801288
v -0.123191 1.390578 0.801857
v -0.124523 1.393092 0.802573
v -0.124982 1.359949 0.623024
v -0.124523 1.362701 0.622113
v -0.123191 1.365183 0.621292
v -0.121116 1.367152 0.620640
v -0.118501 1.368417 0.620221
v -0.115603 1.368853 0.620077
v 0.184516 1.368853 0.620077
v 0.187414 1.368417 0.620221
v 0.190028 1.367152 0.620640
v 0.192103 1.365183 0.621292
v 0.193435 1.362700 0.622113
v 0.193894 1.359949 0.623024
v 0.193435 1.357198 0.623935
v 0.192103 1.354716 0.624757
v 0.190028 1.352746 0.625409
v 0.187414 1.351482 0.625828
v 0.184516 1.351046 0.625972
v -0.115603 1.351046 0.625972
v -0.118501 1.351482 0.625828
v -0.121116 1.352746 0.625409
v -0.123191 1.354716 0.624757
v -0.124523 1.357198 0.623935
v -0.124982 1.272097 0.437753
v -0.124523 1.274727 0.436534
v -0.123191 1.277099 0.435434
v -0.121116 1.278981 0.434561
v -0.118501 1.280190 0.434001
v -0.115603 1.280606 0.433808
v 0.184516 1.280606 0.433808
v 0.187414 1.280190 0.434001
v 0.190028 1.278981 0.434561
v 0.192103 1.277099 0.435434
v 0.193435 1.274727 0.436534
v 0.193894 1.272097 0.437753
v 0.193435 1.269468 0.438973
v 0.192103 1.267096 0.440072
v 0.190028 1.265214 0.440945
v 0.187414 1.264005 0.441506
v 0.184516 1.263589 0.441699
v -0.115603 1.263589 0.441699
v -0.118501 1.264005 0.441506
v -0.121116 1.265214 0.440945
v -0.123191 1.267096 0.440072
v -0.124523 1.269468 0.438973
v -0.124982 1.184297 0.244070
v -0.124523 1.186936 0.242872
v -0.123191 1.189317 0.241791
v -0.121116 1.191206 0.240934
v -0.118501 1.192419 0.240383
v -0.115603 1.192837 0.240194
v 0.184516 1.192837 0.240194
v 0.187414 1.192419 0.240383
v 0.190028 1.191206 0.240934
v 0.192103 1.189317 0.241791
v 0.193435 1.186936 0.242872
v 0.193894 1.184297 0.244070
v 0.193435 1.181658 0.245268
v 0.192103 1.179277 0.246348
v 0.190028 1.177388 0.247206
v 0.187414 1.176175 0.247756
v 0.184516 1.175757 0.247946
v -0.115603 1.175757 0.247946
v -0.118501 1.176175 0.247756
v -0.121116 1.177388 0.247206
v -0.123191 1.179277 0.246348
v -0.124523 1.181658 0.245268
v -0.124982 1.110344 0.081338
v -0.124523 1.112839 0.079862
v -0.123191 1.115089 0.078531
v -0.121116 1.116875 0.077474
v -0.118501 1.118021 0.076796
v -0.115603 1.118416 0.076562
v 0.184516 1.118416 0.076562
v 0.187414 1.118021 0.076796
v 0.190028 1.116875 0.077475
v 0.192103 1.115089 0.078531
v 0.193435 1.112839 0.079862
v 0.193894 1.110344 0.081338
v 0.193435 1.107850 0.082814
v 0.192103 1.105600 0.084145
v 0.190028 1.103814 0.085202
v 0.187414 1.102668 0.085880
v 0.184516 1.102273 0.086114
v -0.115603 1.102273 0.086114
v -0.118501 1.102668 0.085880
v -0.121116 1.103814 0.085202
v -0.123191 1.105600 0.084145
v -0.124523 1.107850 0.082814
v -0.124982 1.063414 0.018566
v -0.124523 1.062954 0.015705
v -0.123191 1.062539 0.013123
v -0.121116 1.062210 0.011075
v -0.118501 1.061998 0.009760
v -0.115603 1.061925 0.009306
v 0.184516 1.061925 0.009306
v 0.187414 1.061998 0.009760
v 0.190028 1.062210 0.011075
v 0.192103 1.062539 0.013123
v 0.193435 1.062954 0.015705
v 0.193894 1.063414 0.018566
v 0.193435 1.063875 0.021428
v 0.192103 1.064290 0.024009
v 0.190028 1.064619 0.026057
v 0.187414 1.064831 0.027373
v 0.184516 1.064904 0.027826
v -0.115603 1.064904 0.027826
v -0.118501 1.064831 0.027373
v -0.121116 1.064619 0.026057
v -0.123191 1.064290 0.024009
v -0.124523 1.063875 0.021428
v -0.124982 1.030546 0.116744
v -0.124523 1.027687 0.116267
v -0.123191 1.025109 0.115836
v -0.121116 1.023062 0.115494
v -0.118501 1.021748 0.115275
v -0.115603 1.021295 0.115199
v 0.184516 1.021296 0.115199
v 0.187414 1.021748 0.115275
v 0.190028 1.023062 0.115494
v 0.192103 1.025109 0.115836
v 0.193435 1.027687 0.116267
v 0.193894 1.030546 0.116744
v 0.193435 1.033405 0.117222
v 0.192103 1.035983 0.117652
v 0.190028 1.038030 0.117994
v 0.187414 1.039344 0.118214
v 0.184516 1.039797 0.118289
v -0.115603 1.039796 0.118289
v -0.118501 1.039344 0.118214
v -0.121116 1.038030 0.117994
v -0.123191 1.035983 0.117652
v -0.124523 1.033404 0.117222
v -0.124982 1.029017 0.308545
v -0.124523 1.026120 0.308625
v -0.123191 1.023507 0.308697
v -0.121116 1.021433 0.308754
v -0.118501 1.020101 0.308791
v -0.115603 1.019642 0.308804
v 0.184516 1.019642 0.308804
v 0.187414 1.020101 0.308791
v 0.190028 1.021433 0.308754
v 0.192103 1.023507 0.308697
v 0.193435 1.026120 0.308625
v 0.193894 1.029017 0.308545
v 0.193435 1.031914 0.308466
v 0.192103 1.034528 0.308394
v 0.190028 1.036602 0.308337
v 0.187414 1.037934 0.308300
v 0.184516 1.038393 0.308287
v -0.115603 1.038393 0.308287
v -0.118501 1.037934 0.308300
v -0.121116 1.036602 0.308337
v -0.123191 1.034528 0.308394
v -0.124523 1.031914 0.308466
vn -1.0000 0.0004 -0.0000
vn -0.9510 -0.3087 0.0183
vn -0.8087 -0.5872 0.0348
vn -0.5872 -0.8080 0.0479
vn -0.3086 -0.9495 0.0564
vn -0.0783 -0.9952 0.0591
vn 0.0783 -0.9952 0.0591
vn 0.3086 -0.9495 0.0564
vn 0.5872 -0.8080 0.0479
vn 0.8087 -0.5872 0.0348
vn 0.9510 -0.3087 0.0183
vn 1.0000 0.0004 -0.0000
vn 0.9508 0.3094 -0.0183
vn 0.8083 0.5878 -0.0348
vn 0.5869 0.8083 -0.0478
vn 0.3084 0.9496 -0.0561
vn 0.0783 0.9952 -0.0588
vn -0.0783 0.9952 -0.0588
vn -0.3084 0.9496 -0.0561
vn -0.5869 0.8083 -0.0478
vn -0.8083 0.5878 -0.0348
vn -0.9508 0.3094 -0.0183
vn -0.9999 -0.0123 0.0024
vn -0.9441 -0.3243 0.0599
vn -0.7936 -0.5984 0.1103
vn -0.5694 -0.8085 0.1484
vn -0.2966 -0.9394 0.1719
vn -0.0754 -0.9809 0.1792
vn 0.0754 -0.9809 0.1792
vn 0.2966 -0.9394 0.1719
vn 0.5694 -0.8085 0.1484
vn 0.7936 -0.5984 0.1103
vn 0.9441 -0.3243 0.0599
vn 0.9999 -0.0123 0.0024
vn 0.9515 0.3026 -0.0550
vn 0.8051 0.5838 -0.1049
vn 0.5802 0.8019 -0.1423
vn 0.3030 0.9386 -0.1650
vn 0.0762 0.9821 -0.1720
vn -0.0762 0.9821 -0.1720
vn -0.3030 0.9386 -0.1650
vn -0.5802 0.8019 -0.1423
vn -0.8051 0.5838 -0.1049
vn -0.9515 0.3026 -0.0550
vn -0.9986 -0.0337 0.0403
vn -0.9395 -0.2209 0.2619
vn -0.7975 -0.3909 0.4595
vn -0.5816 -0.5300 0.6171
vn -0.3073 -0.6224 0.7199
vn -0.0802 -0.6529 0.7532
vn 0.0802 -0.6529 0.7532
vn 0.3073 -0.6224 0.7199
vn 0.5816 -0.5300 0.6171
vn 0.7975 -0.3909 0.4595
vn 0.9395 -0.2209 0.2620
vn 0.9986 -0.0337 0.0403
vn 0.9691 0.1591 -0.1883
vn 0.8472 0.3451 -0.4041
vn 0.6335 0.5062 -0.5853
vn 0.3406 0.6183 -0.7083
vn 0.0849 0.6566 -0.7494
vn -0.0849 0.6566 -0.7494
vn -0.3406 0.6183 -0.7083
vn -0.6335 0.5061 -0.5853
vn -0.8472 0.3451 -0.4041
vn -0.9691 0.1591 -0.1883
vn -0.9988 0.0155 0.0466
vn -0.9354 0.1124 0.3354
vn -0.7846 0.1979 0.5876
vn -0.5637 0.2647 0.7824
vn -0.2943 0.3072 0.9050
vn -0.0762 0.3208 0.9441
vn 0.0762 0.3208 0.9441
vn 0.2943 0.3072 0.9050
vn 0.5637 0.2647 0.7824
vn 0.7846 0.1979 0.5876
vn 0.9354 0.1124 0.3354
vn 0.9988 0.0155 0.0466
vn 0.9641 -0.0845 -0.2516
vn 0.8304 -0.1782 -0.5278
vn 0.6088 -0.2553 -0.7511
vn 0.3217 -0.3060 -0.8960
vn 0.0798 -0.3227 -0.9431
vn -0.0798 -0.3227 -0.9431
vn -0.3217 -0.3060 -0.8960
vn -0.6088 -0.2553 -0.7511
vn -0.8304 -0.1782 -0.5278
vn -0.9641 -0.0845 -0.2516
vn -0.9989 0.0440 0.0133
vn -0.9394 0.3284 0.0984
vn -0.7945 0.5824 0.1723
vn -0.5763 0.7845 0.2290
vn -0.3031 0.9155 0.2646
vn -0.0787 0.9580 0.2758
vn 0.0787 0.9580 0.2758
vn 0.3031 0.9155 0.2646
vn 0.5763 0.7845 0.2290
vn 0.7945 0.5824 0.1723
vn 0.9394 0.3284 0.0984
vn 0.9989 0.0440 0.0133
vn 0.9658 -0.2485 -0.0741
vn 0.8378 -0.5238 -0.1537
vn 0.6206 -0.7536 -0.2168
vn 0.3309 -0.9079 -0.2574
vn 0.0825 -0.9592 -0.2703
vn -0.0825 -0.9592 -0.2703
vn -0.3309 -0.9079 -0.2574
vn -0.6206 -0.7536 -0.2168
vn -0.8378 -0.5238 -0.1537
vn -0.9658 -0.2485 -0.0741
vn -0.9999 0.0119 -0.0038
vn -0.9451 0.3107 -0.1015
vn -0.7965 0.5747 -0.1879
vn -0.5732 0.7788 -0.2550
vn -0.2992 0.9067 -0.2973
vn -0.0762 0.9474 -0.3108
vn 0.0762 0.9474 -0.3108
vn 0.2992 0.9067 -0.2973
vn 0.5732 0.7788 -0.2550
vn 0.7965 0.5747 -0.1879
vn 0.9451 0.3107 -0.1015
vn 0.9999 0.0119 -0.0038
vn 0.9525 -0.2892 0.0951
vn 0.8081 -0.5592 0.1849
vn 0.5843 -0.7701 0.2559
vn 0.3059 -0.9031 0.3013
vn 0.0770 -0.9456 0.3160
vn -0.0770 -0.9456 0.3160
vn -0.3059 -0.9031 0.3013
vn -0.5843 -0.7701 0.2559
vn -0.8081 -0.5592 0.1849
vn -0.9525 -0.2892 0.0951
vn -1.0000 -0.0008 0.0004
vn -0.9511 0.2801 -0.1299
vn -0.8089 0.5334 -0.2473
vn -0.5875 0.7342 -0.3403
vn -0.3088 0.8629 -0.4000
vn -0.0783 0.9045 -0.4192
vn 0.0783 0.9045 -0.4192
vn 0.3088 0.8629 -0.4000
vn 0.5875 0.7342 -0.3403
vn 0.8089 0.5334 -0.2473
vn 0.9511 0.2801 -0.1299
vn 1.0000 -0.0008 0.0004
vn 0.9506 -0.2815 0.1306
vn 0.8081 -0.5344 0.2479
vn 0.5867 -0.7346 0.3408
vn 0.3083 -0.8630 0.4003
vn 0.0783 -0.9044 0.4195
vn -0.0783 -0.9044 0.4195
vn -0.3083 -0.8630 0.4003
vn -0.5867 -0.7346 0.3408
vn -0.8081 -0.5344 0.2479
vn -0.9506 -0.2815 0.1306
vn -1.0000 -0.0000 -0.0000
vn -0.9509 0.2818 -0.1279
vn -0.8086 0.5357 -0.2432
vn -0.5872 0.7370 -0.3346
vn -0.3086 0.8661 -0.3932
vn -0.0783 0.9077 -0.4122
vn 0.0783 0.9077 -0.4122
vn 0.3086 0.8661 -0.3932
vn 0.5872 0.7370 -0.3346
vn 0.8086 0.5357 -0.2432
vn 0.9509 0.2818 -0.1279
vn 1.0000 -0.0000 -0.0000
vn 0.9509 -0.2817 0.1278
vn 0.8086 -0.5357 0.2431
vn 0.5873 -0.7371 0.3344
vn 0.3086 -0.8662 0.3930
vn 0.0783 -0.9079 0.4119
vn -0.0783 -0.9079 0.4119
vn -0.3086 -0.8662 0.3930
vn -0.5873 -0.7371 0.3344
vn -0.8086 -0.5357 0.2431
vn -0.9509 -0.2817 0.1278
vn -0.9999 0.0097 -0.0071
vn -0.9317 0.3076 -0.1930
vn -0.7617 0.5481 -0.3454
vn -0.5322 0.7161 -0.4516
vn -0.2725 0.8140 -0.5130
vn -0.0688 0.8440 -0.5320
vn 0.0688 0.8440 -0.5320
vn 0.2725 0.8140 -0.5130
vn 0.5322 0.7161 -0.4516
vn 0.7617 0.5481 -0.3454
vn 0.9317 0.3076 -0.1930
vn 0.9999 0.0097 -0.0071
vn 0.9381 -0.2979 0.1765
vn 0.7659 -0.5573 0.3207
vn 0.5310 -0.7396 0.4137
vn 0.2698 -0.8442 0.4633
vn 0.0672 -0.8762 0.4772
vn -0.0672 -0.8762 0.4772
vn -0.2698 -0.8442 0.4633
vn -0.5309 -0.7396 0.4137
vn -0.7659 -0.5573 0.3207
vn -0.9381 -0.2979 0.1765
vn -0.9976 -0.0116 -0.0686
vn -0.9607 -0.0465 -0.2735
vn -0.8687 -0.0826 -0.4884
vn -0.6931 -0.1194 -0.7109
vn -0.3996 -0.1512 -0.9041
vn -0.1100 -0.1641 -0.9803
vn 0.1100 -0.1641 -0.9803
vn 0.3996 -0.1512 -0.9041
vn 0.6931 -0.1194 -0.7109
vn 0.8687 -0.0826 -0.4884
vn 0.9607 -0.0465 -0.2735
vn 0.9976 -0.0116 -0.0686
vn 0.9909 0.0214 0.1330
vn 0.9377 0.0532 0.3432
vn 0.8090 0.0881 0.5812
vn 0.5221 0.1268 0.8434
vn 0.1403 0.1473 0.9791
vn -0.1403 0.1473 0.9791
vn -0.5221 0.1268 0.8434
vn -0.8090 0.0881 0.5812
vn -0.9377 0.0532 0.3432
vn -0.9909 0.0214 0.1330
vn -0.9998 -0.0175 -0.0041
vn -0.9300 -0.3605 -0.0711
vn -0.7594 -0.6385 -0.1249
vn -0.5301 -0.8326 -0.1605
vn -0.2713 -0.9456 -0.1799
vn -0.0687 -0.9802 -0.1857
vn 0.0687 -0.9802 -0.1857
vn 0.2713 -0.9456 -0.1799
vn 0.5301 -0.8326 -0.1605
vn 0.7594 -0.6385 -0.1249
vn 0.9300 -0.3605 -0.0711
vn 0.9998 -0.0175 -0.0041
vn 0.9406 0.3343 0.0595
vn 0.7706 0.6288 0.1039
vn 0.5361 0.8345 0.1272
vn 0.2730 0.9522 0.1369
vn 0.0679 0.9880 0.1387
vn -0.0679 0.9880 0.1387
vn -0.2730 0.9522 0.1369
vn -0.5361 0.8345 0.1272
vn -0.7706 0.6288 0.1039
vn -0.9406 0.3343 0.0595
vn -1.0000 -0.0035 0.0001
vn -0.9498 -0.3128 0.0085
vn -0.8066 -0.5909 0.0161
vn -0.5851 -0.8107 0.0221
vn -0.3072 -0.9513 0.0259
vn -0.0781 -0.9966 0.0271
vn 0.0781 -0.9966 0.0271
vn 0.3072 -0.9513 0.0259
vn 0.5851 -0.8107 0.0221
vn 0.8066 -0.5909 0.0161
vn 0.9498 -0.3128 0.0085
vn 1.0000 -0.0035 0.0001
vn 0.9518 0.3064 -0.0084
vn 0.8099 0.5863 -0.0162
vn 0.5884 0.8082 -0.0224
vn 0.3093 0.9506 -0.0264
vn 0.0784 0.9965 -0.0277
vn -0.0784 0.9965 -0.0277
vn -0.3093 0.9506 -0.0264
vn -0.5884 0.8082 -0.0224
vn -0.8099 0.5863 -0.0162
vn -0.9518 0.3064 -0.0084
vt 0.000000 1.000000
vt 0.083333 1.000000
vt 0.083333 0.954545
vt 0.000000 0.954545
vt 0.000000 0.045455
vt 0.083333 0.045455
vt 0.083333 0.000000
vt 0.000000 0.000000
vt 0.000000 0.090909
vt 0.083333 0.090909
vt 0.000000 0.136364
vt 0.083333 0.136364
vt 0.000000 0.181818
vt 0.083333 0.181818
vt 0.000000 0.227273
vt 0.083333 0.227273
vt 0.000000 0.272727
vt 0.083333 0.272727
vt 0.000000 0.318182
vt 0.083333 0.318182
vt 0.000000 0.363636
vt 0.083333 0.363636
vt 0.000000 0.409091
vt 0.083333 0.409091
vt 0.000000 0.454545
vt 0.083333 0.454545
vt 0.000000 0.500000
vt 0.083333 0.500000
vt 0.000000 0.545455
vt 0.083333 0.545455
vt 0.000000 0.590909
vt 0.083333 0.590909
vt 0.000000 0.636364
vt 0.083333 0.636364
vt 0.000000 0.681818
vt 0.083333 0.681818
vt 0.000000 0.727273
vt 0.083333 0.727273
vt 0.000000 0.772727
vt 0.083333 0.772727
vt 0.000000 0.818182
vt 0.083333 0.818182
vt 0.000000 0.863636
vt 0.083333 0.863636
vt 0.000000 0.909091
vt 0.083333 0.909091
vt 0.166667 1.000000
vt 0.166667 0.954545
vt 0.166667 0.045455
vt 0.166667 0.000000
vt 0.166667 0.090909
vt 0.166667 0.136364
vt 0.166667 0.181818
vt 0.166667 0.227273
vt 0.166667 0.272727
vt 0.166667 0.318182
vt 0.166667 0.363636
vt 0.166667 0.409091
vt 0.166667 0.454545
vt 0.166667 0.500000
vt 0.166667 0.545455
vt 0.166667 0.590909
vt 0.166667 0.636364
vt 0.166667 0.681818
vt 0.166667 0.727273
vt 0.166667 0.772727
vt 0.166667 0.818182
vt 0.166667 0.863636
vt 0.166667 0.909091
vt 0.250000 1.000000
vt 0.250000 0.954545
vt 0.250000 0.045455
vt 0.250000 0.000000
vt 0.250000 0.090909
vt 0.250000 0.136364
vt 0.250000 0.181818
vt 0.250000 0.227273
vt 0.250000 0.272727
vt 0.250000 0.318182
vt 0.250000 0.363636
vt 0.250000 0.409091
vt 0.250000 0.454545
vt 0.250000 0.500000
vt 0.250000 0.545455
vt 0.250000 0.590909
vt 0.250000 0.636364
vt 0.250000 0.681818
vt 0.250000 0.727273
vt 0.250000 0.772727
vt 0.250000 0.818182
vt 0.250000 0.863636
vt 0.250000 0.909091
vt 0.333333 1.000000
vt 0.333333 0.954545
vt 0.333333 0.045455
vt 0.333333 0.000000
vt 0.333333 0.090909
vt 0.333333 0.136364
vt 0.333333 0.181818
vt 0.333333 0.227273
vt 0.333333 0.272727
vt 0.333333 0.318182
vt 0.333333 0.363636
vt 0.333333 0.409091
vt 0.333333 0.454545
vt 0.333333 0.500000
vt 0.333333 0.545455
vt 0.333333 0.590909
vt 0.333333 0.636364
vt 0.333333 0.681818
vt 0.333333 0.727273
vt 0.333333 0.772727
vt 0.333333 0.818182
vt 0.333333 0.863636
vt 0.333333 0.909091
vt 0.416667 1.000000
vt 0.416667 0.954545
vt 0.416667 0.045455
vt 0.416667 0.000000
vt 0.416667 0.090909
vt 0.416667 0.136364
vt 0.416667 0.181818
vt 0.416667 0.227273
vt 0.416667 0.272727
vt 0.416667 0.318182
vt 0.416667 0.363636
vt 0.416667 0.409091
vt 0.416667 0.454545
vt 0.416667 0.500000
vt 0.416667 0.545455
vt 0.416667 0.590909
vt 0.416667 0.636364
vt 0.416667 0.681818
vt 0.416667 0.727273
vt 0.416667 0.772727
vt 0.416667 0.818182
vt 0.416667 0.863636
vt 0.416667 0.909091
vt 0.500000 1.000000
vt 0.500000 0.954545
vt 0.500000 0.045455
vt 0.500000 0.000000
vt 0.500000 0.090909
vt 0.500000 0.136364
vt 0.500000 0.181818
vt 0.500000 0.227273
vt 0.500000 0.272727
vt 0.500000 0.318182
vt 0.500000 0.363636
vt 0.500000 0.409091
vt 0.500000 0.454545
vt 0.500000 0.500000
vt 0.500000 0.545455
vt 0.500000 0.590909
vt 0.500000 0.636364
vt 0.500000 0.681818
vt 0.500000 0.727273
vt 0.500000 0.772727
vt 0.500000 0.818182
vt 0.500000 0.863636
vt 0.500000 0.909091
vt 0.583333 1.000000
vt 0.583333 0.954545
vt 0.583333 0.045455
vt 0.583333 0.000000
vt 0.583333 0.090909
vt 0.583333 0.136364
vt 0.583333 0.181818
vt 0.583333 0.227273
vt 0.583333 0.272727
vt 0.583333 0.318182
vt 0.583333 0.363636
vt 0.583333 0.409091
vt 0.583333 0.454545
vt 0.583333 0.500000
vt 0.583333 0.545455
vt 0.583333 0.590909
vt 0.583333 0.636364
vt 0.583333 0.681818
vt 0.583333 0.727273
vt 0.583333 0.772727
vt 0.583333 0.818182
vt 0.583333 0.863636
vt 0.583333 0.909091
vt 0.666667 1.000000
vt 0.666667 0.954545
vt 0.666667 0.045455
vt 0.666667 0.000000
vt 0.666667 0.090909
vt 0.666667 0.136364
vt 0.666667 0.181818
vt 0.666667 0.227273
vt 0.666667 0.272727
vt 0.666667 0.318182
vt 0.666667 0.363636
vt 0.666667 0.409091
vt 0.666667 0.454545
vt 0.666667 0.500000
vt 0.666667 0.545455
vt 0.666667 0.590909
vt 0.666667 0.636364
vt 0.666667 0.681818
vt 0.666667 0.727273
vt 0.666667 0.772727
vt 0.666667 0.818182
vt 0.666667 0.863636
vt 0.666667 0.909091
vt 0.750000 1.000000
vt 0.750000 0.954545
vt 0.750000 0.045455
vt 0.750000 0.000000
vt 0.750000 0.090909
vt 0.750000 0.136364
vt 0.750000 0.181818
vt 0.750000 0.227273
vt 0.750000 0.272727
vt 0.750000 0.318182
vt 0.750000 0.363636
vt 0.750000 0.409091
vt 0.750000 0.454545
vt 0.750000 0.500000
vt 0.750000 0.545455
vt 0.750000 0.590909
vt 0.750000 0.636364
vt 0.750000 0.681818
vt 0.750000 0.727273
vt 0.750000 0.772727
vt 0.750000 0.818182
vt 0.750000 0.863636
vt 0.750000 0.909091
vt 0.833333 1.000000
vt 0.833333 0.954545
vt 0.833333 0.045455
vt 0.833333 0.000000
vt 0.833333 0.090909
vt 0.833333 0.136364
vt 0.833333 0.181818
vt 0.833333 0.227273
vt 0.833333 0.272727
vt 0.833333 0.318182
vt 0.833333 0.363636
vt 0.833333 0.409091
vt 0.833333 0.454545
vt 0.833333 0.500000
vt 0.833333 0.545455
vt 0.833333 0.590909
vt 0.833333 0.636364
vt 0.833333 0.681818
vt 0.833333 0.727273
vt 0.833333 0.772727
vt 0.833333 0.818182
vt 0.833333 0.863636
vt 0.833333 0.909091
vt 0.916667 1.000000
vt 0.916667 0.954545
vt 0.916667 0.045455
vt 0.916667 0.000000
vt 0.916667 0.090909
vt 0.916667 0.136364
vt 0.916667 0.181818
vt 0.916667 0.227273
vt 0.916667 0.272727
vt 0.916667 0.318182
vt 0.916667 0.363636
vt 0.916667 0.409091
vt 0.916667 0.454545
vt 0.916667 0.500000
vt 0.916667 0.545455
vt 0.916667 0.590909
vt 0.916667 0.636364
vt 0.916667 0.681818
vt 0.916667 0.727273
vt 0.916667 0.772727
vt 0.916667 0.818182
vt 0.916667 0.863636
vt 0.916667 0.909091
vt 1.000000 1.000000
vt 1.000000 0.954545
vt 1.000000 0.045455
vt 1.000000 0.000000
vt 1.000000 0.090909
vt 1.000000 0.136364
vt 1.000000 0.181818
vt 1.000000 0.227273
vt 1.000000 0.272727
vt 1.000000 0.318182
vt 1.000000 0.363636
vt 1.000000 0.409091
vt 1.000000 0.454545
vt 1.000000 0.500000
vt 1.000000 0.545455
vt 1.000000 0.590909
vt 1.000000 0.636364
vt 1.000000 0.681818
vt 1.000000 0.727273
vt 1.000000 0.772727
vt 1.000000 0.818182
vt 1.000000 0.863636
vt 1.000000 0.909091
s 1
usemtl Material
f 641/675/567 663/676/589 684/677/610 662/678/588
f 642/679/568 664/680/590 663/681/589 641/682/567
f 643/683/569 665/684/591 664/680/590 642/679/568
f 644/685/570 666/686/592 665/684/591 643/683/569
f 645/687/571 667/688/593 666/686/592 644/685/570
f 646/689/572 668/690/594 667/688/593 645/687/571
f 647/691/573 669/692/595 668/690/594 646/689/572
f 648/693/574 670/694/596 669/692/595 647/691/573
f 649/695/575 671/696/597 670/694/596 648/693/574
f 650/697/576 672/698/598 671/696/597 649/695/575
f 651/699/577 673/700/599 672/698/598 650/697/576
f 652/701/578 674/702/600 673/700/599 651/699/577
f 653/703/579 675/704/601 674/702/600 652/701/578
f 654/705/580 676/706/602 675/704/601 653/703/579
f 655/707/581 677/708/603 676/706/602 654/705/580
f 656/709/582 678/710/604 677/708/603 655/707/581
f 657/711/583 679/712/605 678/710/604 656/709/582
f 658/713/584 680/714/606 679/712/605 657/711/583
f 659/715/585 681/716/607 680/714/606 658/713/584
f 660/717/586 682/718/608 681/716/607 659/715/585
f 661/719/587 683/720/609 682/718/608 660/717/586
f 662/678/588 684/677/610 683/720/609 661/719/587
f 663/676/589 685/721/611 706/722/632 684/677/610
f 664/680/590 686/723/612 685/724/611 663/681/589
f 665/684/591 687/725/613 686/723/612 664/680/590
f 666/686/592 688/726/614 687/725/613 665/684/591
f 667/688/593 689/727/615 688/726/614 666/686/592
f 668/690/594 690/728/616 689/727/615 667/688/593
f 669/692/595 691/729/617 690/728/616 668/690/594
f 670/694/596 692/730/618 691/729/617 669/692/595
f 671/696/597 693/731/619 692/730/618 670/694/596
f 672/698/598 694/732/620 693/731/619 671/696/597
f 673/700/599 695/733/621 694/732/620 672/698/598
f 674/702/600 696/734/622 695/733/621 673/700/599
f 675/704/601 697/735/623 696/734/622 674/702/600
f 676/706/602 698/736/624 697/735/623 675/704/601
f 677/708/603 699/737/625 698/736/624 676/706/602
f 678/710/604 700/738/626 699/737/625 677/708/603
f 679/712/605 701/739/627 700/738/626 678/710/604
f 680/714/606 702/740/628 701/739/627 679/712/605
f 681/716/607 703/741/629 702/740/628 680/714/606
f 682/718/608 704/742/630 703/741/629 681/716/607
f 683/720/609 705/743/631 704/742/630 682/718/608
f 684/677/610 706/722/632 705/743/631 683/720/609
f 685/721/611 707/744/633 728/745/654 706/722/632
f 686/723/612 708/746/634 707/747/633 685/724/611
f 687/725/613 709/748/635 708/746/634 686/723/612
f 688/726/614 710/749/636 709/748/635 687/725/613
f 689/727/615 711/750/637 710/749/636 688/726/614
f 690/728/616 712/751/638 711/750/637 689/727/615
f 691/729/617 713/752/639 712/751/638 690/728/616
f 692/730/618 714/753/640 713/752/639 691/729/617
f 693/731/619 715/754/641 714/753/640 692/730/618
f 694/732/620 716/755/642 715/754/641 693/731/619
f 695/733/621 717/756/643 716/755/642 694/732/620
f 696/734/622 718/757/644 717/756/643 695/733/621
f 697/735/623 719/758/645 718/757/644 696/734/622
f 698/736/624 720/759/646 719/758/645 697/735/623
f 699/737/625 721/760/647 720/759/646 698/736/624
f 700/738/626 722/761/648 721/760/647 699/737/625
f 701/739/627 723/762/649 722/761/648 700/738/626
f 702/740/628 724/763/650 723/762/649 701/739/627
f 703/741/629 725/764/651 724/763/650 702/740/628
f 704/742/630 726/765/652 725/764/651 703/741/629
f 705/743/631 727/766/653 726/765/652 704/742/630
f 706/722/632 728/745/654 727/766/653 705/743/631
f 707/744/633 729/767/655 750/768/676 728/745/654
f 708/746/634 730/769/656 729/770/655 707/747/633
f 709/748/635 731/771/657 730/769/656 708/746/634
f 710/749/636 732/772/658 731/771/657 709/748/635
f 711/750/637 733/773/659 732/772/658 710/749/636
f 712/751/638 734/774/660 733/773/659 711/750/637
f 713/752/639 735/775/661 734/774/660 712/751/638
f 714/753/640 736/776/662 735/775/661 713/752/639
f 715/754/641 737/777/663 736/776/662 714/753/640
f 716/755/642 738/778/664 737/777/663 715/754/641
f 717/756/643 739/779/665 738/778/664 716/755/642
f 718/757/644 740/780/666 739/779/665 717/756/643
f 719/758/645 741/781/667 740/780/666 718/757/644
f 720/759/646 742/782/668 741/781/667 719/758/645
f 721/760/647 743/783/669 742/782/668 720/759/646
f 722/761/648 744/784/670 743/783/669 721/760/647
f 723/762/649 745/785/671 744/784/670 722/761/648
f 724/763/650 746/786/672 745/785/671 723/762/649
f 725/764/651 747/787/673 746/786/672 724/763/650
f 726/765/652 748/788/674 747/787/673 725/764/651
f 727/766/653 749/789/675 748/788/674 726/765/652
f 728/745/654 750/768/676 749/789/675 727/766/653
f 729/767/655 751/790/677 772/791/698 750/768/676
f 730/769/656 752/792/678 751/793/677 729/770/655
f 731/771/657 753/794/679 752/792/678 730/769/656
f 732/772/658 754/795/680 753/794/679 731/771/657
f 733/773/659 755/796/681 754/795/680 732/772/658
f 734/774/660 756/797/682 755/796/681 733/773/659
f 735/775/661 757/798/683 756/797/682 734/774/660
f 736/776/662 758/799/684 757/798/683 735/775/661
f 737/777/663 759/800/685 758/799/684 736/776/662
f 738/778/664 760/801/686 759/800/685 737/777/663
f 739/779/665 761/802/687 760/801/686 738/778/664
f 740/780/666 762/803/688 761/802/687 739/779/665
f 741/781/667 763/804/689 762/803/688 740/780/666
f 742/782/668 764/805/690 763/804/689 741/781/667
f 743/783/669 765/806/691 764/805/690 742/782/668
f 744/784/670 766/807/692 765/806/691 743/783/669
f 745/785/671 767/808/693 766/807/692 744/784/670
f 746/786/672 768/809/694 767/808/693 745/785/671
f 747/787/673 769/810/695 768/809/694 746/786/672
f 748/788/674 770/811/696 769/810/695 747/787/673
f 749/789/675 771/812/697 770/811/696 748/788/674
f 750/768/676 772/791/698 771/812/697 749/789/675
f 751/790/677 773/813/699 794/814/720 772/791/698
f 752/792/678 774/815/700 773/816/699 751/793/677
f 753/794/679 775/817/701 774/815/700 752/792/678
f 754/795/680 776/818/702 775/817/701 753/794/679
f 755/796/681 777/819/703 776/818/702 754/795/680
f 756/797/682 778/820/704 777/819/703 755/796/681
f 757/798/683 779/821/705 778/820/704 756/797/682
f 758/799/684 780/822/706 779/821/705 757/798/683
f 759/800/685 781/823/707 780/822/706 758/799/684
f 760/801/686 782/824/708 781/823/707 759/800/685
f 761/802/687 783/825/709 782/824/708 760/801/686
f 762/803/688 784/826/710 783/825/709 761/802/687
f 763/804/689 785/827/711 784/826/710 762/803/688
f 764/805/690 786/828/712 785/827/711 763/804/689
f 765/806/691 787/829/713 786/828/712 764/805/690
f 766/807/692 788/830/714 787/829/713 765/806/691
f 767/808/693 789/831/715 788/830/714 766/807/692
f 768/809/694 790/832/716 789/831/715 767/808/693
f 769/810/695 791/833/717 790/832/716 768/809/694
f 770/811/696 792/834/718 791/833/717 769/810/695
f 771/812/697 793/835/719 792/834/718 770/811/696
f 772/791/698 794/814/720 793/835/719 771/812/697
f 773/813/699 795/836/721 816/837/742 794/814/720
f 774/815/700 796/838/722 795/839/721 773/816/699
f 775/817/701 797/840/723 796/838/722 774/815/700
f 776/818/702 798/841/724 797/840/723 775/817/701
f 777/819/703 799/842/725 798/841/724 776/818/702
f 778/820/704 800/843/726 799/842/725 777/819/703
f 779/821/705 801/844/727 800/843/726 778/820/704
f 780/822/706 802/845/728 801/844/727 779/821/705
f 781/823/707 803/846/729 802/845/728 780/822/706
f 782/824/708 804/847/730 803/846/729 781/823/707
f 783/825/709 805/848/731 804/847/730 782/824/708
f 784/826/710 806/849/732 805/848/731 783/825/709
f 785/827/711 807/850/733 806/849/732 784/826/710
f 786/828/712 808/851/734 807/850/733 785/827/711
f 787/829/713 809/852/735 808/851/734 786/828/712
f 788/830/714 810/853/736 809/852/735 787/829/713
f 789/831/715 811/854/737 810/853/736 788/830/714
f 790/832/716 812/855/738 811/854/737 789/831/715
f 791/833/717 813/856/739 812/855/738 790/832/716
f 792/834/718 814/857/740 813/856/739 791/833/717
f 793/835/719 815/858/741 814/857/740 792/834/718
f 794/814/720 816/837/742 815/858/741 793/835/719
f 795/836/721 817/859/743 838/860/764 816/837/742
f 796/838/722 818/861/744 817/862/743 795/839/721
f 797/840/723 819/863/745 818/861/744 796/838/722
f 798/841/724 820/864/746 819/863/745 797/840/723
f 799/842/725 821/865/747 820/864/746 798/841/724
f 800/843/726 822/866/748 821/865/747 799/842/725
f 801/844/727 823/867/749 822/866/748 800/843/726
f 802/845/728 824/868/750 823/867/749 801/844/727
f 803/846/729 825/869/751 824/868/750 802/845/728
f 804/847/730 826/870/752 825/869/751 803/846/729
f 805/848/731 827/871/753 826/870/752 804/847/730
f 806/849/732 828/872/754 827/871/753 805/848/731
f 807/850/733 829/873/755 828/872/754 806/849/732
f 808/851/734 830/874/756 829/873/755 807/850/733
f 809/852/735 831/875/757 830/874/756 808/851/734
f 810/853/736 832/876/758 831/875/757 809/852/735
f 811/854/737 833/877/759 832/876/758 810/853/736
f 812/855/738 834/878/760 833/877/759 811/854/737
f 813/856/739 835/879/761 834/878/760 812/855/738
f 814/857/740 836/880/762 835/879/761 813/856/739
f 815/858/741 837/881/763 836/880/762 814/857/740
f 816/837/742 838/860/764 837/881/763 815/858/741
f 817/859/743 839/882/765 860/883/786 838/860/764
f 818/861/744 840/884/766 839/885/765 817/862/743
f 819/863/745 841/886/767 840/884/766 818/861/744
f 820/864/746 842/887/768 841/886/767 819/863/745
f 821/865/747 843/888/769 842/887/768 820/864/746
f 822/866/748 844/889/770 843/888/769 821/865/747
f 823/867/749 845/890/771 844/889/770 822/866/748
f 824/868/750 846/891/772 845/890/771 823/867/749
f 825/869/751 847/892/773 846/891/772 824/868/750
f 826/870/752 848/893/774 847/892/773 825/869/751
f 827/871/753 849/894/775 848/893/774 826/870/752
f 828/872/754 850/895/776 849/894/775 827/871/753
f 829/873/755 851/896/777 850/895/776 828/872/754
f 830/874/756 852/897/778 851/896/777 829/873/755
f 831/875/757 853/898/779 852/897/778 830/874/756
f 832/876/758 854/899/780 853/898/779 831/875/757
f 833/877/759 855/900/781 854/899/780 832/876/758
f 834/878/760 856/901/782 855/900/781 833/877/759
f 835/879/761 857/902/783 856/901/782 834/878/760
f 836/880/762 858/903/784 857/902/783 835/879/761
f 837/881/763 859/904/785 858/903/784 836/880/762
f 838/860/764 860/883/786 859/904/785 837/881/763
f 839/882/765 861/905/787 882/906/808 860/883/786
f 840/884/766 862/907/788 861/908/787 839/885/765
f 841/886/767 863/909/789 862/907/788 840/884/766
f 842/887/768 864/910/790 863/909/789 841/886/767
f 843/888/769 865/911/791 864/910/790 842/887/768
f 844/889/770 866/912/792 865/911/791 843/888/769
f 845/890/771 867/913/793 866/912/792 844/889/770
f 846/891/772 868/914/794 867/913/793 845/890/771
f 847/892/773 869/915/795 868/914/794 846/891/772
f 848/893/774 870/916/796 869/915/795 847/892/773
f 849/894/775 871/917/797 870/916/796 848/893/774
f 850/895/776 872/918/798 871/917/797 849/894/775
f 851/896/777 873/919/799 872/918/798 850/895/776
f 852/897/778 874/920/800 873/919/799 851/896/777
f 853/898/779 875/921/801 874/920/800 852/897/778
f 854/899/780 876/922/802 875/921/801 853/898/779
f 855/900/781 877/923/803 876/922/802 854/899/780
f 856/901/782 878/924/804 877/923/803 855/900/781
f 857/902/783 879/925/805 878/924/804 856/901/782
f 858/903/784 880/926/806 879/925/805 857/902/783
f 859/904/785 881/927/807 880/926/806 858/903/784
f 860/883/786 882/906/808 881/927/807 859/904/785
f 861/905/787 883/928/809 904/929/830 882/906/808
f 862/907/788 884/930/810 883/931/809 861/908/787
f 863/909/789 885/932/811 884/930/810 862/907/788
f 864/910/790 886/933/812 885/932/811 863/909/789
f 865/911/791 887/934/813 886/933/812 864/910/790
f 866/912/792 888/935/814 887/934/813 865/911/791
f 867/913/793 889/936/815 888/935/814 866/912/792
f 868/914/794 890/937/816 889/936/815 867/913/793
f 869/915/795 891/938/817 890/937/816 868/914/794
f 870/916/796 892/939/818 891/938/817 869/915/795
f 871/917/797 893/940/819 892/939/818 870/916/796
f 872/918/798 894/941/820 893/940/819 871/917/797
f 873/919/799 895/942/821 894/941/820 872/918/798
f 874/920/800 896/943/822 895/942/821 873/919/799
f 875/921/801 897/944/823 896/943/822 874/920/800
f 876/922/802 898/945/824 897/944/823 875/921/801
f 877/923/803 899/946/825 898/945/824 876/922/802
f 878/924/804 900/947/826 899/946/825 877/923/803
f 879/925/805 901/948/827 900/947/826 878/924/804
f 880/926/806 902/949/828 901/948/827 879/925/805
f 881/927/807 903/950/829 902/949/828 880/926/806
f 882/906/808 904/929/830 903/950/829 881/927/807
f 883/928/809 641/951/567 662/952/588 904/929/830
f 884/930/810 642/953/568 641/954/567 883/931/809
f 885/932/811 643/955/569 642/953/568 884/930/810
f 886/933/812 644/956/570 643/955/569 885/932/811
f 887/934/813 645/957/571 644/956/570 886/933/812
f 888/935/814 646/958/572 645/957/571 887/934/813
f 889/936/815 647/959/573 646/958/572 888/935/814
f 890/937/816 648/960/574 647/959/573 889/936/815
f 891/938/817 649/961/575 648/960/574 890/937/816
f 892/939/818 650/962/576 649/961/575 891/938/817
f 893/940/819 651/963/577 650/962/576 892/939/818
f 894/941/820 652/964/578 651/963/577 893/940/819
f 895/942/821 653/965/579 652/964/578 894/941/820
f 896/943/822 654/966/580 653/965/579 895/942/821
f 897/944/823 655/967/581 654/966/580 896/943/822
f 898/945/824 656/968/582 655/967/581 897/944/823
f 899/946/825 657/969/583 656/968/582 898/945/824
f 900/947/826 658/970/584 657/969/583 899/946/825
f 901/948/827 659/971/585 658/970/584 900/947/826
f 902/949/828 660/972/586 659/971/585 901/948/827
f 903/950/829 661/973/587 660/972/586 902/949/828
f 904/929/830 662/952/588 661/973/587 903/950/829
o BézierCircle.001
v -0.124982 1.040934 0.497388
v -0.124523 1.038041 0.497559
v -0.123191 1.035431 0.497714
v -0.121116 1.033359 0.497837
v -0.118501 1.032030 0.497916
v -0.115603 1.031571 0.497943
v 0.184516 1.031571 0.497943
v 0.187414 1.032030 0.497916
v 0.190028 1.033359 0.497837
v 0.192103 1.035431 0.497714
v 0.193435 1.038041 0.497559
v 0.193894 1.040934 0.497388
v 0.193435 1.043827 0.497217
v 0.192103 1.046437 0.497062
v 0.190028 1.048508 0.496939
v 0.187414 1.049838 0.496861
v 0.184516 1.050296 0.496834
v -0.115603 1.050296 0.496834
v -0.118501 1.049838 0.496861
v -0.121116 1.048508 0.496940
v -0.123191 1.046437 0.497062
v -0.124523 1.043827 0.497217
v -0.124982 1.052933 0.714142
v -0.124523 1.050080 0.714653
v -0.123191 1.047507 0.715114
v -0.121116 1.045464 0.715479
v -0.118501 1.044153 0.715714
v -0.115603 1.043701 0.715795
v 0.184516 1.043701 0.715795
v 0.187414 1.044153 0.715714
v 0.190028 1.045464 0.715479
v 0.192103 1.047507 0.715114
v 0.193435 1.050080 0.714653
v 0.193894 1.052933 0.714142
v 0.193435 1.055786 0.713632
v 0.192103 1.058359 0.713171
v 0.190028 1.060402 0.712805
v 0.187414 1.061713 0.712570
v 0.184516 1.062165 0.712490
v -0.115603 1.062165 0.712490
v -0.118501 1.061713 0.712570
v -0.121116 1.060402 0.712805
v -0.123191 1.058359 0.713171
v -0.124523 1.055786 0.713632
v -0.124982 1.108303 0.893784
v -0.124523 1.106399 0.895969
v -0.123191 1.104681 0.897940
v -0.121116 1.103318 0.899504
v -0.118501 1.102443 0.900509
v -0.115603 1.102141 0.900855
v 0.184516 1.102141 0.900855
v 0.187414 1.102443 0.900509
v 0.190028 1.103318 0.899504
v 0.192103 1.104681 0.897940
v 0.193435 1.106399 0.895969
v 0.193894 1.108303 0.893784
v 0.193435 1.110208 0.891600
v 0.192103 1.111926 0.889629
v 0.190028 1.113289 0.888065
v 0.187414 1.114164 0.887060
v 0.184516 1.114466 0.886714
v -0.115603 1.114466 0.886714
v -0.118501 1.114164 0.887060
v -0.121116 1.113289 0.888065
v -0.123191 1.111925 0.889629
v -0.124523 1.110208 0.891600
v -0.124982 1.284470 0.922570
v -0.124523 1.285406 0.925314
v -0.123191 1.286249 0.927788
v -0.121116 1.286919 0.929752
v -0.118501 1.287349 0.931013
v -0.115603 1.287497 0.931447
v 0.184516 1.287497 0.931447
v 0.187414 1.287349 0.931013
v 0.190028 1.286919 0.929752
v 0.192103 1.286249 0.927788
v 0.193435 1.285406 0.925313
v 0.193894 1.284470 0.922570
v 0.193435 1.283535 0.919827
v 0.192103 1.282691 0.917353
v 0.190028 1.282022 0.915389
v 0.187414 1.281592 0.914128
v 0.184516 1.281444 0.913694
v -0.115603 1.281444 0.913694
v -0.118501 1.281592 0.914128
v -0.121116 1.282022 0.915389
v -0.123191 1.282691 0.917353
v -0.124523 1.283535 0.919827
v -0.124982 1.395880 0.803367
v -0.124523 1.398667 0.804161
v -0.123191 1.401181 0.804877
v -0.121116 1.403177 0.805445
v -0.118501 1.404458 0.805810
v -0.115603 1.404900 0.805936
v 0.184516 1.404900 0.805936
v 0.187414 1.404458 0.805810
v 0.190028 1.403177 0.805445
v 0.192103 1.401181 0.804877
v 0.193435 1.398667 0.804161
v 0.193894 1.395880 0.803367
v 0.193435 1.393092 0.802573
v 0.192103 1.390578 0.801857
v 0.190028 1.388582 0.801288
v 0.187414 1.387301 0.800924
v 0.184516 1.386860 0.800798
v -0.115603 1.386860 0.800798
v -0.118501 1.387301 0.800924
v -0.121116 1.388582 0.801288
v -0.123191 1.390578 0.801857
v -0.124523 1.393092 0.802573
v -0.124982 1.359949 0.623024
v -0.124523 1.362701 0.622113
v -0.123191 1.365183 0.621292
v -0.121116 1.367152 0.620640
v -0.118501 1.368417 0.620221
v -0.115603 1.368853 0.620077
v 0.184516 1.368853 0.620077
v 0.187414 1.368417 0.620221
v 0.190028 1.367152 0.620640
v 0.192103 1.365183 0.621292
v 0.193435 1.362700 0.622113
v 0.193894 1.359949 0.623024
v 0.193435 1.357198 0.623935
v 0.192103 1.354716 0.624757
v 0.190028 1.352746 0.625409
v 0.187414 1.351482 0.625828
v 0.184516 1.351046 0.625972
v -0.115603 1.351046 0.625972
v -0.118501 1.351482 0.625828
v -0.121116 1.352746 0.625409
v -0.123191 1.354716 0.624757
v -0.124523 1.357198 0.623935
v -0.124982 1.272097 0.437753
v -0.124523 1.274727 0.436534
v -0.123191 1.277099 0.435434
v -0.121116 1.278981 0.434561
v -0.118501 1.280190 0.434001
v -0.115603 1.280606 0.433808
v 0.184516 1.280606 0.433808
v 0.187414 1.280190 0.434001
v 0.190028 1.278981 0.434561
v 0.192103 1.277099 0.435434
v 0.193435 1.274727 0.436534
v 0.193894 1.272097 0.437753
v 0.193435 1.269468 0.438973
v 0.192103 1.267096 0.440072
v 0.190028 1.265214 0.440945
v 0.187414 1.264005 0.441506
v 0.184516 1.263589 0.441699
v -0.115603 1.263589 0.441699
v -0.118501 1.264005 0.441506
v -0.121116 1.265214 0.440945
v -0.123191 1.267096 0.440072
v -0.124523 1.269468 0.438973
v -0.124982 1.184297 0.244070
v -0.124523 1.186936 0.242872
v -0.123191 1.189317 0.241791
v -0.121116 1.191206 0.240934
v -0.118501 1.192419 0.240383
v -0.115603 1.192837 0.240194
v 0.184516 1.192837 0.240194
v 0.187414 1.192419 0.240383
v 0.190028 1.191206 0.240934
v 0.192103 1.189317 0.241791
v 0.193435 1.186936 0.242872
v 0.193894 1.184297 0.244070
v 0.193435 1.181658 0.245268
v 0.192103 1.179277 0.246348
v 0.190028 1.177388 0.247206
v 0.187414 1.176175 0.247756
v 0.184516 1.175757 0.247946
v -0.115603 1.175757 0.247946
v -0.118501 1.176175 0.247756
v -0.121116 1.177388 0.247206
v -0.123191 1.179277 0.246348
v -0.124523 1.181658 0.245268
v -0.124982 1.110344 0.081338
v -0.124523 1.112839 0.079862
v -0.123191 1.115089 0.078531
v -0.121116 1.116875 0.077474
v -0.118501 1.118021 0.076796
v -0.115603 1.118416 0.076562
v 0.184516 1.118416 0.076562
v 0.187414 1.118021 0.076796
v 0.190028 1.116875 0.077475
v 0.192103 1.115089 0.078531
v 0.193435 1.112839 0.079862
v 0.193894 1.110344 0.081338
v 0.193435 1.107850 0.082814
v 0.192103 1.105600 0.084145
v 0.190028 1.103814 0.085202
v 0.187414 1.102668 0.085880
v 0.184516 1.102273 0.086114
v -0.115603 1.102273 0.086114
v -0.118501 1.102668 0.085880
v -0.121116 1.103814 0.085202
v -0.123191 1.105600 0.084145
v -0.124523 1.107850 0.082814
v -0.124982 1.063414 0.018566
v -0.124523 1.062954 0.015705
v -0.123191 1.062539 0.013123
v -0.121116 1.062210 0.011075
v -0.118501 1.061998 0.009760
v -0.115603 1.061925 0.009306
v 0.184516 1.061925 0.009306
v 0.187414 1.061998 0.009760
v 0.190028 1.062210 0.011075
v 0.192103 1.062539 0.013123
v 0.193435 1.062954 0.015705
v 0.193894 1.063414 0.018566
v 0.193435 1.063875 0.021428
v 0.192103 1.064290 0.024009
v 0.190028 1.064619 0.026057
v 0.187414 1.064831 0.027373
v 0.184516 1.064904 0.027826
v -0.115603 1.064904 0.027826
v -0.118501 1.064831 0.027373
v -0.121116 1.064619 0.026057
v -0.123191 1.064290 0.024009
v -0.124523 1.063875 0.021428
v -0.124982 1.030546 0.116744
v -0.124523 1.027687 0.116267
v -0.123191 1.025109 0.115836
v -0.121116 1.023062 0.115494
v -0.118501 1.021748 0.115275
v -0.115603 1.021295 0.115199
v 0.184516 1.021296 0.115199
v 0.187414 1.021748 0.115275
v 0.190028 1.023062 0.115494
v 0.192103 1.025109 0.115836
v 0.193435 1.027687 0.116267
v 0.193894 1.030546 0.116744
v 0.193435 1.033405 0.117222
v 0.192103 1.035983 0.117652
v 0.190028 1.038030 0.117994
v 0.187414 1.039344 0.118214
v 0.184516 1.039797 0.118289
v -0.115603 1.039796 0.118289
v -0.118501 1.039344 0.118214
v -0.121116 1.038030 0.117994
v -0.123191 1.035983 0.117652
v -0.124523 1.033404 0.117222
v -0.124982 1.029017 0.308545
v -0.124523 1.026120 0.308625
v -0.123191 1.023507 0.308697
v -0.121116 1.021433 0.308754
v -0.118501 1.020101 0.308791
v -0.115603 1.019642 0.308804
v 0.184516 1.019642 0.308804
v 0.187414 1.020101 0.308791
v 0.190028 1.021433 0.308754
v 0.192103 1.023507 0.308697
v 0.193435 1.026120 0.308625
v 0.193894 1.029017 0.308545
v 0.193435 1.031914 0.308466
v 0.192103 1.034528 0.308394
v 0.190028 1.036602 0.308337
v 0.187414 1.037934 0.308300
v 0.184516 1.038393 0.308287
v -0.115603 1.038393 0.308287
v -0.118501 1.037934 0.308300
v -0.121116 1.036602 0.308337
v -0.123191 1.034528 0.308394
v -0.124523 1.031914 0.308466
vn -1.0000 0.0004 -0.0000
vn -0.9510 -0.3087 0.0183
vn -0.8087 -0.5872 0.0348
vn -0.5872 -0.8080 0.0479
vn -0.3086 -0.9495 0.0564
vn -0.0783 -0.9952 0.0591
vn 0.0783 -0.9952 0.0591
vn 0.3086 -0.9495 0.0564
vn 0.5872 -0.8080 0.0479
vn 0.8087 -0.5872 0.0348
vn 0.9510 -0.3087 0.0183
vn 1.0000 0.0004 -0.0000
vn 0.9508 0.3094 -0.0183
vn 0.8083 0.5878 -0.0348
vn 0.5869 0.8083 -0.0478
vn 0.3084 0.9496 -0.0561
vn 0.0783 0.9952 -0.0588
vn -0.0783 0.9952 -0.0588
vn -0.3084 0.9496 -0.0561
vn -0.5869 0.8083 -0.0478
vn -0.8083 0.5878 -0.0348
vn -0.9508 0.3094 -0.0183
vn -0.9999 -0.0123 0.0024
vn -0.9441 -0.3243 0.0599
vn -0.7936 -0.5984 0.1103
vn -0.5694 -0.8085 0.1484
vn -0.2966 -0.9394 0.1719
vn -0.0754 -0.9809 0.1792
vn 0.0754 -0.9809 0.1792
vn 0.2966 -0.9394 0.1719
vn 0.5694 -0.8085 0.1484
vn 0.7936 -0.5984 0.1103
vn 0.9441 -0.3243 0.0599
vn 0.9999 -0.0123 0.0024
vn 0.9515 0.3026 -0.0550
vn 0.8051 0.5838 -0.1049
vn 0.5802 0.8019 -0.1423
vn 0.3030 0.9386 -0.1650
vn 0.0762 0.9821 -0.1720
vn -0.0762 0.9821 -0.1720
vn -0.3030 0.9386 -0.1650
vn -0.5802 0.8019 -0.1423
vn -0.8051 0.5838 -0.1049
vn -0.9515 0.3026 -0.0550
vn -0.9986 -0.0337 0.0403
vn -0.9395 -0.2209 0.2619
vn -0.7975 -0.3909 0.4595
vn -0.5816 -0.5300 0.6171
vn -0.3073 -0.6224 0.7199
vn -0.0802 -0.6529 0.7532
vn 0.0802 -0.6529 0.7532
vn 0.3073 -0.6224 0.7199
vn 0.5816 -0.5300 0.6171
vn 0.7975 -0.3909 0.4595
vn 0.9395 -0.2209 0.2620
vn 0.9986 -0.0337 0.0403
vn 0.9691 0.1591 -0.1883
vn 0.8472 0.3451 -0.4041
vn 0.6335 0.5062 -0.5853
vn 0.3406 0.6183 -0.7083
vn 0.0849 0.6566 -0.7494
vn -0.0849 0.6566 -0.7494
vn -0.3406 0.6183 -0.7083
vn -0.6335 0.5061 -0.5853
vn -0.8472 0.3451 -0.4041
vn -0.9691 0.1591 -0.1883
vn -0.9988 0.0155 0.0466
vn -0.9354 0.1124 0.3354
vn -0.7846 0.1979 0.5876
vn -0.5637 0.2647 0.7824
vn -0.2943 0.3072 0.9050
vn -0.0762 0.3208 0.9441
vn 0.0762 0.3208 0.9441
vn 0.2943 0.3072 0.9050
vn 0.5637 0.2647 0.7824
vn 0.7846 0.1979 0.5876
vn 0.9354 0.1124 0.3354
vn 0.9988 0.0155 0.0466
vn 0.9641 -0.0845 -0.2516
vn 0.8304 -0.1782 -0.5278
vn 0.6088 -0.2553 -0.7511
vn 0.3217 -0.3060 -0.8960
vn 0.0798 -0.3227 -0.9431
vn -0.0798 -0.3227 -0.9431
vn -0.3217 -0.3060 -0.8960
vn -0.6088 -0.2553 -0.7511
vn -0.8304 -0.1782 -0.5278
vn -0.9641 -0.0845 -0.2516
vn -0.9989 0.0440 0.0133
vn -0.9394 0.3284 0.0984
vn -0.7945 0.5824 0.1723
vn -0.5763 0.7845 0.2290
vn -0.3031 0.9155 0.2646
vn -0.0787 0.9580 0.2758
vn 0.0787 0.9580 0.2758
vn 0.3031 0.9155 0.2646
vn 0.5763 0.7845 0.2290
vn 0.7945 0.5824 0.1723
vn 0.9394 0.3284 0.0984
vn 0.9989 0.0440 0.0133
vn 0.9658 -0.2485 -0.0741
vn 0.8378 -0.5238 -0.1537
vn 0.6206 -0.7536 -0.2168
vn 0.3309 -0.9079 -0.2574
vn 0.0825 -0.9592 -0.2703
vn -0.0825 -0.9592 -0.2703
vn -0.3309 -0.9079 -0.2574
vn -0.6206 -0.7536 -0.2168
vn -0.8378 -0.5238 -0.1537
vn -0.9658 -0.2485 -0.0741
vn -0.9999 0.0119 -0.0038
vn -0.9451 0.3107 -0.1015
vn -0.7965 0.5747 -0.1879
vn -0.5732 0.7788 -0.2550
vn -0.2992 0.9067 -0.2973
vn -0.0762 0.9474 -0.3108
vn 0.0762 0.9474 -0.3108
vn 0.2992 0.9067 -0.2973
vn 0.5732 0.7788 -0.2550
vn 0.7965 0.5747 -0.1879
vn 0.9451 0.3107 -0.1015
vn 0.9999 0.0119 -0.0038
vn 0.9525 -0.2892 0.0951
vn 0.8081 -0.5592 0.1849
vn 0.5843 -0.7701 0.2559
vn 0.3059 -0.9031 0.3013
vn 0.0770 -0.9456 0.3160
vn -0.0770 -0.9456 0.3160
vn -0.3059 -0.9031 0.3013
vn -0.5843 -0.7701 0.2559
vn -0.8081 -0.5592 0.1849
vn -0.9525 -0.2892 0.0951
vn -1.0000 -0.0008 0.0004
vn -0.9511 0.2801 -0.1299
vn -0.8089 0.5334 -0.2473
vn -0.5875 0.7342 -0.3403
vn -0.3088 0.8629 -0.4000
vn -0.0783 0.9045 -0.4192
vn 0.0783 0.9045 -0.4192
vn 0.3088 0.8629 -0.4000
vn 0.5875 0.7342 -0.3403
vn 0.8089 0.5334 -0.2473
vn 0.9511 0.2801 -0.1299
vn 1.0000 -0.0008 0.0004
vn 0.9506 -0.2815 0.1306
vn 0.8081 -0.5344 0.2479
vn 0.5867 -0.7346 0.3408
vn 0.3083 -0.8630 0.4003
vn 0.0783 -0.9044 0.4195
vn -0.0783 -0.9044 0.4195
vn -0.3083 -0.8630 0.4003
vn -0.5867 -0.7346 0.3408
vn -0.8081 -0.5344 0.2479
vn -0.9506 -0.2815 0.1306
vn -1.0000 -0.0000 -0.0000
vn -0.9509 0.2818 -0.1279
vn -0.8086 0.5357 -0.2432
vn -0.5872 0.7370 -0.3346
vn -0.3086 0.8661 -0.3932
vn -0.0783 0.9077 -0.4122
vn 0.0783 0.9077 -0.4122
vn 0.3086 0.8661 -0.3932
vn 0.5872 0.7370 -0.3346
vn 0.8086 0.5357 -0.2432
vn 0.9509 0.2818 -0.1279
vn 1.0000 -0.0000 -0.0000
vn 0.9509 -0.2817 0.1278
vn 0.8086 -0.5357 0.2431
vn 0.5873 -0.7371 0.3344
vn 0.3086 -0.8662 0.3930
vn 0.0783 -0.9079 0.4119
vn -0.0783 -0.9079 0.4119
vn -0.3086 -0.8662 0.3930
vn -0.5873 -0.7371 0.3344
vn -0.8086 -0.5357 0.2431
vn -0.9509 -0.2817 0.1278
vn -0.9999 0.0097 -0.0071
vn -0.9317 0.3076 -0.1930
vn -0.7617 0.5481 -0.3454
vn -0.5322 0.7161 -0.4516
vn -0.2725 0.8140 -0.5130
vn -0.0688 0.8440 -0.5320
vn 0.0688 0.8440 -0.5320
vn 0.2725 0.8140 -0.5130
vn 0.5322 0.7161 -0.4516
vn 0.7617 0.5481 -0.3454
vn 0.9317 0.3076 -0.1930
vn 0.9999 0.0097 -0.0071
vn 0.9381 -0.2979 0.1765
vn 0.7659 -0.5573 0.3207
vn 0.5310 -0.7396 0.4137
vn 0.2698 -0.8442 0.4633
vn 0.0672 -0.8762 0.4772
vn -0.0672 -0.8762 0.4772
vn -0.2698 -0.8442 0.4633
vn -0.5309 -0.7396 0.4137
vn -0.7659 -0.5573 0.3207
vn -0.9381 -0.2979 0.1765
vn -0.9976 -0.0116 -0.0686
vn -0.9607 -0.0465 -0.2735
vn -0.8687 -0.0826 -0.4884
vn -0.6931 -0.1194 -0.7109
vn -0.3996 -0.1512 -0.9041
vn -0.1100 -0.1641 -0.9803
vn 0.1100 -0.1641 -0.9803
vn 0.3996 -0.1512 -0.9041
vn 0.6931 -0.1194 -0.7109
vn 0.8687 -0.0826 -0.4884
vn 0.9607 -0.0465 -0.2735
vn 0.9976 -0.0116 -0.0686
vn 0.9909 0.0214 0.1330
vn 0.9377 0.0532 0.3432
vn 0.8090 0.0881 0.5812
vn 0.5221 0.1268 0.8434
vn 0.1403 0.1473 0.9791
vn -0.1403 0.1473 0.9791
vn -0.5221 0.1268 0.8434
vn -0.8090 0.0881 0.5812
vn -0.9377 0.0532 0.3432
vn -0.9909 0.0214 0.1330
vn -0.9998 -0.0175 -0.0041
vn -0.9300 -0.3605 -0.0711
vn -0.7594 -0.6385 -0.1249
vn -0.5301 -0.8326 -0.1605
vn -0.2713 -0.9456 -0.1799
vn -0.0687 -0.9802 -0.1857
vn 0.0687 -0.9802 -0.1857
vn 0.2713 -0.9456 -0.1799
vn 0.5301 -0.8326 -0.1605
vn 0.7594 -0.6385 -0.1249
vn 0.9300 -0.3605 -0.0711
vn 0.9998 -0.0175 -0.0041
vn 0.9406 0.3343 0.0595
vn 0.7706 0.6288 0.1039
vn 0.5361 0.8345 0.1272
vn 0.2730 0.9522 0.1369
vn 0.0679 0.9880 0.1387
vn -0.0679 0.9880 0.1387
vn -0.2730 0.9522 0.1369
vn -0.5361 0.8345 0.1272
vn -0.7706 0.6288 0.1039
vn -0.9406 0.3343 0.0595
vn -1.0000 -0.0035 0.0001
vn -0.9498 -0.3128 0.0085
vn -0.8066 -0.5909 0.0161
vn -0.5851 -0.8107 0.0221
vn -0.3072 -0.9513 0.0259
vn -0.0781 -0.9966 0.0271
vn 0.0781 -0.9966 0.0271
vn 0.3072 -0.9513 0.0259
vn 0.5851 -0.8107 0.0221
vn 0.8066 -0.5909 0.0161
vn 0.9498 -0.3128 0.0085
vn 1.0000 -0.0035 0.0001
vn 0.9518 0.3064 -0.0084
vn 0.8099 0.5863 -0.0162
vn 0.5884 0.8082 -0.0224
vn 0.3093 0.9506 -0.0264
vn 0.0784 0.9965 -0.0277
vn -0.0784 0.9965 -0.0277
vn -0.3093 0.9506 -0.0264
vn -0.5884 0.8082 -0.0224
vn -0.8099 0.5863 -0.0162
vn -0.9518 0.3064 -0.0084
vt 0.000000 1.000000
vt 0.083333 1.000000
vt 0.083333 0.954545
vt 0.000000 0.954545
vt 0.000000 0.045455
vt 0.083333 0.045455
vt 0.083333 0.000000
vt 0.000000 0.000000
vt 0.000000 0.090909
vt 0.083333 0.090909
vt 0.000000 0.136364
vt 0.083333 0.136364
vt 0.000000 0.181818
vt 0.083333 0.181818
vt 0.000000 0.227273
vt 0.083333 0.227273
vt 0.000000 0.272727
vt 0.083333 0.272727
vt 0.000000 0.318182
vt 0.083333 0.318182
vt 0.000000 0.363636
vt 0.083333 0.363636
vt 0.000000 0.409091
vt 0.083333 0.409091
vt 0.000000 0.454545
vt 0.083333 0.454545
vt 0.000000 0.500000
vt 0.083333 0.500000
vt 0.000000 0.545455
vt 0.083333 0.545455
vt 0.000000 0.590909
vt 0.083333 0.590909
vt 0.000000 0.636364
vt 0.083333 0.636364
vt 0.000000 0.681818
vt 0.083333 0.681818
vt 0.000000 0.727273
vt 0.083333 0.727273
vt 0.000000 0.772727
vt 0.083333 0.772727
vt 0.000000 0.818182
vt 0.083333 0.818182
vt 0.000000 0.863636
vt 0.083333 0.863636
vt 0.000000 0.909091
vt 0.083333 0.909091
vt 0.166667 1.000000
vt 0.166667 0.954545
vt 0.166667 0.045455
vt 0.166667 0.000000
vt 0.166667 0.090909
vt 0.166667 0.136364
vt 0.166667 0.181818
vt 0.166667 0.227273
vt 0.166667 0.272727
vt 0.166667 0.318182
vt 0.166667 0.363636
vt 0.166667 0.409091
vt 0.166667 0.454545
vt 0.166667 0.500000
vt 0.166667 0.545455
vt 0.166667 0.590909
vt 0.166667 0.636364
vt 0.166667 0.681818
vt 0.166667 0.727273
vt 0.166667 0.772727
vt 0.166667 0.818182
vt 0.166667 0.863636
vt 0.166667 0.909091
vt 0.250000 1.000000
vt 0.250000 0.954545
vt 0.250000 0.045455
vt 0.250000 0.000000
vt 0.250000 0.090909
vt 0.250000 0.136364
vt 0.250000 0.181818
vt 0.250000 0.227273
vt 0.250000 0.272727
vt 0.250000 0.318182
vt 0.250000 0.363636
vt 0.250000 0.409091
vt 0.250000 0.454545
vt 0.250000 0.500000
vt 0.250000 0.545455
vt 0.250000 0.590909
vt 0.250000 0.636364
vt 0.250000 0.681818
vt 0.250000 0.727273
vt 0.250000 0.772727
vt 0.250000 0.818182
vt 0.250000 0.863636
vt 0.250000 0.909091
vt 0.333333 1.000000
vt 0.333333 0.954545
vt 0.333333 0.045455
vt 0.333333 0.000000
vt 0.333333 0.090909
vt 0.333333 0.136364
vt 0.333333 0.181818
vt 0.333333 0.227273
vt 0.333333 0.272727
vt 0.333333 0.318182
vt 0.333333 0.363636
vt 0.333333 0.409091
vt 0.333333 0.454545
vt 0.333333 0.500000
vt 0.333333 0.545455
vt 0.333333 0.590909
vt 0.333333 0.636364
vt 0.333333 0.681818
vt 0.333333 0.727273
vt 0.333333 0.772727
vt 0.333333 0.818182
vt 0.333333 0.863636
vt 0.333333 0.909091
vt 0.416667 1.000000
vt 0.416667 0.954545
vt 0.416667 0.045455
vt 0.416667 0.000000
vt 0.416667 0.090909
vt 0.416667 0.136364
vt 0.416667 0.181818
vt 0.416667 0.227273
vt 0.416667 0.272727
vt 0.416667 0.318182
vt 0.416667 0.363636
vt 0.416667 0.409091
vt 0.416667 0.454545
vt 0.416667 0.500000
vt 0.416667 0.545455
vt 0.416667 0.590909
vt 0.416667 0.636364
vt 0.416667 0.681818
vt 0.416667 0.727273
vt 0.416667 0.772727
vt 0.416667 0.818182
vt 0.416667 0.863636
vt 0.416667 0.909091
vt 0.500000 1.000000
vt 0.500000 0.954545
vt 0.500000 0.045455
vt 0.500000 0.000000
vt 0.500000 0.090909
vt 0.500000 0.136364
vt 0.500000 0.181818
vt 0.500000 0.227273
vt 0.500000 0.272727
vt 0.500000 0.318182
vt 0.500000 0.363636
vt 0.500000 0.409091
vt 0.500000 0.454545
vt 0.500000 0.500000
vt 0.500000 0.545455
vt 0.500000 0.590909
vt 0.500000 0.636364
vt 0.500000 0.681818
vt 0.500000 0.727273
vt 0.500000 0.772727
vt 0.500000 0.818182
vt 0.500000 0.863636
vt 0.500000 0.909091
vt 0.583333 1.000000
vt 0.583333 0.954545
vt 0.583333 0.045455
vt 0.583333 0.000000
vt 0.583333 0.090909
vt 0.583333 0.136364
vt 0.583333 0.181818
vt 0.583333 0.227273
vt 0.583333 0.272727
vt 0.583333 0.318182
vt 0.583333 0.363636
vt 0.583333 0.409091
vt 0.583333 0.454545
vt 0.583333 0.500000
vt 0.583333 0.545455
vt 0.583333 0.590909
vt 0.583333 0.636364
vt 0.583333 0.681818
vt 0.583333 0.727273
vt 0.583333 0.772727
vt 0.583333 0.818182
vt 0.583333 0.863636
vt 0.583333 0.909091
vt 0.666667 1.000000
vt 0.666667 0.954545
vt 0.666667 0.045455
vt 0.666667 0.000000
vt 0.666667 0.090909
vt 0.666667 0.136364
vt 0.666667 0.181818
vt 0.666667 0.227273
vt 0.666667 0.272727
vt 0.666667 0.318182
vt 0.666667 0.363636
vt 0.666667 0.409091
vt 0.666667 0.454545
vt 0.666667 0.500000
vt 0.666667 0.545455
vt 0.666667 0.590909
vt 0.666667 0.636364
vt 0.666667 0.681818
vt 0.666667 0.727273
vt 0.666667 0.772727
vt 0.666667 0.818182
vt 0.666667 0.863636
vt 0.666667 0.909091
vt 0.750000 1.000000
vt 0.750000 0.954545
vt 0.750000 0.045455
vt 0.750000 0.000000
vt 0.750000 0.090909
vt 0.750000 0.136364
vt 0.750000 0.181818
vt 0.750000 0.227273
vt 0.750000 0.272727
vt 0.750000 0.318182
vt 0.750000 0.363636
vt 0.750000 0.409091
vt 0.750000 0.454545
vt 0.750000 0.500000
vt 0.750000 0.545455
vt 0.750000 0.590909
vt 0.750000 0.636364
vt 0.750000 0.681818
vt 0.750000 0.727273
vt 0.750000 0.772727
vt 0.750000 0.818182
vt 0.750000 0.863636
vt 0.750000 0.909091
vt 0.833333 1.000000
vt 0.833333 0.954545
vt 0.833333 0.045455
vt 0.833333 0.000000
vt 0.833333 0.090909
vt 0.833333 0.136364
vt 0.833333 0.181818
vt 0.833333 0.227273
vt 0.833333 0.272727
vt 0.833333 0.318182
vt 0.833333 0.363636
vt 0.833333 0.409091
vt 0.833333 0.454545
vt 0.833333 0.500000
vt 0.833333 0.545455
vt 0.833333 0.590909
vt 0.833333 0.636364
vt 0.833333 0.681818
vt 0.833333 0.727273
vt 0.833333 0.772727
vt 0.833333 0.818182
vt 0.833333 0.863636
vt 0.833333 0.909091
vt 0.916667 1.000000
vt 0.916667 0.954545
vt 0.916667 0.045455
vt 0.916667 0.000000
vt 0.916667 0.090909
vt 0.916667 0.136364
vt 0.916667 0.181818
vt 0.916667 0.227273
vt 0.916667 0.272727
vt 0.916667 0.318182
vt 0.916667 0.363636
vt 0.916667 0.409091
vt 0.916667 0.454545
vt 0.916667 0.500000
vt 0.916667 0.545455
vt 0.916667 0.590909
vt 0.916667 0.636364
vt 0.916667 0.681818
vt 0.916667 0.727273
vt 0.916667 0.772727
vt 0.916667 0.818182
vt 0.916667 0.863636
vt 0.916667 0.909091
vt 1.000000 1.000000
vt 1.000000 0.954545
vt 1.000000 0.045455
vt 1.000000 0.000000
vt 1.000000 0.090909
vt 1.000000 0.136364
vt 1.000000 0.181818
vt 1.000000 0.227273
vt 1.000000 0.272727
vt 1.000000 0.318182
vt 1.000000 0.363636
vt 1.000000 0.409091
vt 1.000000 0.454545
vt 1.000000 0.500000
vt 1.000000 0.545455
vt 1.000000 0.590909
vt 1.000000 0.636364
vt 1.000000 0.681818
vt 1.000000 0.727273
vt 1.000000 0.772727
vt 1.000000 0.818182
vt 1.000000 0.863636
vt 1.000000 0.909091
s 1
usemtl Material
f 905/974/831 927/975/853 948/976/874 926/977/852
f 906/978/832 928/979/854 927/980/853 905/981/831
f 907/982/833 929/983/855 928/979/854 906/978/832
f 908/984/834 930/985/856 929/983/855 907/982/833
f 909/986/835 931/987/857 930/985/856 908/984/834
f 910/988/836 932/989/858 931/987/857 909/986/835
f 911/990/837 933/991/859 932/989/858 910/988/836
f 912/992/838 934/993/860 933/991/859 911/990/837
f 913/994/839 935/995/861 934/993/860 912/992/838
f 914/996/840 936/997/862 935/995/861 913/994/839
f 915/998/841 937/999/863 936/997/862 914/996/840
f 916/1000/842 938/1001/864 937/999/863 915/998/841
f 917/1002/843 939/1003/865 938/1001/864 916/1000/842
f 918/1004/844 940/1005/866 939/1003/865 917/1002/843
f 919/1006/845 941/1007/867 940/1005/866 918/1004/844
f 920/1008/846 942/1009/868 941/1007/867 919/1006/845
f 921/1010/847 943/1011/869 942/1009/868 920/1008/846
f 922/1012/848 944/1013/870 943/1011/869 921/1010/847
f 923/1014/849 945/1015/871 944/1013/870 922/1012/848
f 924/1016/850 946/1017/872 945/1015/871 923/1014/849
f 925/1018/851 947/1019/873 946/1017/872 924/1016/850
f 926/977/852 948/976/874 947/1019/873 925/1018/851
f 927/975/853 949/1020/875 970/1021/896 948/976/874
f 928/979/854 950/1022/876 949/1023/875 927/980/853
f 929/983/855 951/1024/877 950/1022/876 928/979/854
f 930/985/856 952/1025/878 951/1024/877 929/983/855
f 931/987/857 953/1026/879 952/1025/878 930/985/856
f 932/989/858 954/1027/880 953/1026/879 931/987/857
f 933/991/859 955/1028/881 954/1027/880 932/989/858
f 934/993/860 956/1029/882 955/1028/881 933/991/859
f 935/995/861 957/1030/883 956/1029/882 934/993/860
f 936/997/862 958/1031/884 957/1030/883 935/995/861
f 937/999/863 959/1032/885 958/1031/884 936/997/862
f 938/1001/864 960/1033/886 959/1032/885 937/999/863
f 939/1003/865 961/1034/887 960/1033/886 938/1001/864
f 940/1005/866 962/1035/888 961/1034/887 939/1003/865
f 941/1007/867 963/1036/889 962/1035/888 940/1005/866
f 942/1009/868 964/1037/890 963/1036/889 941/1007/867
f 943/1011/869 965/1038/891 964/1037/890 942/1009/868
f 944/1013/870 966/1039/892 965/1038/891 943/1011/869
f 945/1015/871 967/1040/893 966/1039/892 944/1013/870
f 946/1017/872 968/1041/894 967/1040/893 945/1015/871
f 947/1019/873 969/1042/895 968/1041/894 946/1017/872
f 948/976/874 970/1021/896 969/1042/895 947/1019/873
f 949/1020/875 971/1043/897 992/1044/918 970/1021/896
f 950/1022/876 972/1045/898 971/1046/897 949/1023/875
f 951/1024/877 973/1047/899 972/1045/898 950/1022/876
f 952/1025/878 974/1048/900 973/1047/899 951/1024/877
f 953/1026/879 975/1049/901 974/1048/900 952/1025/878
f 954/1027/880 976/1050/902 975/1049/901 953/1026/879
f 955/1028/881 977/1051/903 976/1050/902 954/1027/880
f 956/1029/882 978/1052/904 977/1051/903 955/1028/881
f 957/1030/883 979/1053/905 978/1052/904 956/1029/882
f 958/1031/884 980/1054/906 979/1053/905 957/1030/883
f 959/1032/885 981/1055/907 980/1054/906 958/1031/884
f 960/1033/886 982/1056/908 981/1055/907 959/1032/885
f 961/1034/887 983/1057/909 982/1056/908 960/1033/886
f 962/1035/888 984/1058/910 983/1057/909 961/1034/887
f 963/1036/889 985/1059/911 984/1058/910 962/1035/888
f 964/1037/890 986/1060/912 985/1059/911 963/1036/889
f 965/1038/891 987/1061/913 986/1060/912 964/1037/890
f 966/1039/892 988/1062/914 987/1061/913 965/1038/891
f 967/1040/893 989/1063/915 988/1062/914 966/1039/892
f 968/1041/894 990/1064/916 989/1063/915 967/1040/893
f 969/1042/895 991/1065/917 990/1064/916 968/1041/894
f 970/1021/896 992/1044/918 991/1065/917 969/1042/895
f 971/1043/897 993/1066/919 1014/1067/940 992/1044/918
f 972/1045/898 994/1068/920 993/1069/919 971/1046/897
f 973/1047/899 995/1070/921 994/1068/920 972/1045/898
f 974/1048/900 996/1071/922 995/1070/921 973/1047/899
f 975/1049/901 997/1072/923 996/1071/922 974/1048/900
f 976/1050/902 998/1073/924 997/1072/923 975/1049/901
f 977/1051/903 999/1074/925 998/1073/924 976/1050/902
f 978/1052/904 1000/1075/926 999/1074/925 977/1051/903
f 979/1053/905 1001/1076/927 1000/1075/926 978/1052/904
f 980/1054/906 1002/1077/928 1001/1076/927 979/1053/905
f 981/1055/907 1003/1078/929 1002/1077/928 980/1054/906
f 982/1056/908 1004/1079/930 1003/1078/929 981/1055/907
f 983/1057/909 1005/1080/931 1004/1079/930 982/1056/908
f 984/1058/910 1006/1081/932 1005/1080/931 983/1057/909
f 985/1059/911 1007/1082/933 1006/1081/932 984/1058/910
f 986/1060/912 1008/1083/934 1007/1082/933 985/1059/911
f 987/1061/913 1009/1084/935 1008/1083/934 986/1060/912
f 988/1062/914 1010/1085/936 1009/1084/935 987/1061/913
f 989/1063/915 1011/1086/937 1010/1085/936 988/1062/914
f 990/1064/916 1012/1087/938 1011/1086/937 989/1063/915
f 991/1065/917 1013/1088/939 1012/1087/938 990/1064/916
f 992/1044/918 1014/1067/940 1013/1088/939 991/1065/917
f 993/1066/919 1015/1089/941 1036/1090/962 1014/1067/940
f 994/1068/920 1016/1091/942 1015/1092/941 993/1069/919
f 995/1070/921 1017/1093/943 1016/1091/942 994/1068/920
f 996/1071/922 1018/1094/944 1017/1093/943 995/1070/921
f 997/1072/923 1019/1095/945 1018/1094/944 996/1071/922
f 998/1073/924 1020/1096/946 1019/1095/945 997/1072/923
f 999/1074/925 1021/1097/947 1020/1096/946 998/1073/924
f 1000/1075/926 1022/1098/948 1021/1097/947 999/1074/925
f 1001/1076/927 1023/1099/949 1022/1098/948 1000/1075/926
f 1002/1077/928 1024/1100/950 1023/1099/949 1001/1076/927
f 1003/1078/929 1025/1101/951 1024/1100/950 1002/1077/928
f 1004/1079/930 1026/1102/952 1025/1101/951 1003/1078/929
f 1005/1080/931 1027/1103/953 1026/1102/952 1004/1079/930
f 1006/1081/932 1028/1104/954 1027/1103/953 1005/1080/931
f 1007/1082/933 1029/1105/955 1028/1104/954 1006/1081/932
f 1008/1083/934 1030/1106/956 1029/1105/955 1007/1082/933
f 1009/1084/935 1031/1107/957 1030/1106/956 1008/1083/934
f 1010/1085/936 1032/1108/958 1031/1107/957 1009/1084/935
f 1011/1086/937 1033/1109/959 1032/1108/958 1010/1085/936
f 1012/1087/938 1034/1110/960 1033/1109/959 1011/1086/937
f 1013/1088/939 1035/1111/961 1034/1110/960 1012/1087/938
f 1014/1067/940 1036/1090/962 1035/1111/961 1013/1088/939
f 1015/1089/941 1037/1112/963 1058/1113/984 1036/1090/962
f 1016/1091/942 1038/1114/964 1037/1115/963 1015/1092/941
f 1017/1093/943 1039/1116/965 1038/1114/964 1016/1091/942
f 1018/1094/944 1040/1117/966 1039/1116/965 1017/1093/943
f 1019/1095/945 1041/1118/967 1040/1117/966 1018/1094/944
f 1020/1096/946 1042/1119/968 1041/1118/967 1019/1095/945
f 1021/1097/947 1043/1120/969 1042/1119/968 1020/1096/946
f 1022/1098/948 1044/1121/970 1043/1120/969 1021/1097/947
f 1023/1099/949 1045/1122/971 1044/1121/970 1022/1098/948
f 1024/1100/950 1046/1123/972 1045/1122/971 1023/1099/949
f 1025/1101/951 1047/1124/973 1046/1123/972 1024/1100/950
f 1026/1102/952 1048/1125/974 1047/1124/973 1025/1101/951
f 1027/1103/953 1049/1126/975 1048/1125/974 1026/1102/952
f 1028/1104/954 1050/1127/976 1049/1126/975 1027/1103/953
f 1029/1105/955 1051/1128/977 1050/1127/976 1028/1104/954
f 1030/1106/956 1052/1129/978 1051/1128/977 1029/1105/955
f 1031/1107/957 1053/1130/979 1052/1129/978 1030/1106/956
f 1032/1108/958 1054/1131/980 1053/1130/979 1031/1107/957
f 1033/1109/959 1055/1132/981 1054/1131/980 1032/1108/958
f 1034/1110/960 1056/1133/982 1055/1132/981 1033/1109/959
f 1035/1111/961 1057/1134/983 1056/1133/982 1034/1110/960
f 1036/1090/962 1058/1113/984 1057/1134/983 1035/1111/961
f 1037/1112/963 1059/1135/985 1080/1136/1006 1058/1113/984
f 1038/1114/964 1060/1137/986 1059/1138/985 1037/1115/963
f 1039/1116/965 1061/1139/987 1060/1137/986 1038/1114/964
f 1040/1117/966 1062/1140/988 1061/1139/987 1039/1116/965
f 1041/1118/967 1063/1141/989 1062/1140/988 1040/1117/966
f 1042/1119/968 1064/1142/990 1063/1141/989 1041/1118/967
f 1043/1120/969 1065/1143/991 1064/1142/990 1042/1119/968
f 1044/1121/970 1066/1144/992 1065/1143/991 1043/1120/969
f 1045/1122/971 1067/1145/993 1066/1144/992 1044/1121/970
f 1046/1123/972 1068/1146/994 1067/1145/993 1045/1122/971
f 1047/1124/973 1069/1147/995 1068/1146/994 1046/1123/972
f 1048/1125/974 1070/1148/996 1069/1147/995 1047/1124/973
f 1049/1126/975 1071/1149/997 1070/1148/996 1048/1125/974
f 1050/1127/976 1072/1150/998 1071/1149/997 1049/1126/975
f 1051/1128/977 1073/1151/999 1072/1150/998 1050/1127/976
f 1052/1129/978 1074/1152/1000 1073/1151/999 1051/1128/977
f 1053/1130/979 1075/1153/1001 1074/1152/1000 1052/1129/978
f 1054/1131/980 1076/1154/1002 1075/1153/1001 1053/1130/979
f 1055/1132/981 1077/1155/1003 1076/1154/1002 1054/1131/980
f 1056/1133/982 1078/1156/1004 1077/1155/1003 1055/1132/981
f 1057/1134/983 1079/1157/1005 1078/1156/1004 1056/1133/982
f 1058/1113/984 1080/1136/1006 1079/1157/1005 1057/1134/983
f 1059/1135/985 1081/1158/1007 1102/1159/1028 1080/1136/1006
f 1060/1137/986 1082/1160/1008 1081/1161/1007 1059/1138/985
f 1061/1139/987 1083/1162/1009 1082/1160/1008 1060/1137/986
f 1062/1140/988 1084/1163/1010 1083/1162/1009 1061/1139/987
f 1063/1141/989 1085/1164/1011 1084/1163/1010 1062/1140/988
f 1064/1142/990 1086/1165/1012 1085/1164/1011 1063/1141/989
f 1065/1143/991 1087/1166/1013 1086/1165/1012 1064/1142/990
f 1066/1144/992 1088/1167/1014 1087/1166/1013 1065/1143/991
f 1067/1145/993 1089/1168/1015 1088/1167/1014 1066/1144/992
f 1068/1146/994 1090/1169/1016 1089/1168/1015 1067/1145/993
f 1069/1147/995 1091/1170/1017 1090/1169/1016 1068/1146/994
f 1070/1148/996 1092/1171/1018 1091/1170/1017 1069/1147/995
f 1071/1149/997 1093/1172/1019 1092/1171/1018 1070/1148/996
f 1072/1150/998 1094/1173/1020 1093/1172/1019 1071/1149/997
f 1073/1151/999 1095/1174/1021 1094/1173/1020 1072/1150/998
f 1074/1152/1000 1096/1175/1022 1095/1174/1021 1073/1151/999
f 1075/1153/1001 1097/1176/1023 1096/1175/1022 1074/1152/1000
f 1076/1154/1002 1098/1177/1024 1097/1176/1023 1075/1153/1001
f 1077/1155/1003 1099/1178/1025 1098/1177/1024 1076/1154/1002
f 1078/1156/1004 1100/1179/1026 1099/1178/1025 1077/1155/1003
f 1079/1157/1005 1101/1180/1027 1100/1179/1026 1078/1156/1004
f 1080/1136/1006 1102/1159/1028 1101/1180/1027 1079/1157/1005
f 1081/1158/1007 1103/1181/1029 1124/1182/1050 1102/1159/1028
f 1082/1160/1008 1104/1183/1030 1103/1184/1029 1081/1161/1007
f 1083/1162/1009 1105/1185/1031 1104/1183/1030 1082/1160/1008
f 1084/1163/1010 1106/1186/1032 1105/1185/1031 1083/1162/1009
f 1085/1164/1011 1107/1187/1033 1106/1186/1032 1084/1163/1010
f 1086/1165/1012 1108/1188/1034 1107/1187/1033 1085/1164/1011
f 1087/1166/1013 1109/1189/1035 1108/1188/1034 1086/1165/1012
f 1088/1167/1014 1110/1190/1036 1109/1189/1035 1087/1166/1013
f 1089/1168/1015 1111/1191/1037 1110/1190/1036 1088/1167/1014
f 1090/1169/1016 1112/1192/1038 1111/1191/1037 1089/1168/1015
f 1091/1170/1017 1113/1193/1039 1112/1192/1038 1090/1169/1016
f 1092/1171/1018 1114/1194/1040 1113/1193/1039 1091/1170/1017
f 1093/1172/1019 1115/1195/1041 1114/1194/1040 1092/1171/1018
f 1094/1173/1020 1116/1196/1042 1115/1195/1041 1093/1172/1019
f 1095/1174/1021 1117/1197/1043 1116/1196/1042 1094/1173/1020
f 1096/1175/1022 1118/1198/1044 1117/1197/1043 1095/1174/1021
f 1097/1176/1023 1119/1199/1045 1118/1198/1044 1096/1175/1022
f 1098/1177/1024 1120/1200/1046 1119/1199/1045 1097/1176/1023
f 1099/1178/1025 1121/1201/1047 1120/1200/1046 1098/1177/1024
f 1100/1179/1026 1122/1202/1048 1121/1201/1047 1099/1178/1025
f 1101/1180/1027 1123/1203/1049 1122/1202/1048 1100/1179/1026
f 1102/1159/1028 1124/1182/1050 1123/1203/1049 1101/1180/1027
f 1103/1181/1029 1125/1204/1051 1146/1205/1072 1124/1182/1050
f 1104/1183/1030 1126/1206/1052 1125/1207/1051 1103/1184/1029
f 1105/1185/1031 1127/1208/1053 1126/1206/1052 1104/1183/1030
f 1106/1186/1032 1128/1209/1054 1127/1208/1053 1105/1185/1031
f 1107/1187/1033 1129/1210/1055 1128/1209/1054 1106/1186/1032
f 1108/1188/1034 1130/1211/1056 1129/1210/1055 1107/1187/1033
f 1109/1189/1035 1131/1212/1057 1130/1211/1056 1108/1188/1034
f 1110/1190/1036 1132/1213/1058 1131/1212/1057 1109/1189/1035
f 1111/1191/1037 1133/1214/1059 1132/1213/1058 1110/1190/1036
f 1112/1192/1038 1134/1215/1060 1133/1214/1059 1111/1191/1037
f 1113/1193/1039 1135/1216/1061 1134/1215/1060 1112/1192/1038
f 1114/1194/1040 1136/1217/1062 1135/1216/1061 1113/1193/1039
f 1115/1195/1041 1137/1218/1063 1136/1217/1062 1114/1194/1040
f 1116/1196/1042 1138/1219/1064 1137/1218/1063 1115/1195/1041
f 1117/1197/1043 1139/1220/1065 1138/1219/1064 1116/1196/1042
f 1118/1198/1044 1140/1221/1066 1139/1220/1065 1117/1197/1043
f 1119/1199/1045 1141/1222/1067 1140/1221/1066 1118/1198/1044
f 1120/1200/1046 1142/1223/1068 1141/1222/1067 1119/1199/1045
f 1121/1201/1047 1143/1224/1069 1142/1223/1068 1120/1200/1046
f 1122/1202/1048 1144/1225/1070 1143/1224/1069 1121/1201/1047
f 1123/1203/1049 1145/1226/1071 1144/1225/1070 1122/1202/1048
f 1124/1182/1050 1146/1205/1072 1145/1226/1071 1123/1203/1049
f 1125/1204/1051 1147/1227/1073 1168/1228/1094 1146/1205/1072
f 1126/1206/1052 1148/1229/1074 1147/1230/1073 1125/1207/1051
f 1127/1208/1053 1149/1231/1075 1148/1229/1074 1126/1206/1052
f 1128/1209/1054 1150/1232/1076 1149/1231/1075 1127/1208/1053
f 1129/1210/1055 1151/1233/1077 1150/1232/1076 1128/1209/1054
f 1130/1211/1056 1152/1234/1078 1151/1233/1077 1129/1210/1055
f 1131/1212/1057 1153/1235/1079 1152/1234/1078 1130/1211/1056
f 1132/1213/1058 1154/1236/1080 1153/1235/1079 1131/1212/1057
f 1133/1214/1059 1155/1237/1081 1154/1236/1080 1132/1213/1058
f 1134/1215/1060 1156/1238/1082 1155/1237/1081 1133/1214/1059
f 1135/1216/1061 1157/1239/1083 1156/1238/1082 1134/1215/1060
f 1136/1217/1062 1158/1240/1084 1157/1239/1083 1135/1216/1061
f 1137/1218/1063 1159/1241/1085 1158/1240/1084 1136/1217/1062
f 1138/1219/1064 1160/1242/1086 1159/1241/1085 1137/1218/1063
f 1139/1220/1065 1161/1243/1087 1160/1242/1086 1138/1219/1064
f 1140/1221/1066 1162/1244/1088 1161/1243/1087 1139/1220/1065
f 1141/1222/1067 1163/1245/1089 1162/1244/1088 1140/1221/1066
f 1142/1223/1068 1164/1246/1090 1163/1245/1089 1141/1222/1067
f 1143/1224/1069 1165/1247/1091 1164/1246/1090 1142/1223/1068
f 1144/1225/1070 1166/1248/1092 1165/1247/1091 1143/1224/1069
f 1145/1226/1071 1167/1249/1093 1166/1248/1092 1144/1225/1070
f 1146/1205/1072 1168/1228/1094 1167/1249/1093 1145/1226/1071
f 1147/1227/1073 905/1250/831 926/1251/852 1168/1228/1094
f 1148/1229/1074 906/1252/832 905/1253/831 1147/1230/1073
f 1149/1231/1075 907/1254/833 906/1252/832 1148/1229/1074
f 1150/1232/1076 908/1255/834 907/1254/833 1149/1231/1075
f 1151/1233/1077 909/1256/835 908/1255/834 1150/1232/1076
f 1152/1234/1078 910/1257/836 909/1256/835 1151/1233/1077
f 1153/1235/1079 911/1258/837 910/1257/836 1152/1234/1078
f 1154/1236/1080 912/1259/838 911/1258/837 1153/1235/1079
f 1155/1237/1081 913/1260/839 912/1259/838 1154/1236/1080
f 1156/1238/1082 914/1261/840 913/1260/839 1155/1237/1081
f 1157/1239/1083 915/1262/841 914/1261/840 1156/1238/1082
f 1158/1240/1084 916/1263/842 915/1262/841 1157/1239/1083
f 1159/1241/1085 917/1264/843 916/1263/842 1158/1240/1084
f 1160/1242/1086 918/1265/844 917/1264/843 1159/1241/1085
f 1161/1243/1087 919/1266/845 918/1265/844 1160/1242/1086
f 1162/1244/1088 920/1267/846 919/1266/845 1161/1243/1087
f 1163/1245/1089 921/1268/847 920/1267/846 1162/1244/1088
f 1164/1246/1090 922/1269/848 921/1268/847 1163/1245/1089
f 1165/1247/1091 923/1270/849 922/1269/848 1164/1246/1090
f 1166/1248/1092 924/1271/850 923/1270/849 1165/1247/1091
f 1167/1249/1093 925/1272/851 924/1271/850 1166/1248/1092
f 1168/1228/1094 926/1251/852 925/1272/851 1167/1249/1093
o BézierCircle.002
v 0.190211 1.041996 -0.495567
v 0.189752 1.039103 -0.495739
v 0.188420 1.036493 -0.495893
v 0.186345 1.034422 -0.496016
v 0.183731 1.033092 -0.496095
v 0.180832 1.032634 -0.496122
v -0.100529 1.032634 -0.496122
v -0.103427 1.033092 -0.496095
v -0.106042 1.034422 -0.496016
v -0.108116 1.036493 -0.495893
v -0.109449 1.039103 -0.495739
v -0.109908 1.041996 -0.495567
v -0.109449 1.044889 -0.495396
v -0.108116 1.047499 -0.495241
v -0.106042 1.049571 -0.495119
v -0.103427 1.050900 -0.495040
v -0.100529 1.051359 -0.495013
v 0.180832 1.051358 -0.495013
v 0.183731 1.050900 -0.495040
v 0.186345 1.049570 -0.495119
v 0.188420 1.047499 -0.495241
v 0.189752 1.044889 -0.495396
v 0.190211 1.053996 -0.712322
v 0.189752 1.051143 -0.712832
v 0.188420 1.048569 -0.713293
v 0.186345 1.046527 -0.713659
v 0.183731 1.045215 -0.713893
v 0.180832 1.044764 -0.713974
v -0.100529 1.044764 -0.713974
v -0.103427 1.045215 -0.713893
v -0.106042 1.046527 -0.713659
v -0.108116 1.048569 -0.713293
v -0.109449 1.051143 -0.712832
v -0.109908 1.053996 -0.712322
v -0.109449 1.056848 -0.711811
v -0.108116 1.059422 -0.711350
v -0.106042 1.061464 -0.710984
v -0.103427 1.062776 -0.710750
v -0.100529 1.063228 -0.710669
v 0.180832 1.063228 -0.710669
v 0.183731 1.062776 -0.710750
v 0.186345 1.061464 -0.710984
v 0.188420 1.059422 -0.711350
v 0.189752 1.056848 -0.711811
v 0.190211 1.109366 -0.891964
v 0.189752 1.107462 -0.894148
v 0.188420 1.105744 -0.896119
v 0.186345 1.104381 -0.897684
v 0.183731 1.103505 -0.898688
v 0.180832 1.103204 -0.899034
v -0.100529 1.103204 -0.899034
v -0.103427 1.103505 -0.898688
v -0.106042 1.104381 -0.897684
v -0.108116 1.105744 -0.896119
v -0.109449 1.107462 -0.894148
v -0.109908 1.109366 -0.891964
v -0.109449 1.111270 -0.889779
v -0.108116 1.112988 -0.887808
v -0.106042 1.114351 -0.886244
v -0.103427 1.115227 -0.885239
v -0.100529 1.115528 -0.884893
v 0.180832 1.115528 -0.884893
v 0.183731 1.115227 -0.885239
v 0.186345 1.114351 -0.886244
v 0.188420 1.112988 -0.887808
v 0.189752 1.111270 -0.889779
v 0.190211 1.285533 -0.920750
v 0.189752 1.286468 -0.923493
v 0.188420 1.287312 -0.925967
v 0.186345 1.287982 -0.927931
v 0.183731 1.288412 -0.929192
v 0.180832 1.288560 -0.929627
v -0.100529 1.288560 -0.929627
v -0.103427 1.288411 -0.929192
v -0.106042 1.287982 -0.927931
v -0.108116 1.287312 -0.925967
v -0.109449 1.286468 -0.923493
v -0.109908 1.285533 -0.920750
v -0.109449 1.284598 -0.918007
v -0.108116 1.283754 -0.915532
v -0.106042 1.283084 -0.913568
v -0.103427 1.282654 -0.912307
v -0.100529 1.282506 -0.911873
v 0.180832 1.282506 -0.911873
v 0.183731 1.282654 -0.912307
v 0.186345 1.283084 -0.913568
v 0.188420 1.283754 -0.915532
v 0.189752 1.284598 -0.918007
v 0.190211 1.396942 -0.801546
v 0.189752 1.399730 -0.802340
v 0.188420 1.402244 -0.803056
v 0.186345 1.404240 -0.803625
v 0.183731 1.405521 -0.803990
v 0.180832 1.405962 -0.804115
v -0.100529 1.405962 -0.804115
v -0.103427 1.405521 -0.803990
v -0.106042 1.404240 -0.803625
v -0.108116 1.402244 -0.803056
v -0.109449 1.399730 -0.802340
v -0.109908 1.396942 -0.801546
v -0.109449 1.394155 -0.800752
v -0.108116 1.391640 -0.800036
v -0.106042 1.389645 -0.799468
v -0.103427 1.388364 -0.799103
v -0.100529 1.387922 -0.798977
v 0.180832 1.387922 -0.798977
v 0.183731 1.388364 -0.799103
v 0.186345 1.389645 -0.799468
v 0.188420 1.391641 -0.800036
v 0.189752 1.394155 -0.800752
v 0.190211 1.361012 -0.621204
v 0.189752 1.363763 -0.620293
v 0.188420 1.366245 -0.619471
v 0.186345 1.368215 -0.618819
v 0.183731 1.369480 -0.618400
v 0.180832 1.369915 -0.618256
v -0.100529 1.369915 -0.618256
v -0.103427 1.369480 -0.618400
v -0.106042 1.368215 -0.618819
v -0.108116 1.366245 -0.619471
v -0.109449 1.363763 -0.620293
v -0.109908 1.361012 -0.621204
v -0.109449 1.358261 -0.622115
v -0.108116 1.355779 -0.622936
v -0.106042 1.353809 -0.623588
v -0.103427 1.352544 -0.624007
v -0.100529 1.352108 -0.624151
v 0.180832 1.352108 -0.624151
v 0.183731 1.352544 -0.624007
v 0.186345 1.353809 -0.623588
v 0.188420 1.355779 -0.622936
v 0.189752 1.358261 -0.622114
v 0.190211 1.273160 -0.435933
v 0.189752 1.275789 -0.434713
v 0.188420 1.278161 -0.433614
v 0.186345 1.280044 -0.432741
v 0.183731 1.281252 -0.432180
v 0.180832 1.281669 -0.431987
v -0.100529 1.281669 -0.431987
v -0.103427 1.281252 -0.432180
v -0.106042 1.280044 -0.432741
v -0.108116 1.278161 -0.433614
v -0.109449 1.275789 -0.434713
v -0.109908 1.273160 -0.435933
v -0.109449 1.270531 -0.437152
v -0.108116 1.268159 -0.438252
v -0.106042 1.266277 -0.439125
v -0.103427 1.265068 -0.439685
v -0.100529 1.264652 -0.439878
v 0.180832 1.264652 -0.439878
v 0.183731 1.265068 -0.439685
v 0.186345 1.266277 -0.439124
v 0.188420 1.268159 -0.438252
v 0.189752 1.270531 -0.437152
v 0.190211 1.185360 -0.242249
v 0.189752 1.187999 -0.241051
v 0.188420 1.190380 -0.239971
v 0.186345 1.192269 -0.239113
v 0.183731 1.193482 -0.238562
v 0.180832 1.193900 -0.238373
v -0.100529 1.193900 -0.238373
v -0.103427 1.193482 -0.238562
v -0.106042 1.192269 -0.239113
v -0.108116 1.190380 -0.239971
v -0.109449 1.187999 -0.241051
v -0.109908 1.185360 -0.242249
v -0.109449 1.182721 -0.243447
v -0.108116 1.180340 -0.244527
v -0.106042 1.178451 -0.245385
v -0.103427 1.177238 -0.245936
v -0.100529 1.176820 -0.246125
v 0.180832 1.176820 -0.246125
v 0.183731 1.177238 -0.245935
v 0.186345 1.178451 -0.245385
v 0.188420 1.180340 -0.244527
v 0.189752 1.182721 -0.243447
v 0.190211 1.111407 -0.079517
v 0.189752 1.113901 -0.078042
v 0.188420 1.116152 -0.076710
v 0.186345 1.117937 -0.075654
v 0.183731 1.119084 -0.074975
v 0.180832 1.119479 -0.074742
v -0.100529 1.119479 -0.074742
v -0.103427 1.119084 -0.074975
v -0.106042 1.117937 -0.075654
v -0.108116 1.116152 -0.076710
v -0.109449 1.113901 -0.078042
v -0.109908 1.111407 -0.079517
v -0.109449 1.108913 -0.080993
v -0.108116 1.106663 -0.082324
v -0.106042 1.104877 -0.083381
v -0.103427 1.103730 -0.084059
v -0.100529 1.103335 -0.084293
v 0.180832 1.103335 -0.084293
v 0.183731 1.103730 -0.084059
v 0.186345 1.104877 -0.083381
v 0.188420 1.106663 -0.082324
v 0.189752 1.108913 -0.080993
v 0.190211 1.064477 -0.016745
v 0.189752 1.064017 -0.013884
v 0.188420 1.063602 -0.011303
v 0.186345 1.063272 -0.009254
v 0.183731 1.063061 -0.007939
v 0.180832 1.062988 -0.007486
v -0.100529 1.062988 -0.007486
v -0.103427 1.063061 -0.007939
v -0.106042 1.063272 -0.009254
v -0.108116 1.063602 -0.011303
v -0.109449 1.064017 -0.013884
v -0.109908 1.064477 -0.016745
v -0.109449 1.064937 -0.019607
v -0.108116 1.065352 -0.022188
v -0.106042 1.065682 -0.024237
v -0.103427 1.065893 -0.025552
v -0.100529 1.065966 -0.026005
v 0.180832 1.065966 -0.026005
v 0.183731 1.065893 -0.025552
v 0.186345 1.065682 -0.024237
v 0.188420 1.065352 -0.022188
v 0.189752 1.064937 -0.019607
v 0.190211 1.031609 -0.114923
v 0.189752 1.028750 -0.114446
v 0.188420 1.026171 -0.114015
v 0.186345 1.024125 -0.113673
v 0.183731 1.022811 -0.113454
v 0.180832 1.022358 -0.113378
v -0.100529 1.022358 -0.113378
v -0.103427 1.022811 -0.113454
v -0.106042 1.024125 -0.113673
v -0.108116 1.026171 -0.114015
v -0.109449 1.028750 -0.114446
v -0.109908 1.031609 -0.114923
v -0.109449 1.034467 -0.115401
v -0.108116 1.037046 -0.115832
v -0.106042 1.039093 -0.116173
v -0.103427 1.040406 -0.116393
v -0.100529 1.040859 -0.116469
v 0.180832 1.040859 -0.116469
v 0.183731 1.040406 -0.116393
v 0.186345 1.039092 -0.116173
v 0.188420 1.037046 -0.115832
v 0.189752 1.034467 -0.115401
v 0.190211 1.030080 -0.306725
v 0.189752 1.027183 -0.306804
v 0.188420 1.024570 -0.306876
v 0.186345 1.022495 -0.306934
v 0.183731 1.021164 -0.306970
v 0.180832 1.020705 -0.306983
v -0.100529 1.020705 -0.306983
v -0.103427 1.021164 -0.306970
v -0.106042 1.022495 -0.306934
v -0.108116 1.024570 -0.306876
v -0.109449 1.027183 -0.306804
v -0.109908 1.030080 -0.306725
v -0.109449 1.032977 -0.306645
v -0.108116 1.035591 -0.306573
v -0.106042 1.037665 -0.306516
v -0.103427 1.038996 -0.306479
v -0.100529 1.039455 -0.306467
v 0.180832 1.039455 -0.306467
v 0.183731 1.038996 -0.306479
v 0.186345 1.037665 -0.306516
v 0.188420 1.035591 -0.306573
v 0.189752 1.032977 -0.306645
vn 1.0000 0.0004 -0.0000
vn 0.9510 -0.3087 -0.0183
vn 0.8087 -0.5872 -0.0348
vn 0.5872 -0.8080 -0.0479
vn 0.3086 -0.9495 -0.0564
vn 0.0783 -0.9952 -0.0591
vn -0.0783 -0.9952 -0.0591
vn -0.3086 -0.9495 -0.0564
vn -0.5872 -0.8080 -0.0479
vn -0.8087 -0.5872 -0.0348
vn -0.9510 -0.3087 -0.0183
vn -1.0000 0.0004 -0.0000
vn -0.9508 0.3094 0.0183
vn -0.8083 0.5878 0.0348
vn -0.5869 0.8083 0.0478
vn -0.3084 0.9496 0.0561
vn -0.0783 0.9952 0.0588
vn 0.0783 0.9952 0.0588
vn 0.3084 0.9496 0.0561
vn 0.5869 0.8083 0.0478
vn 0.8083 0.5878 0.0348
vn 0.9508 0.3094 0.0183
vn 0.9999 -0.0123 -0.0024
vn 0.9441 -0.3243 -0.0599
vn 0.7936 -0.5984 -0.1103
vn 0.5694 -0.8085 -0.1484
vn 0.2966 -0.9394 -0.1719
vn 0.0754 -0.9809 -0.1792
vn -0.0754 -0.9809 -0.1792
vn -0.2966 -0.9394 -0.1719
vn -0.5694 -0.8085 -0.1484
vn -0.7936 -0.5984 -0.1103
vn -0.9441 -0.3243 -0.0599
vn -0.9999 -0.0123 -0.0024
vn -0.9515 0.3026 0.0550
vn -0.8051 0.5838 0.1049
vn -0.5802 0.8019 0.1423
vn -0.3030 0.9386 0.1650
vn -0.0762 0.9821 0.1720
vn 0.0762 0.9821 0.1720
vn 0.3030 0.9386 0.1650
vn 0.5802 0.8019 0.1423
vn 0.8051 0.5838 0.1049
vn 0.9515 0.3026 0.0550
vn 0.9986 -0.0337 -0.0403
vn 0.9395 -0.2209 -0.2620
vn 0.7975 -0.3909 -0.4595
vn 0.5816 -0.5300 -0.6171
vn 0.3073 -0.6224 -0.7199
vn 0.0802 -0.6529 -0.7532
vn -0.0802 -0.6529 -0.7532
vn -0.3073 -0.6224 -0.7199
vn -0.5816 -0.5300 -0.6171
vn -0.7975 -0.3909 -0.4595
vn -0.9395 -0.2209 -0.2620
vn -0.9986 -0.0337 -0.0403
vn -0.9691 0.1591 0.1883
vn -0.8472 0.3451 0.4041
vn -0.6335 0.5062 0.5853
vn -0.3406 0.6183 0.7083
vn -0.0849 0.6566 0.7494
vn 0.0849 0.6566 0.7494
vn 0.3406 0.6183 0.7083
vn 0.6335 0.5062 0.5853
vn 0.8472 0.3451 0.4041
vn 0.9691 0.1591 0.1883
vn 0.9988 0.0155 -0.0466
vn 0.9354 0.1124 -0.3354
vn 0.7846 0.1979 -0.5876
vn 0.5637 0.2647 -0.7824
vn 0.2943 0.3072 -0.9050
vn 0.0762 0.3208 -0.9441
vn -0.0762 0.3208 -0.9441
vn -0.2943 0.3072 -0.9050
vn -0.5637 0.2647 -0.7824
vn -0.7846 0.1979 -0.5876
vn -0.9354 0.1124 -0.3354
vn -0.9988 0.0155 -0.0466
vn -0.9641 -0.0845 0.2516
vn -0.8304 -0.1782 0.5278
vn -0.6088 -0.2553 0.7511
vn -0.3217 -0.3060 0.8960
vn -0.0798 -0.3227 0.9431
vn 0.0798 -0.3227 0.9431
vn 0.3217 -0.3060 0.8960
vn 0.6088 -0.2553 0.7511
vn 0.8304 -0.1782 0.5278
vn 0.9641 -0.0845 0.2516
vn 0.9989 0.0440 -0.0133
vn 0.9394 0.3284 -0.0984
vn 0.7945 0.5824 -0.1723
vn 0.5763 0.7845 -0.2290
vn 0.3031 0.9155 -0.2646
vn 0.0787 0.9580 -0.2758
vn -0.0787 0.9580 -0.2758
vn -0.3031 0.9155 -0.2646
vn -0.5763 0.7845 -0.2290
vn -0.7945 0.5824 -0.1723
vn -0.9394 0.3284 -0.0984
vn -0.9989 0.0440 -0.0133
vn -0.9658 -0.2485 0.0741
vn -0.8378 -0.5238 0.1537
vn -0.6206 -0.7536 0.2168
vn -0.3309 -0.9079 0.2574
vn -0.0825 -0.9592 0.2703
vn 0.0825 -0.9592 0.2703
vn 0.3309 -0.9079 0.2574
vn 0.6206 -0.7536 0.2168
vn 0.8378 -0.5238 0.1537
vn 0.9658 -0.2485 0.0741
vn 0.9999 0.0119 0.0038
vn 0.9451 0.3107 0.1015
vn 0.7965 0.5747 0.1879
vn 0.5732 0.7788 0.2550
vn 0.2992 0.9067 0.2973
vn 0.0762 0.9474 0.3108
vn -0.0762 0.9474 0.3108
vn -0.2992 0.9067 0.2973
vn -0.5732 0.7788 0.2550
vn -0.7965 0.5747 0.1879
vn -0.9451 0.3107 0.1015
vn -0.9999 0.0119 0.0038
vn -0.9525 -0.2892 -0.0951
vn -0.8081 -0.5592 -0.1849
vn -0.5843 -0.7701 -0.2559
vn -0.3059 -0.9031 -0.3013
vn -0.0770 -0.9456 -0.3160
vn 0.0770 -0.9456 -0.3160
vn 0.3059 -0.9031 -0.3013
vn 0.5843 -0.7701 -0.2559
vn 0.8081 -0.5592 -0.1849
vn 0.9525 -0.2892 -0.0951
vn 1.0000 -0.0008 -0.0004
vn 0.9511 0.2801 0.1299
vn 0.8089 0.5334 0.2473
vn 0.5875 0.7342 0.3403
vn 0.3088 0.8629 0.4000
vn 0.0783 0.9045 0.4192
vn -0.0783 0.9045 0.4192
vn -0.3088 0.8629 0.4000
vn -0.5875 0.7342 0.3403
vn -0.8089 0.5334 0.2473
vn -0.9511 0.2801 0.1299
vn -1.0000 -0.0008 -0.0004
vn -0.9506 -0.2815 -0.1306
vn -0.8081 -0.5344 -0.2479
vn -0.5867 -0.7346 -0.3408
vn -0.3083 -0.8630 -0.4003
vn -0.0783 -0.9044 -0.4195
vn 0.0783 -0.9044 -0.4195
vn 0.3083 -0.8630 -0.4003
vn 0.5867 -0.7346 -0.3408
vn 0.8081 -0.5344 -0.2479
vn 0.9506 -0.2815 -0.1306
vn 1.0000 -0.0000 -0.0000
vn 0.9509 0.2818 0.1279
vn 0.8086 0.5357 0.2432
vn 0.5872 0.7370 0.3346
vn 0.3086 0.8661 0.3932
vn 0.0783 0.9077 0.4122
vn -0.0783 0.9077 0.4122
vn -0.3086 0.8661 0.3932
vn -0.5872 0.7370 0.3346
vn -0.8086 0.5357 0.2432
vn -0.9509 0.2818 0.1279
vn -1.0000 -0.0000 -0.0000
vn -0.9509 -0.2817 -0.1278
vn -0.8086 -0.5357 -0.2431
vn -0.5873 -0.7371 -0.3344
vn -0.3086 -0.8662 -0.3930
vn -0.0783 -0.9079 -0.4119
vn 0.0783 -0.9079 -0.4119
vn 0.3086 -0.8662 -0.3930
vn 0.5873 -0.7371 -0.3344
vn 0.8086 -0.5357 -0.2431
vn 0.9509 -0.2817 -0.1278
vn 0.9999 0.0097 0.0071
vn 0.9317 0.3076 0.1930
vn 0.7617 0.5481 0.3454
vn 0.5322 0.7161 0.4516
vn 0.2725 0.8140 0.5130
vn 0.0688 0.8440 0.5320
vn -0.0688 0.8440 0.5320
vn -0.2725 0.8140 0.5130
vn -0.5322 0.7161 0.4516
vn -0.7617 0.5481 0.3454
vn -0.9317 0.3076 0.1930
vn -0.9999 0.0097 0.0071
vn -0.9381 -0.2979 -0.1765
vn -0.7659 -0.5573 -0.3207
vn -0.5309 -0.7396 -0.4137
vn -0.2698 -0.8442 -0.4633
vn -0.0672 -0.8762 -0.4772
vn 0.0672 -0.8762 -0.4772
vn 0.2698 -0.8442 -0.4633
vn 0.5309 -0.7396 -0.4137
vn 0.7659 -0.5573 -0.3207
vn 0.9381 -0.2979 -0.1765
vn 0.9976 -0.0116 0.0686
vn 0.9607 -0.0465 0.2735
vn 0.8687 -0.0826 0.4884
vn 0.6931 -0.1194 0.7109
vn 0.3996 -0.1512 0.9041
vn 0.1100 -0.1641 0.9803
vn -0.1100 -0.1641 0.9803
vn -0.3996 -0.1512 0.9041
vn -0.6931 -0.1194 0.7109
vn -0.8687 -0.0826 0.4884
vn -0.9607 -0.0465 0.2735
vn -0.9976 -0.0116 0.0686
vn -0.9909 0.0214 -0.1330
vn -0.9377 0.0532 -0.3432
vn -0.8090 0.0881 -0.5812
vn -0.5221 0.1268 -0.8434
vn -0.1403 0.1473 -0.9791
vn 0.1403 0.1473 -0.9791
vn 0.5221 0.1268 -0.8434
vn 0.8090 0.0881 -0.5812
vn 0.9377 0.0532 -0.3432
vn 0.9909 0.0214 -0.1330
vn 0.9998 -0.0175 0.0041
vn 0.9300 -0.3605 0.0711
vn 0.7594 -0.6385 0.1249
vn 0.5301 -0.8326 0.1605
vn 0.2713 -0.9456 0.1799
vn 0.0687 -0.9802 0.1857
vn -0.0687 -0.9802 0.1857
vn -0.2713 -0.9456 0.1799
vn -0.5301 -0.8326 0.1605
vn -0.7595 -0.6385 0.1249
vn -0.9300 -0.3605 0.0711
vn -0.9998 -0.0175 0.0041
vn -0.9406 0.3343 -0.0595
vn -0.7706 0.6288 -0.1039
vn -0.5361 0.8345 -0.1272
vn -0.2730 0.9522 -0.1369
vn -0.0679 0.9880 -0.1387
vn 0.0679 0.9880 -0.1387
vn 0.2730 0.9522 -0.1369
vn 0.5361 0.8345 -0.1272
vn 0.7706 0.6288 -0.1039
vn 0.9406 0.3343 -0.0595
vn 1.0000 -0.0035 -0.0001
vn 0.9498 -0.3128 -0.0085
vn 0.8066 -0.5909 -0.0161
vn 0.5851 -0.8107 -0.0221
vn 0.3072 -0.9513 -0.0259
vn 0.0781 -0.9966 -0.0271
vn -0.0781 -0.9966 -0.0271
vn -0.3072 -0.9513 -0.0259
vn -0.5851 -0.8107 -0.0221
vn -0.8066 -0.5909 -0.0161
vn -0.9498 -0.3128 -0.0085
vn -1.0000 -0.0035 -0.0001
vn -0.9518 0.3064 0.0084
vn -0.8099 0.5863 0.0162
vn -0.5884 0.8082 0.0224
vn -0.3093 0.9506 0.0264
vn -0.0784 0.9965 0.0277
vn 0.0784 0.9965 0.0277
vn 0.3093 0.9506 0.0264
vn 0.5884 0.8082 0.0224
vn 0.8099 0.5863 0.0162
vn 0.9518 0.3064 0.0084
vt 0.000000 1.000000
vt 0.083333 1.000000
vt 0.083333 0.954545
vt 0.000000 0.954545
vt 0.000000 0.045455
vt 0.083333 0.045455
vt 0.083333 0.000000
vt 0.000000 0.000000
vt 0.000000 0.090909
vt 0.083333 0.090909
vt 0.000000 0.136364
vt 0.083333 0.136364
vt 0.000000 0.181818
vt 0.083333 0.181818
vt 0.000000 0.227273
vt 0.083333 0.227273
vt 0.000000 0.272727
vt 0.083333 0.272727
vt 0.000000 0.318182
vt 0.083333 0.318182
vt 0.000000 0.363636
vt 0.083333 0.363636
vt 0.000000 0.409091
vt 0.083333 0.409091
vt 0.000000 0.454545
vt 0.083333 0.454545
vt 0.000000 0.500000
vt 0.083333 0.500000
vt 0.000000 0.545455
vt 0.083333 0.545455
vt 0.000000 0.590909
vt 0.083333 0.590909
vt 0.000000 0.636364
vt 0.083333 0.636364
vt 0.000000 0.681818
vt 0.083333 0.681818
vt 0.000000 0.727273
vt 0.083333 0.727273
vt 0.000000 0.772727
vt 0.083333 0.772727
vt 0.000000 0.818182
vt 0.083333 0.818182
vt 0.000000 0.863636
vt 0.083333 0.863636
vt 0.000000 0.909091
vt 0.083333 0.909091
vt 0.166667 1.000000
vt 0.166667 0.954545
vt 0.166667 0.045455
vt 0.166667 0.000000
vt 0.166667 0.090909
vt 0.166667 0.136364
vt 0.166667 0.181818
vt 0.166667 0.227273
vt 0.166667 0.272727
vt 0.166667 0.318182
vt 0.166667 0.363636
vt 0.166667 0.409091
vt 0.166667 0.454545
vt 0.166667 0.500000
vt 0.166667 0.545455
vt 0.166667 0.590909
vt 0.166667 0.636364
vt 0.166667 0.681818
vt 0.166667 0.727273
vt 0.166667 0.772727
vt 0.166667 0.818182
vt 0.166667 0.863636
vt 0.166667 0.909091
vt 0.250000 1.000000
vt 0.250000 0.954545
vt 0.250000 0.045455
vt 0.250000 0.000000
vt 0.250000 0.090909
vt 0.250000 0.136364
vt 0.250000 0.181818
vt 0.250000 0.227273
vt 0.250000 0.272727
vt 0.250000 0.318182
vt 0.250000 0.363636
vt 0.250000 0.409091
vt 0.250000 0.454545
vt 0.250000 0.500000
vt 0.250000 0.545455
vt 0.250000 0.590909
vt 0.250000 0.636364
vt 0.250000 0.681818
vt 0.250000 0.727273
vt 0.250000 0.772727
vt 0.250000 0.818182
vt 0.250000 0.863636
vt 0.250000 0.909091
vt 0.333333 1.000000
vt 0.333333 0.954545
vt 0.333333 0.045455
vt 0.333333 0.000000
vt 0.333333 0.090909
vt 0.333333 0.136364
vt 0.333333 0.181818
vt 0.333333 0.227273
vt 0.333333 0.272727
vt 0.333333 0.318182
vt 0.333333 0.363636
vt 0.333333 0.409091
vt 0.333333 0.454545
vt 0.333333 0.500000
vt 0.333333 0.545455
vt 0.333333 0.590909
vt 0.333333 0.636364
vt 0.333333 0.681818
vt 0.333333 0.727273
vt 0.333333 0.772727
vt 0.333333 0.818182
vt 0.333333 0.863636
vt 0.333333 0.909091
vt 0.416667 1.000000
vt 0.416667 0.954545
vt 0.416667 0.045455
vt 0.416667 0.000000
vt 0.416667 0.090909
vt 0.416667 0.136364
vt 0.416667 0.181818
vt 0.416667 0.227273
vt 0.416667 0.272727
vt 0.416667 0.318182
vt 0.416667 0.363636
vt 0.416667 0.409091
vt 0.416667 0.454545
vt 0.416667 0.500000
vt 0.416667 0.545455
vt 0.416667 0.590909
vt 0.416667 0.636364
vt 0.416667 0.681818
vt 0.416667 0.727273
vt 0.416667 0.772727
vt 0.416667 0.818182
vt 0.416667 0.863636
vt 0.416667 0.909091
vt 0.500000 1.000000
vt 0.500000 0.954545
vt 0.500000 0.045455
vt 0.500000 0.000000
vt 0.500000 0.090909
vt 0.500000 0.136364
vt 0.500000 0.181818
vt 0.500000 0.227273
vt 0.500000 0.272727
vt 0.500000 0.318182
vt 0.500000 0.363636
vt 0.500000 0.409091
vt 0.500000 0.454545
vt 0.500000 0.500000
vt 0.500000 0.545455
vt 0.500000 0.590909
vt 0.500000 0.636364
vt 0.500000 0.681818
vt 0.500000 0.727273
vt 0.500000 0.772727
vt 0.500000 0.818182
vt 0.500000 0.863636
vt 0.500000 0.909091
vt 0.583333 1.000000
vt 0.583333 0.954545
vt 0.583333 0.045455
vt 0.583333 0.000000
vt 0.583333 0.090909
vt 0.583333 0.136364
vt 0.583333 0.181818
vt 0.583333 0.227273
vt 0.583333 0.272727
vt 0.583333 0.318182
vt 0.583333 0.363636
vt 0.583333 0.409091
vt 0.583333 0.454545
vt 0.583333 0.500000
vt 0.583333 0.545455
vt 0.583333 0.590909
vt 0.583333 0.636364
vt 0.583333 0.681818
vt 0.583333 0.727273
vt 0.583333 0.772727
vt 0.583333 0.818182
vt 0.583333 0.863636
vt 0.583333 0.909091
vt 0.666667 1.000000
vt 0.666667 0.954545
vt 0.666667 0.045455
vt 0.666667 0.000000
vt 0.666667 0.090909
vt 0.666667 0.136364
vt 0.666667 0.181818
vt 0.666667 0.227273
vt 0.666667 0.272727
vt 0.666667 0.318182
vt 0.666667 0.363636
vt 0.666667 0.409091
vt 0.666667 0.454545
vt 0.666667 0.500000
vt 0.666667 0.545455
vt 0.666667 0.590909
vt 0.666667 0.636364
vt 0.666667 0.681818
vt 0.666667 0.727273
vt 0.666667 0.772727
vt 0.666667 0.818182
vt 0.666667 0.863636
vt 0.666667 0.909091
vt 0.750000 1.000000
vt 0.750000 0.954545
vt 0.750000 0.045455
vt 0.750000 0.000000
vt 0.750000 0.090909
vt 0.750000 0.136364
vt 0.750000 0.181818
vt 0.750000 0.227273
vt 0.750000 0.272727
vt 0.750000 0.318182
vt 0.750000 0.363636
vt 0.750000 0.409091
vt 0.750000 0.454545
vt 0.750000 0.500000
vt 0.750000 0.545455
vt 0.750000 0.590909
vt 0.750000 0.636364
vt 0.750000 0.681818
vt 0.750000 0.727273
vt 0.750000 0.772727
vt 0.750000 0.818182
vt 0.750000 0.863636
vt 0.750000 0.909091
vt 0.833333 1.000000
vt 0.833333 0.954545
vt 0.833333 0.045455
vt 0.833333 0.000000
vt 0.833333 0.090909
vt 0.833333 0.136364
vt 0.833333 0.181818
vt 0.833333 0.227273
vt 0.833333 0.272727
vt 0.833333 0.318182
vt 0.833333 0.363636
vt 0.833333 0.409091
vt 0.833333 0.454545
vt 0.833333 0.500000
vt 0.833333 0.545455
vt 0.833333 0.590909
vt 0.833333 0.636364
vt 0.833333 0.681818
vt 0.833333 0.727273
vt 0.833333 0.772727
vt 0.833333 0.818182
vt 0.833333 0.863636
vt 0.833333 0.909091
vt 0.916667 1.000000
vt 0.916667 0.954545
vt 0.916667 0.045455
vt 0.916667 0.000000
vt 0.916667 0.090909
vt 0.916667 0.136364
vt 0.916667 0.181818
vt 0.916667 0.227273
vt 0.916667 0.272727
vt 0.916667 0.318182
vt 0.916667 0.363636
vt 0.916667 0.409091
vt 0.916667 0.454545
vt 0.916667 0.500000
vt 0.916667 0.545455
vt 0.916667 0.590909
vt 0.916667 0.636364
vt 0.916667 0.681818
vt 0.916667 0.727273
vt 0.916667 0.772727
vt 0.916667 0.818182
vt 0.916667 0.863636
vt 0.916667 0.909091
vt 1.000000 1.000000
vt 1.000000 0.954545
vt 1.000000 0.045455
vt 1.000000 0.000000
vt 1.000000 0.090909
vt 1.000000 0.136364
vt 1.000000 0.181818
vt 1.000000 0.227273
vt 1.000000 0.272727
vt 1.000000 0.318182
vt 1.000000 0.363636
vt 1.000000 0.409091
vt 1.000000 0.454545
vt 1.000000 0.500000
vt 1.000000 0.545455
vt 1.000000 0.590909
vt 1.000000 0.636364
vt 1.000000 0.681818
vt 1.000000 0.727273
vt 1.000000 0.772727
vt 1.000000 0.818182
vt 1.000000 0.863636
vt 1.000000 0.909091
s 1
usemtl Material
f 1169/1273/1095 1191/1274/1117 1212/1275/1138 1190/1276/1116
f 1170/1277/1096 1192/1278/1118 1191/1279/1117 1169/1280/1095
f 1171/1281/1097 1193/1282/1119 1192/1278/1118 1170/1277/1096
f 1172/1283/1098 1194/1284/1120 1193/1282/1119 1171/1281/1097
f 1173/1285/1099 1195/1286/1121 1194/1284/1120 1172/1283/1098
f 1174/1287/1100 1196/1288/1122 1195/1286/1121 1173/1285/1099
f 1175/1289/1101 1197/1290/1123 1196/1288/1122 1174/1287/1100
f 1176/1291/1102 1198/1292/1124 1197/1290/1123 1175/1289/1101
f 1177/1293/1103 1199/1294/1125 1198/1292/1124 1176/1291/1102
f 1178/1295/1104 1200/1296/1126 1199/1294/1125 1177/1293/1103
f 1179/1297/1105 1201/1298/1127 1200/1296/1126 1178/1295/1104
f 1180/1299/1106 1202/1300/1128 1201/1298/1127 1179/1297/1105
f 1181/1301/1107 1203/1302/1129 1202/1300/1128 1180/1299/1106
f 1182/1303/1108 1204/1304/1130 1203/1302/1129 1181/1301/1107
f 1183/1305/1109 1205/1306/1131 1204/1304/1130 1182/1303/1108
f 1184/1307/1110 1206/1308/1132 1205/1306/1131 1183/1305/1109
f 1185/1309/1111 1207/1310/1133 1206/1308/1132 1184/1307/1110
f 1186/1311/1112 1208/1312/1134 1207/1310/1133 1185/1309/1111
f 1187/1313/1113 1209/1314/1135 1208/1312/1134 1186/1311/1112
f 1188/1315/1114 1210/1316/1136 1209/1314/1135 1187/1313/1113
f 1189/1317/1115 1211/1318/1137 1210/1316/1136 1188/1315/1114
f 1190/1276/1116 1212/1275/1138 1211/1318/1137 1189/1317/1115
f 1191/1274/1117 1213/1319/1139 1234/1320/1160 1212/1275/1138
f 1192/1278/1118 1214/1321/1140 1213/1322/1139 1191/1279/1117
f 1193/1282/1119 1215/1323/1141 1214/1321/1140 1192/1278/1118
f 1194/1284/1120 1216/1324/1142 1215/1323/1141 1193/1282/1119
f 1195/1286/1121 1217/1325/1143 1216/1324/1142 1194/1284/1120
f 1196/1288/1122 1218/1326/1144 1217/1325/1143 1195/1286/1121
f 1197/1290/1123 1219/1327/1145 1218/1326/1144 1196/1288/1122
f 1198/1292/1124 1220/1328/1146 1219/1327/1145 1197/1290/1123
f 1199/1294/1125 1221/1329/1147 1220/1328/1146 1198/1292/1124
f 1200/1296/1126 1222/1330/1148 1221/1329/1147 1199/1294/1125
f 1201/1298/1127 1223/1331/1149 1222/1330/1148 1200/1296/1126
f 1202/1300/1128 1224/1332/1150 1223/1331/1149 1201/1298/1127
f 1203/1302/1129 1225/1333/1151 1224/1332/1150 1202/1300/1128
f 1204/1304/1130 1226/1334/1152 1225/1333/1151 1203/1302/1129
f 1205/1306/1131 1227/1335/1153 1226/1334/1152 1204/1304/1130
f 1206/1308/1132 1228/1336/1154 1227/1335/1153 1205/1306/1131
f 1207/1310/1133 1229/1337/1155 1228/1336/1154 1206/1308/1132
f 1208/1312/1134 1230/1338/1156 1229/1337/1155 1207/1310/1133
f 1209/1314/1135 1231/1339/1157 1230/1338/1156 1208/1312/1134
f 1210/1316/1136 1232/1340/1158 1231/1339/1157 1209/1314/1135
f 1211/1318/1137 1233/1341/1159 1232/1340/1158 1210/1316/1136
f 1212/1275/1138 1234/1320/1160 1233/1341/1159 1211/1318/1137
f 1213/1319/1139 1235/1342/1161 1256/1343/1182 1234/1320/1160
f 1214/1321/1140 1236/1344/1162 1235/1345/1161 1213/1322/1139
f 1215/1323/1141 1237/1346/1163 1236/1344/1162 1214/1321/1140
f 1216/1324/1142 1238/1347/1164 1237/1346/1163 1215/1323/1141
f 1217/1325/1143 1239/1348/1165 1238/1347/1164 1216/1324/1142
f 1218/1326/1144 1240/1349/1166 1239/1348/1165 1217/1325/1143
f 1219/1327/1145 1241/1350/1167 1240/1349/1166 1218/1326/1144
f 1220/1328/1146 1242/1351/1168 1241/1350/1167 1219/1327/1145
f 1221/1329/1147 1243/1352/1169 1242/1351/1168 1220/1328/1146
f 1222/1330/1148 1244/1353/1170 1243/1352/1169 1221/1329/1147
f 1223/1331/1149 1245/1354/1171 1244/1353/1170 1222/1330/1148
f 1224/1332/1150 1246/1355/1172 1245/1354/1171 1223/1331/1149
f 1225/1333/1151 1247/1356/1173 1246/1355/1172 1224/1332/1150
f 1226/1334/1152 1248/1357/1174 1247/1356/1173 1225/1333/1151
f 1227/1335/1153 1249/1358/1175 1248/1357/1174 1226/1334/1152
f 1228/1336/1154 1250/1359/1176 1249/1358/1175 1227/1335/1153
f 1229/1337/1155 1251/1360/1177 1250/1359/1176 1228/1336/1154
f 1230/1338/1156 1252/1361/1178 1251/1360/1177 1229/1337/1155
f 1231/1339/1157 1253/1362/1179 1252/1361/1178 1230/1338/1156
f 1232/1340/1158 1254/1363/1180 1253/1362/1179 1231/1339/1157
f 1233/1341/1159 1255/1364/1181 1254/1363/1180 1232/1340/1158
f 1234/1320/1160 1256/1343/1182 1255/1364/1181 1233/1341/1159
f 1235/1342/1161 1257/1365/1183 1278/1366/1204 1256/1343/1182
f 1236/1344/1162 1258/1367/1184 1257/1368/1183 1235/1345/1161
f 1237/1346/1163 1259/1369/1185 1258/1367/1184 1236/1344/1162
f 1238/1347/1164 1260/1370/1186 1259/1369/1185 1237/1346/1163
f 1239/1348/1165 1261/1371/1187 1260/1370/1186 1238/1347/1164
f 1240/1349/1166 1262/1372/1188 1261/1371/1187 1239/1348/1165
f 1241/1350/1167 1263/1373/1189 1262/1372/1188 1240/1349/1166
f 1242/1351/1168 1264/1374/1190 1263/1373/1189 1241/1350/1167
f 1243/1352/1169 1265/1375/1191 1264/1374/1190 1242/1351/1168
f 1244/1353/1170 1266/1376/1192 1265/1375/1191 1243/1352/1169
f 1245/1354/1171 1267/1377/1193 1266/1376/1192 1244/1353/1170
f 1246/1355/1172 1268/1378/1194 1267/1377/1193 1245/1354/1171
f 1247/1356/1173 1269/1379/1195 1268/1378/1194 1246/1355/1172
f 1248/1357/1174 1270/1380/1196 1269/1379/1195 1247/1356/1173
f 1249/1358/1175 1271/1381/1197 1270/1380/1196 1248/1357/1174
f 1250/1359/1176 1272/1382/1198 1271/1381/1197 1249/1358/1175
f 1251/1360/1177 1273/1383/1199 1272/1382/1198 1250/1359/1176
f 1252/1361/1178 1274/1384/1200 1273/1383/1199 1251/1360/1177
f 1253/1362/1179 1275/1385/1201 1274/1384/1200 1252/1361/1178
f 1254/1363/1180 1276/1386/1202 1275/1385/1201 1253/1362/1179
f 1255/1364/1181 1277/1387/1203 1276/1386/1202 1254/1363/1180
f 1256/1343/1182 1278/1366/1204 1277/1387/1203 1255/1364/1181
f 1257/1365/1183 1279/1388/1205 1300/1389/1226 1278/1366/1204
f 1258/1367/1184 1280/1390/1206 1279/1391/1205 1257/1368/1183
f 1259/1369/1185 1281/1392/1207 1280/1390/1206 1258/1367/1184
f 1260/1370/1186 1282/1393/1208 1281/1392/1207 1259/1369/1185
f 1261/1371/1187 1283/1394/1209 1282/1393/1208 1260/1370/1186
f 1262/1372/1188 1284/1395/1210 1283/1394/1209 1261/1371/1187
f 1263/1373/1189 1285/1396/1211 1284/1395/1210 1262/1372/1188
f 1264/1374/1190 1286/1397/1212 1285/1396/1211 1263/1373/1189
f 1265/1375/1191 1287/1398/1213 1286/1397/1212 1264/1374/1190
f 1266/1376/1192 1288/1399/1214 1287/1398/1213 1265/1375/1191
f 1267/1377/1193 1289/1400/1215 1288/1399/1214 1266/1376/1192
f 1268/1378/1194 1290/1401/1216 1289/1400/1215 1267/1377/1193
f 1269/1379/1195 1291/1402/1217 1290/1401/1216 1268/1378/1194
f 1270/1380/1196 1292/1403/1218 1291/1402/1217 1269/1379/1195
f 1271/1381/1197 1293/1404/1219 1292/1403/1218 1270/1380/1196
f 1272/1382/1198 1294/1405/1220 1293/1404/1219 1271/1381/1197
f 1273/1383/1199 1295/1406/1221 1294/1405/1220 1272/1382/1198
f 1274/1384/1200 1296/1407/1222 1295/1406/1221 1273/1383/1199
f 1275/1385/1201 1297/1408/1223 1296/1407/1222 1274/1384/1200
f 1276/1386/1202 1298/1409/1224 1297/1408/1223 1275/1385/1201
f 1277/1387/1203 1299/1410/1225 1298/1409/1224 1276/1386/1202
f 1278/1366/1204 1300/1389/1226 1299/1410/1225 1277/1387/1203
f 1279/1388/1205 1301/1411/1227 1322/1412/1248 1300/1389/1226
f 1280/1390/1206 1302/1413/1228 1301/1414/1227 1279/1391/1205
f 1281/1392/1207 1303/1415/1229 1302/1413/1228 1280/1390/1206
f 1282/1393/1208 1304/1416/1230 1303/1415/1229 1281/1392/1207
f 1283/1394/1209 1305/1417/1231 1304/1416/1230 1282/1393/1208
f 1284/1395/1210 1306/1418/1232 1305/1417/1231 1283/1394/1209
f 1285/1396/1211 1307/1419/1233 1306/1418/1232 1284/1395/1210
f 1286/1397/1212 1308/1420/1234 1307/1419/1233 1285/1396/1211
f 1287/1398/1213 1309/1421/1235 1308/1420/1234 1286/1397/1212
f 1288/1399/1214 1310/1422/1236 1309/1421/1235 1287/1398/1213
f 1289/1400/1215 1311/1423/1237 1310/1422/1236 1288/1399/1214
f 1290/1401/1216 1312/1424/1238 1311/1423/1237 1289/1400/1215
f 1291/1402/1217 1313/1425/1239 1312/1424/1238 1290/1401/1216
f 1292/1403/1218 1314/1426/1240 1313/1425/1239 1291/1402/1217
f 1293/1404/1219 1315/1427/1241 1314/1426/1240 1292/1403/1218
f 1294/1405/1220 1316/1428/1242 1315/1427/1241 1293/1404/1219
f 1295/1406/1221 1317/1429/1243 1316/1428/1242 1294/1405/1220
f 1296/1407/1222 1318/1430/1244 1317/1429/1243 1295/1406/1221
f 1297/1408/1223 1319/1431/1245 1318/1430/1244 1296/1407/1222
f 1298/1409/1224 1320/1432/1246 1319/1431/1245 1297/1408/1223
f 1299/1410/1225 1321/1433/1247 1320/1432/1246 1298/1409/1224
f 1300/1389/1226 1322/1412/1248 1321/1433/1247 1299/1410/1225
f 1301/1411/1227 1323/1434/1249 1344/1435/1270 1322/1412/1248
f 1302/1413/1228 1324/1436/1250 1323/1437/1249 1301/1414/1227
f 1303/1415/1229 1325/1438/1251 1324/1436/1250 1302/1413/1228
f 1304/1416/1230 1326/1439/1252 1325/1438/1251 1303/1415/1229
f 1305/1417/1231 1327/1440/1253 1326/1439/1252 1304/1416/1230
f 1306/1418/1232 1328/1441/1254 1327/1440/1253 1305/1417/1231
f 1307/1419/1233 1329/1442/1255 1328/1441/1254 1306/1418/1232
f 1308/1420/1234 1330/1443/1256 1329/1442/1255 1307/1419/1233
f 1309/1421/1235 1331/1444/1257 1330/1443/1256 1308/1420/1234
f 1310/1422/1236 1332/1445/1258 1331/1444/1257 1309/1421/1235
f 1311/1423/1237 1333/1446/1259 1332/1445/1258 1310/1422/1236
f 1312/1424/1238 1334/1447/1260 1333/1446/1259 1311/1423/1237
f 1313/1425/1239 1335/1448/1261 1334/1447/1260 1312/1424/1238
f 1314/1426/1240 1336/1449/1262 1335/1448/1261 1313/1425/1239
f 1315/1427/1241 1337/1450/1263 1336/1449/1262 1314/1426/1240
f 1316/1428/1242 1338/1451/1264 1337/1450/1263 1315/1427/1241
f 1317/1429/1243 1339/1452/1265 1338/1451/1264 1316/1428/1242
f 1318/1430/1244 1340/1453/1266 1339/1452/1265 1317/1429/1243
f 1319/1431/1245 1341/1454/1267 1340/1453/1266 1318/1430/1244
f 1320/1432/1246 1342/1455/1268 1341/1454/1267 1319/1431/1245
f 1321/1433/1247 1343/1456/1269 1342/1455/1268 1320/1432/1246
f 1322/1412/1248 1344/1435/1270 1343/1456/1269 1321/1433/1247
f 1323/1434/1249 1345/1457/1271 1366/1458/1292 1344/1435/1270
f 1324/1436/1250 1346/1459/1272 1345/1460/1271 1323/1437/1249
f 1325/1438/1251 1347/1461/1273 1346/1459/1272 1324/1436/1250
f 1326/1439/1252 1348/1462/1274 1347/1461/1273 1325/1438/1251
f 1327/1440/1253 1349/1463/1275 1348/1462/1274 1326/1439/1252
f 1328/1441/1254 1350/1464/1276 1349/1463/1275 1327/1440/1253
f 1329/1442/1255 1351/1465/1277 1350/1464/1276 1328/1441/1254
f 1330/1443/1256 1352/1466/1278 1351/1465/1277 1329/1442/1255
f 1331/1444/1257 1353/1467/1279 1352/1466/1278 1330/1443/1256
f 1332/1445/1258 1354/1468/1280 1353/1467/1279 1331/1444/1257
f 1333/1446/1259 1355/1469/1281 1354/1468/1280 1332/1445/1258
f 1334/1447/1260 1356/1470/1282 1355/1469/1281 1333/1446/1259
f 1335/1448/1261 1357/1471/1283 1356/1470/1282 1334/1447/1260
f 1336/1449/1262 1358/1472/1284 1357/1471/1283 1335/1448/1261
f 1337/1450/1263 1359/1473/1285 1358/1472/1284 1336/1449/1262
f 1338/1451/1264 1360/1474/1286 1359/1473/1285 1337/1450/1263
f 1339/1452/1265 1361/1475/1287 1360/1474/1286 1338/1451/1264
f 1340/1453/1266 1362/1476/1288 1361/1475/1287 1339/1452/1265
f 1341/1454/1267 1363/1477/1289 1362/1476/1288 1340/1453/1266
f 1342/1455/1268 1364/1478/1290 1363/1477/1289 1341/1454/1267
f 1343/1456/1269 1365/1479/1291 1364/1478/1290 1342/1455/1268
f 1344/1435/1270 1366/1458/1292 1365/1479/1291 1343/1456/1269
f 1345/1457/1271 1367/1480/1293 1388/1481/1314 1366/1458/1292
f 1346/1459/1272 1368/1482/1294 1367/1483/1293 1345/1460/1271
f 1347/1461/1273 1369/1484/1295 1368/1482/1294 1346/1459/1272
f 1348/1462/1274 1370/1485/1296 1369/1484/1295 1347/1461/1273
f 1349/1463/1275 1371/1486/1297 1370/1485/1296 1348/1462/1274
f 1350/1464/1276 1372/1487/1298 1371/1486/1297 1349/1463/1275
f 1351/1465/1277 1373/1488/1299 1372/1487/1298 1350/1464/1276
f 1352/1466/1278 1374/1489/1300 1373/1488/1299 1351/1465/1277
f 1353/1467/1279 1375/1490/1301 1374/1489/1300 1352/1466/1278
f 1354/1468/1280 1376/1491/1302 1375/1490/1301 1353/1467/1279
f 1355/1469/1281 1377/1492/1303 1376/1491/1302 1354/1468/1280
f 1356/1470/1282 1378/1493/1304 1377/1492/1303 1355/1469/1281
f 1357/1471/1283 1379/1494/1305 1378/1493/1304 1356/1470/1282
f 1358/1472/1284 1380/1495/1306 1379/1494/1305 1357/1471/1283
f 1359/1473/1285 1381/1496/1307 1380/1495/1306 1358/1472/1284
f 1360/1474/1286 1382/1497/1308 1381/1496/1307 1359/1473/1285
f 1361/1475/1287 1383/1498/1309 1382/1497/1308 1360/1474/1286
f 1362/1476/1288 1384/1499/1310 1383/1498/1309 1361/1475/1287
f 1363/1477/1289 1385/1500/1311 1384/1499/1310 1362/1476/1288
f 1364/1478/1290 1386/1501/1312 1385/1500/1311 1363/1477/1289
f 1365/1479/1291 1387/1502/1313 1386/1501/1312 1364/1478/1290
f 1366/1458/1292 1388/1481/1314 1387/1502/1313 1365/1479/1291
f 1367/1480/1293 1389/1503/1315 1410/1504/1336 1388/1481/1314
f 1368/1482/1294 1390/1505/1316 1389/1506/1315 1367/1483/1293
f 1369/1484/1295 1391/1507/1317 1390/1505/1316 1368/1482/1294
f 1370/1485/1296 1392/1508/1318 1391/1507/1317 1369/1484/1295
f 1371/1486/1297 1393/1509/1319 1392/1508/1318 1370/1485/1296
f 1372/1487/1298 1394/1510/1320 1393/1509/1319 1371/1486/1297
f 1373/1488/1299 1395/1511/1321 1394/1510/1320 1372/1487/1298
f 1374/1489/1300 1396/1512/1322 1395/1511/1321 1373/1488/1299
f 1375/1490/1301 1397/1513/1323 1396/1512/1322 1374/1489/1300
f 1376/1491/1302 1398/1514/1324 1397/1513/1323 1375/1490/1301
f 1377/1492/1303 1399/1515/1325 1398/1514/1324 1376/1491/1302
f 1378/1493/1304 1400/1516/1326 1399/1515/1325 1377/1492/1303
f 1379/1494/1305 1401/1517/1327 1400/1516/1326 1378/1493/1304
f 1380/1495/1306 1402/1518/1328 1401/1517/1327 1379/1494/1305
f 1381/1496/1307 1403/1519/1329 1402/1518/1328 1380/1495/1306
f 1382/1497/1308 1404/1520/1330 1403/1519/1329 1381/1496/1307
f 1383/1498/1309 1405/1521/1331 1404/1520/1330 1382/1497/1308
f 1384/1499/1310 1406/1522/1332 1405/1521/1331 1383/1498/1309
f 1385/1500/1311 1407/1523/1333 1406/1522/1332 1384/1499/1310
f 1386/1501/1312 1408/1524/1334 1407/1523/1333 1385/1500/1311
f 1387/1502/1313 1409/1525/1335 1408/1524/1334 1386/1501/1312
f 1388/1481/1314 1410/1504/1336 1409/1525/1335 1387/1502/1313
f 1389/1503/1315 1411/1526/1337 1432/1527/1358 1410/1504/1336
f 1390/1505/1316 1412/1528/1338 1411/1529/1337 1389/1506/1315
f 1391/1507/1317 1413/1530/1339 1412/1528/1338 1390/1505/1316
f 1392/1508/1318 1414/1531/1340 1413/1530/1339 1391/1507/1317
f 1393/1509/1319 1415/1532/1341 1414/1531/1340 1392/1508/1318
f 1394/1510/1320 1416/1533/1342 1415/1532/1341 1393/1509/1319
f 1395/1511/1321 1417/1534/1343 1416/1533/1342 1394/1510/1320
f 1396/1512/1322 1418/1535/1344 1417/1534/1343 1395/1511/1321
f 1397/1513/1323 1419/1536/1345 1418/1535/1344 1396/1512/1322
f 1398/1514/1324 1420/1537/1346 1419/1536/1345 1397/1513/1323
f 1399/1515/1325 1421/1538/1347 1420/1537/1346 1398/1514/1324
f 1400/1516/1326 1422/1539/1348 1421/1538/1347 1399/1515/1325
f 1401/1517/1327 1423/1540/1349 1422/1539/1348 1400/1516/1326
f 1402/1518/1328 1424/1541/1350 1423/1540/1349 1401/1517/1327
f 1403/1519/1329 1425/1542/1351 1424/1541/1350 1402/1518/1328
f 1404/1520/1330 1426/1543/1352 1425/1542/1351 1403/1519/1329
f 1405/1521/1331 1427/1544/1353 1426/1543/1352 1404/1520/1330
f 1406/1522/1332 1428/1545/1354 1427/1544/1353 1405/1521/1331
f 1407/1523/1333 1429/1546/1355 1428/1545/1354 1406/1522/1332
f 1408/1524/1334 1430/1547/1356 1429/1546/1355 1407/1523/1333
f 1409/1525/1335 1431/1548/1357 1430/1547/1356 1408/1524/1334
f 1410/1504/1336 1432/1527/1358 1431/1548/1357 1409/1525/1335
f 1411/1526/1337 1169/1549/1095 1190/1550/1116 1432/1527/1358
f 1412/1528/1338 1170/1551/1096 1169/1552/1095 1411/1529/1337
f 1413/1530/1339 1171/1553/1097 1170/1551/1096 1412/1528/1338
f 1414/1531/1340 1172/1554/1098 1171/1553/1097 1413/1530/1339
f 1415/1532/1341 1173/1555/1099 1172/1554/1098 1414/1531/1340
f 1416/1533/1342 1174/1556/1100 1173/1555/1099 1415/1532/1341
f 1417/1534/1343 1175/1557/1101 1174/1556/1100 1416/1533/1342
f 1418/1535/1344 1176/1558/1102 1175/1557/1101 1417/1534/1343
f 1419/1536/1345 1177/1559/1103 1176/1558/1102 1418/1535/1344
f 1420/1537/1346 1178/1560/1104 1177/1559/1103 1419/1536/1345
f 1421/1538/1347 1179/1561/1105 1178/1560/1104 1420/1537/1346
f 1422/1539/1348 1180/1562/1106 1179/1561/1105 1421/1538/1347
f 1423/1540/1349 1181/1563/1107 1180/1562/1106 1422/1539/1348
f 1424/1541/1350 1182/1564/1108 1181/1563/1107 1423/1540/1349
f 1425/1542/1351 1183/1565/1109 1182/1564/1108 1424/1541/1350
f 1426/1543/1352 1184/1566/1110 1183/1565/1109 1425/1542/1351
f 1427/1544/1353 1185/1567/1111 1184/1566/1110 1426/1543/1352
f 1428/1545/1354 1186/1568/1112 1185/1567/1111 1427/1544/1353
f 1429/1546/1355 1187/1569/1113 1186/1568/1112 1428/1545/1354
f 1430/1547/1356 1188/1570/1114 1187/1569/1113 1429/1546/1355
f 1431/1548/1357 1189/1571/1115 1188/1570/1114 1430/1547/1356
f 1432/1527/1358 1190/1550/1116 1189/1571/1115 1431/1548/1357
o BézierCircle.002
v 0.190211 1.041996 -0.495567
v 0.189752 1.039103 -0.495739
v 0.188420 1.036493 -0.495893
v 0.186345 1.034422 -0.496016
v 0.183731 1.033092 -0.496095
v 0.180832 1.032634 -0.496122
v -0.100529 1.032634 -0.496122
v -0.103427 1.033092 -0.496095
v -0.106042 1.034422 -0.496016
v -0.108116 1.036493 -0.495893
v -0.109449 1.039103 -0.495739
v -0.109908 1.041996 -0.495567
v -0.109449 1.044889 -0.495396
v -0.108116 1.047499 -0.495241
v -0.106042 1.049571 -0.495119
v -0.103427 1.050900 -0.495040
v -0.100529 1.051359 -0.495013
v 0.180832 1.051358 -0.495013
v 0.183731 1.050900 -0.495040
v 0.186345 1.049570 -0.495119
v 0.188420 1.047499 -0.495241
v 0.189752 1.044889 -0.495396
v 0.190211 1.053996 -0.712322
v 0.189752 1.051143 -0.712832
v 0.188420 1.048569 -0.713293
v 0.186345 1.046527 -0.713659
v 0.183731 1.045215 -0.713893
v 0.180832 1.044764 -0.713974
v -0.100529 1.044764 -0.713974
v -0.103427 1.045215 -0.713893
v -0.106042 1.046527 -0.713659
v -0.108116 1.048569 -0.713293
v -0.109449 1.051143 -0.712832
v -0.109908 1.053996 -0.712322
v -0.109449 1.056848 -0.711811
v -0.108116 1.059422 -0.711350
v -0.106042 1.061464 -0.710984
v -0.103427 1.062776 -0.710750
v -0.100529 1.063228 -0.710669
v 0.180832 1.063228 -0.710669
v 0.183731 1.062776 -0.710750
v 0.186345 1.061464 -0.710984
v 0.188420 1.059422 -0.711350
v 0.189752 1.056848 -0.711811
v 0.190211 1.109366 -0.891964
v 0.189752 1.107462 -0.894148
v 0.188420 1.105744 -0.896119
v 0.186345 1.104381 -0.897684
v 0.183731 1.103505 -0.898688
v 0.180832 1.103204 -0.899034
v -0.100529 1.103204 -0.899034
v -0.103427 1.103505 -0.898688
v -0.106042 1.104381 -0.897684
v -0.108116 1.105744 -0.896119
v -0.109449 1.107462 -0.894148
v -0.109908 1.109366 -0.891964
v -0.109449 1.111270 -0.889779
v -0.108116 1.112988 -0.887808
v -0.106042 1.114351 -0.886244
v -0.103427 1.115227 -0.885239
v -0.100529 1.115528 -0.884893
v 0.180832 1.115528 -0.884893
v 0.183731 1.115227 -0.885239
v 0.186345 1.114351 -0.886244
v 0.188420 1.112988 -0.887808
v 0.189752 1.111270 -0.889779
v 0.190211 1.285533 -0.920750
v 0.189752 1.286468 -0.923493
v 0.188420 1.287312 -0.925967
v 0.186345 1.287982 -0.927931
v 0.183731 1.288412 -0.929192
v 0.180832 1.288560 -0.929627
v -0.100529 1.288560 -0.929627
v -0.103427 1.288411 -0.929192
v -0.106042 1.287982 -0.927931
v -0.108116 1.287312 -0.925967
v -0.109449 1.286468 -0.923493
v -0.109908 1.285533 -0.920750
v -0.109449 1.284598 -0.918007
v -0.108116 1.283754 -0.915532
v -0.106042 1.283084 -0.913568
v -0.103427 1.282654 -0.912307
v -0.100529 1.282506 -0.911873
v 0.180832 1.282506 -0.911873
v 0.183731 1.282654 -0.912307
v 0.186345 1.283084 -0.913568
v 0.188420 1.283754 -0.915532
v 0.189752 1.284598 -0.918007
v 0.190211 1.396942 -0.801546
v 0.189752 1.399730 -0.802340
v 0.188420 1.402244 -0.803056
v 0.186345 1.404240 -0.803625
v 0.183731 1.405521 -0.803990
v 0.180832 1.405962 -0.804115
v -0.100529 1.405962 -0.804115
v -0.103427 1.405521 -0.803990
v -0.106042 1.404240 -0.803625
v -0.108116 1.402244 -0.803056
v -0.109449 1.399730 -0.802340
v -0.109908 1.396942 -0.801546
v -0.109449 1.394155 -0.800752
v -0.108116 1.391640 -0.800036
v -0.106042 1.389645 -0.799468
v -0.103427 1.388364 -0.799103
v -0.100529 1.387922 -0.798977
v 0.180832 1.387922 -0.798977
v 0.183731 1.388364 -0.799103
v 0.186345 1.389645 -0.799468
v 0.188420 1.391641 -0.800036
v 0.189752 1.394155 -0.800752
v 0.190211 1.361012 -0.621204
v 0.189752 1.363763 -0.620293
v 0.188420 1.366245 -0.619471
v 0.186345 1.368215 -0.618819
v 0.183731 1.369480 -0.618400
v 0.180832 1.369915 -0.618256
v -0.100529 1.369915 -0.618256
v -0.103427 1.369480 -0.618400
v -0.106042 1.368215 -0.618819
v -0.108116 1.366245 -0.619471
v -0.109449 1.363763 -0.620293
v -0.109908 1.361012 -0.621204
v -0.109449 1.358261 -0.622115
v -0.108116 1.355779 -0.622936
v -0.106042 1.353809 -0.623588
v -0.103427 1.352544 -0.624007
v -0.100529 1.352108 -0.624151
v 0.180832 1.352108 -0.624151
v 0.183731 1.352544 -0.624007
v 0.186345 1.353809 -0.623588
v 0.188420 1.355779 -0.622936
v 0.189752 1.358261 -0.622114
v 0.190211 1.273160 -0.435933
v 0.189752 1.275789 -0.434713
v 0.188420 1.278161 -0.433614
v 0.186345 1.280044 -0.432741
v 0.183731 1.281252 -0.432180
v 0.180832 1.281669 -0.431987
v -0.100529 1.281669 -0.431987
v -0.103427 1.281252 -0.432180
v -0.106042 1.280044 -0.432741
v -0.108116 1.278161 -0.433614
v -0.109449 1.275789 -0.434713
v -0.109908 1.273160 -0.435933
v -0.109449 1.270531 -0.437152
v -0.108116 1.268159 -0.438252
v -0.106042 1.266277 -0.439125
v -0.103427 1.265068 -0.439685
v -0.100529 1.264652 -0.439878
v 0.180832 1.264652 -0.439878
v 0.183731 1.265068 -0.439685
v 0.186345 1.266277 -0.439124
v 0.188420 1.268159 -0.438252
v 0.189752 1.270531 -0.437152
v 0.190211 1.185360 -0.242249
v 0.189752 1.187999 -0.241051
v 0.188420 1.190380 -0.239971
v 0.186345 1.192269 -0.239113
v 0.183731 1.193482 -0.238562
v 0.180832 1.193900 -0.238373
v -0.100529 1.193900 -0.238373
v -0.103427 1.193482 -0.238562
v -0.106042 1.192269 -0.239113
v -0.108116 1.190380 -0.239971
v -0.109449 1.187999 -0.241051
v -0.109908 1.185360 -0.242249
v -0.109449 1.182721 -0.243447
v -0.108116 1.180340 -0.244527
v -0.106042 1.178451 -0.245385
v -0.103427 1.177238 -0.245936
v -0.100529 1.176820 -0.246125
v 0.180832 1.176820 -0.246125
v 0.183731 1.177238 -0.245935
v 0.186345 1.178451 -0.245385
v 0.188420 1.180340 -0.244527
v 0.189752 1.182721 -0.243447
v 0.190211 1.111407 -0.079517
v 0.189752 1.113901 -0.078042
v 0.188420 1.116152 -0.076710
v 0.186345 1.117937 -0.075654
v 0.183731 1.119084 -0.074975
v 0.180832 1.119479 -0.074742
v -0.100529 1.119479 -0.074742
v -0.103427 1.119084 -0.074975
v -0.106042 1.117937 -0.075654
v -0.108116 1.116152 -0.076710
v -0.109449 1.113901 -0.078042
v -0.109908 1.111407 -0.079517
v -0.109449 1.108913 -0.080993
v -0.108116 1.106663 -0.082324
v -0.106042 1.104877 -0.083381
v -0.103427 1.103730 -0.084059
v -0.100529 1.103335 -0.084293
v 0.180832 1.103335 -0.084293
v 0.183731 1.103730 -0.084059
v 0.186345 1.104877 -0.083381
v 0.188420 1.106663 -0.082324
v 0.189752 1.108913 -0.080993
v 0.190211 1.064477 -0.016745
v 0.189752 1.064017 -0.013884
v 0.188420 1.063602 -0.011303
v 0.186345 1.063272 -0.009254
v 0.183731 1.063061 -0.007939
v 0.180832 1.062988 -0.007486
v -0.100529 1.062988 -0.007486
v -0.103427 1.063061 -0.007939
v -0.106042 1.063272 -0.009254
v -0.108116 1.063602 -0.011303
v -0.109449 1.064017 -0.013884
v -0.109908 1.064477 -0.016745
v -0.109449 1.064937 -0.019607
v -0.108116 1.065352 -0.022188
v -0.106042 1.065682 -0.024237
v -0.103427 1.065893 -0.025552
v -0.100529 1.065966 -0.026005
v 0.180832 1.065966 -0.026005
v 0.183731 1.065893 -0.025552
v 0.186345 1.065682 -0.024237
v 0.188420 1.065352 -0.022188
v 0.189752 1.064937 -0.019607
v 0.190211 1.031609 -0.114923
v 0.189752 1.028750 -0.114446
v 0.188420 1.026171 -0.114015
v 0.186345 1.024125 -0.113673
v 0.183731 1.022811 -0.113454
v 0.180832 1.022358 -0.113378
v -0.100529 1.022358 -0.113378
v -0.103427 1.022811 -0.113454
v -0.106042 1.024125 -0.113673
v -0.108116 1.026171 -0.114015
v -0.109449 1.028750 -0.114446
v -0.109908 1.031609 -0.114923
v -0.109449 1.034467 -0.115401
v -0.108116 1.037046 -0.115832
v -0.106042 1.039093 -0.116173
v -0.103427 1.040406 -0.116393
v -0.100529 1.040859 -0.116469
v 0.180832 1.040859 -0.116469
v 0.183731 1.040406 -0.116393
v 0.186345 1.039092 -0.116173
v 0.188420 1.037046 -0.115832
v 0.189752 1.034467 -0.115401
v 0.190211 1.030080 -0.306725
v 0.189752 1.027183 -0.306804
v 0.188420 1.024570 -0.306876
v 0.186345 1.022495 -0.306934
v 0.183731 1.021164 -0.306970
v 0.180832 1.020705 -0.306983
v -0.100529 1.020705 -0.306983
v -0.103427 1.021164 -0.306970
v -0.106042 1.022495 -0.306934
v -0.108116 1.024570 -0.306876
v -0.109449 1.027183 -0.306804
v -0.109908 1.030080 -0.306725
v -0.109449 1.032977 -0.306645
v -0.108116 1.035591 -0.306573
v -0.106042 1.037665 -0.306516
v -0.103427 1.038996 -0.306479
v -0.100529 1.039455 -0.306467
v 0.180832 1.039455 -0.306467
v 0.183731 1.038996 -0.306479
v 0.186345 1.037665 -0.306516
v 0.188420 1.035591 -0.306573
v 0.189752 1.032977 -0.306645
vn 1.0000 0.0004 -0.0000
vn 0.9510 -0.3087 -0.0183
vn 0.8087 -0.5872 -0.0348
vn 0.5872 -0.8080 -0.0479
vn 0.3086 -0.9495 -0.0564
vn 0.0783 -0.9952 -0.0591
vn -0.0783 -0.9952 -0.0591
vn -0.3086 -0.9495 -0.0564
vn -0.5872 -0.8080 -0.0479
vn -0.8087 -0.5872 -0.0348
vn -0.9510 -0.3087 -0.0183
vn -1.0000 0.0004 -0.0000
vn -0.9508 0.3094 0.0183
vn -0.8083 0.5878 0.0348
vn -0.5869 0.8083 0.0478
vn -0.3084 0.9496 0.0561
vn -0.0783 0.9952 0.0588
vn 0.0783 0.9952 0.0588
vn 0.3084 0.9496 0.0561
vn 0.5869 0.8083 0.0478
vn 0.8083 0.5878 0.0348
vn 0.9508 0.3094 0.0183
vn 0.9999 -0.0123 -0.0024
vn 0.9441 -0.3243 -0.0599
vn 0.7936 -0.5984 -0.1103
vn 0.5694 -0.8085 -0.1484
vn 0.2966 -0.9394 -0.1719
vn 0.0754 -0.9809 -0.1792
vn -0.0754 -0.9809 -0.1792
vn -0.2966 -0.9394 -0.1719
vn -0.5694 -0.8085 -0.1484
vn -0.7936 -0.5984 -0.1103
vn -0.9441 -0.3243 -0.0599
vn -0.9999 -0.0123 -0.0024
vn -0.9515 0.3026 0.0550
vn -0.8051 0.5838 0.1049
vn -0.5802 0.8019 0.1423
vn -0.3030 0.9386 0.1650
vn -0.0762 0.9821 0.1720
vn 0.0762 0.9821 0.1720
vn 0.3030 0.9386 0.1650
vn 0.5802 0.8019 0.1423
vn 0.8051 0.5838 0.1049
vn 0.9515 0.3026 0.0550
vn 0.9986 -0.0337 -0.0403
vn 0.9395 -0.2209 -0.2620
vn 0.7975 -0.3909 -0.4595
vn 0.5816 -0.5300 -0.6171
vn 0.3073 -0.6224 -0.7199
vn 0.0802 -0.6529 -0.7532
vn -0.0802 -0.6529 -0.7532
vn -0.3073 -0.6224 -0.7199
vn -0.5816 -0.5300 -0.6171
vn -0.7975 -0.3909 -0.4595
vn -0.9395 -0.2209 -0.2620
vn -0.9986 -0.0337 -0.0403
vn -0.9691 0.1591 0.1883
vn -0.8472 0.3451 0.4041
vn -0.6335 0.5062 0.5853
vn -0.3406 0.6183 0.7083
vn -0.0849 0.6566 0.7494
vn 0.0849 0.6566 0.7494
vn 0.3406 0.6183 0.7083
vn 0.6335 0.5062 0.5853
vn 0.8472 0.3451 0.4041
vn 0.9691 0.1591 0.1883
vn 0.9988 0.0155 -0.0466
vn 0.9354 0.1124 -0.3354
vn 0.7846 0.1979 -0.5876
vn 0.5637 0.2647 -0.7824
vn 0.2943 0.3072 -0.9050
vn 0.0762 0.3208 -0.9441
vn -0.0762 0.3208 -0.9441
vn -0.2943 0.3072 -0.9050
vn -0.5637 0.2647 -0.7824
vn -0.7846 0.1979 -0.5876
vn -0.9354 0.1124 -0.3354
vn -0.9988 0.0155 -0.0466
vn -0.9641 -0.0845 0.2516
vn -0.8304 -0.1782 0.5278
vn -0.6088 -0.2553 0.7511
vn -0.3217 -0.3060 0.8960
vn -0.0798 -0.3227 0.9431
vn 0.0798 -0.3227 0.9431
vn 0.3217 -0.3060 0.8960
vn 0.6088 -0.2553 0.7511
vn 0.8304 -0.1782 0.5278
vn 0.9641 -0.0845 0.2516
vn 0.9989 0.0440 -0.0133
vn 0.9394 0.3284 -0.0984
vn 0.7945 0.5824 -0.1723
vn 0.5763 0.7845 -0.2290
vn 0.3031 0.9155 -0.2646
vn 0.0787 0.9580 -0.2758
vn -0.0787 0.9580 -0.2758
vn -0.3031 0.9155 -0.2646
vn -0.5763 0.7845 -0.2290
vn -0.7945 0.5824 -0.1723
vn -0.9394 0.3284 -0.0984
vn -0.9989 0.0440 -0.0133
vn -0.9658 -0.2485 0.0741
vn -0.8378 -0.5238 0.1537
vn -0.6206 -0.7536 0.2168
vn -0.3309 -0.9079 0.2574
vn -0.0825 -0.9592 0.2703
vn 0.0825 -0.9592 0.2703
vn 0.3309 -0.9079 0.2574
vn 0.6206 -0.7536 0.2168
vn 0.8378 -0.5238 0.1537
vn 0.9658 -0.2485 0.0741
vn 0.9999 0.0119 0.0038
vn 0.9451 0.3107 0.1015
vn 0.7965 0.5747 0.1879
vn 0.5732 0.7788 0.2550
vn 0.2992 0.9067 0.2973
vn 0.0762 0.9474 0.3108
vn -0.0762 0.9474 0.3108
vn -0.2992 0.9067 0.2973
vn -0.5732 0.7788 0.2550
vn -0.7965 0.5747 0.1879
vn -0.9451 0.3107 0.1015
vn -0.9999 0.0119 0.0038
vn -0.9525 -0.2892 -0.0951
vn -0.8081 -0.5592 -0.1849
vn -0.5843 -0.7701 -0.2559
vn -0.3059 -0.9031 -0.3013
vn -0.0770 -0.9456 -0.3160
vn 0.0770 -0.9456 -0.3160
vn 0.3059 -0.9031 -0.3013
vn 0.5843 -0.7701 -0.2559
vn 0.8081 -0.5592 -0.1849
vn 0.9525 -0.2892 -0.0951
vn 1.0000 -0.0008 -0.0004
vn 0.9511 0.2801 0.1299
vn 0.8089 0.5334 0.2473
vn 0.5875 0.7342 0.3403
vn 0.3088 0.8629 0.4000
vn 0.0783 0.9045 0.4192
vn -0.0783 0.9045 0.4192
vn -0.3088 0.8629 0.4000
vn -0.5875 0.7342 0.3403
vn -0.8089 0.5334 0.2473
vn -0.9511 0.2801 0.1299
vn -1.0000 -0.0008 -0.0004
vn -0.9506 -0.2815 -0.1306
vn -0.8081 -0.5344 -0.2479
vn -0.5867 -0.7346 -0.3408
vn -0.3083 -0.8630 -0.4003
vn -0.0783 -0.9044 -0.4195
vn 0.0783 -0.9044 -0.4195
vn 0.3083 -0.8630 -0.4003
vn 0.5867 -0.7346 -0.3408
vn 0.8081 -0.5344 -0.2479
vn 0.9506 -0.2815 -0.1306
vn 1.0000 -0.0000 -0.0000
vn 0.9509 0.2818 0.1279
vn 0.8086 0.5357 0.2432
vn 0.5872 0.7370 0.3346
vn 0.3086 0.8661 0.3932
vn 0.0783 0.9077 0.4122
vn -0.0783 0.9077 0.4122
vn -0.3086 0.8661 0.3932
vn -0.5872 0.7370 0.3346
vn -0.8086 0.5357 0.2432
vn -0.9509 0.2818 0.1279
vn -1.0000 -0.0000 -0.0000
vn -0.9509 -0.2817 -0.1278
vn -0.8086 -0.5357 -0.2431
vn -0.5873 -0.7371 -0.3344
vn -0.3086 -0.8662 -0.3930
vn -0.0783 -0.9079 -0.4119
vn 0.0783 -0.9079 -0.4119
vn 0.3086 -0.8662 -0.3930
vn 0.5873 -0.7371 -0.3344
vn 0.8086 -0.5357 -0.2431
vn 0.9509 -0.2817 -0.1278
vn 0.9999 0.0097 0.0071
vn 0.9317 0.3076 0.1930
vn 0.7617 0.5481 0.3454
vn 0.5322 0.7161 0.4516
vn 0.2725 0.8140 0.5130
vn 0.0688 0.8440 0.5320
vn -0.0688 0.8440 0.5320
vn -0.2725 0.8140 0.5130
vn -0.5322 0.7161 0.4516
vn -0.7617 0.5481 0.3454
vn -0.9317 0.3076 0.1930
vn -0.9999 0.0097 0.0071
vn -0.9381 -0.2979 -0.1765
vn -0.7659 -0.5573 -0.3207
vn -0.5309 -0.7396 -0.4137
vn -0.2698 -0.8442 -0.4633
vn -0.0672 -0.8762 -0.4772
vn 0.0672 -0.8762 -0.4772
vn 0.2698 -0.8442 -0.4633
vn 0.5309 -0.7396 -0.4137
vn 0.7659 -0.5573 -0.3207
vn 0.9381 -0.2979 -0.1765
vn 0.9976 -0.0116 0.0686
vn 0.9607 -0.0465 0.2735
vn 0.8687 -0.0826 0.4884
vn 0.6931 -0.1194 0.7109
vn 0.3996 -0.1512 0.9041
vn 0.1100 -0.1641 0.9803
vn -0.1100 -0.1641 0.9803
vn -0.3996 -0.1512 0.9041
vn -0.6931 -0.1194 0.7109
vn -0.8687 -0.0826 0.4884
vn -0.9607 -0.0465 0.2735
vn -0.9976 -0.0116 0.0686
vn -0.9909 0.0214 -0.1330
vn -0.9377 0.0532 -0.3432
vn -0.8090 0.0881 -0.5812
vn -0.5221 0.1268 -0.8434
vn -0.1403 0.1473 -0.9791
vn 0.1403 0.1473 -0.9791
vn 0.5221 0.1268 -0.8434
vn 0.8090 0.0881 -0.5812
vn 0.9377 0.0532 -0.3432
vn 0.9909 0.0214 -0.1330
vn 0.9998 -0.0175 0.0041
vn 0.9300 -0.3605 0.0711
vn 0.7594 -0.6385 0.1249
vn 0.5301 -0.8326 0.1605
vn 0.2713 -0.9456 0.1799
vn 0.0687 -0.9802 0.1857
vn -0.0687 -0.9802 0.1857
vn -0.2713 -0.9456 0.1799
vn -0.5301 -0.8326 0.1605
vn -0.7595 -0.6385 0.1249
vn -0.9300 -0.3605 0.0711
vn -0.9998 -0.0175 0.0041
vn -0.9406 0.3343 -0.0595
vn -0.7706 0.6288 -0.1039
vn -0.5361 0.8345 -0.1272
vn -0.2730 0.9522 -0.1369
vn -0.0679 0.9880 -0.1387
vn 0.0679 0.9880 -0.1387
vn 0.2730 0.9522 -0.1369
vn 0.5361 0.8345 -0.1272
vn 0.7706 0.6288 -0.1039
vn 0.9406 0.3343 -0.0595
vn 1.0000 -0.0035 -0.0001
vn 0.9498 -0.3128 -0.0085
vn 0.8066 -0.5909 -0.0161
vn 0.5851 -0.8107 -0.0221
vn 0.3072 -0.9513 -0.0259
vn 0.0781 -0.9966 -0.0271
vn -0.0781 -0.9966 -0.0271
vn -0.3072 -0.9513 -0.0259
vn -0.5851 -0.8107 -0.0221
vn -0.8066 -0.5909 -0.0161
vn -0.9498 -0.3128 -0.0085
vn -1.0000 -0.0035 -0.0001
vn -0.9518 0.3064 0.0084
vn -0.8099 0.5863 0.0162
vn -0.5884 0.8082 0.0224
vn -0.3093 0.9506 0.0264
vn -0.0784 0.9965 0.0277
vn 0.0784 0.9965 0.0277
vn 0.3093 0.9506 0.0264
vn 0.5884 0.8082 0.0224
vn 0.8099 0.5863 0.0162
vn 0.9518 0.3064 0.0084
vt 0.000000 1.000000
vt 0.083333 1.000000
vt 0.083333 0.954545
vt 0.000000 0.954545
vt 0.000000 0.045455
vt 0.083333 0.045455
vt 0.083333 0.000000
vt 0.000000 0.000000
vt 0.000000 0.090909
vt 0.083333 0.090909
vt 0.000000 0.136364
vt 0.083333 0.136364
vt 0.000000 0.181818
vt 0.083333 0.181818
vt 0.000000 0.227273
vt 0.083333 0.227273
vt 0.000000 0.272727
vt 0.083333 0.272727
vt 0.000000 0.318182
vt 0.083333 0.318182
vt 0.000000 0.363636
vt 0.083333 0.363636
vt 0.000000 0.409091
vt 0.083333 0.409091
vt 0.000000 0.454545
vt 0.083333 0.454545
vt 0.000000 0.500000
vt 0.083333 0.500000
vt 0.000000 0.545455
vt 0.083333 0.545455
vt 0.000000 0.590909
vt 0.083333 0.590909
vt 0.000000 0.636364
vt 0.083333 0.636364
vt 0.000000 0.681818
vt 0.083333 0.681818
vt 0.000000 0.727273
vt 0.083333 0.727273
vt 0.000000 0.772727
vt 0.083333 0.772727
vt 0.000000 0.818182
vt 0.083333 0.818182
vt 0.000000 0.863636
vt 0.083333 0.863636
vt 0.000000 0.909091
vt 0.083333 0.909091
vt 0.166667 1.000000
vt 0.166667 0.954545
vt 0.166667 0.045455
vt 0.166667 0.000000
vt 0.166667 0.090909
vt 0.166667 0.136364
vt 0.166667 0.181818
vt 0.166667 0.227273
vt 0.166667 0.272727
vt 0.166667 0.318182
vt 0.166667 0.363636
vt 0.166667 0.409091
vt 0.166667 0.454545
vt 0.166667 0.500000
vt 0.166667 0.545455
vt 0.166667 0.590909
vt 0.166667 0.636364
vt 0.166667 0.681818
vt 0.166667 0.727273
vt 0.166667 0.772727
vt 0.166667 0.818182
vt 0.166667 0.863636
vt 0.166667 0.909091
vt 0.250000 1.000000
vt 0.250000 0.954545
vt 0.250000 0.045455
vt 0.250000 0.000000
vt 0.250000 0.090909
vt 0.250000 0.136364
vt 0.250000 0.181818
vt 0.250000 0.227273
vt 0.250000 0.272727
vt 0.250000 0.318182
vt 0.250000 0.363636
vt 0.250000 0.409091
vt 0.250000 0.454545
vt 0.250000 0.500000
vt 0.250000 0.545455
vt 0.250000 0.590909
vt 0.250000 0.636364
vt 0.250000 0.681818
vt 0.250000 0.727273
vt 0.250000 0.772727
vt 0.250000 0.818182
vt 0.250000 0.863636
vt 0.250000 0.909091
vt 0.333333 1.000000
vt 0.333333 0.954545
vt 0.333333 0.045455
vt 0.333333 0.000000
vt 0.333333 0.090909
vt 0.333333 0.136364
vt 0.333333 0.181818
vt 0.333333 0.227273
vt 0.333333 0.272727
vt 0.333333 0.318182
vt 0.333333 0.363636
vt 0.333333 0.409091
vt 0.333333 0.454545
vt 0.333333 0.500000
vt 0.333333 0.545455
vt 0.333333 0.590909
vt 0.333333 0.636364
vt 0.333333 0.681818
vt 0.333333 0.727273
vt 0.333333 0.772727
vt 0.333333 0.818182
vt 0.333333 0.863636
vt 0.333333 0.909091
vt 0.416667 1.000000
vt 0.416667 0.954545
vt 0.416667 0.045455
vt 0.416667 0.000000
vt 0.416667 0.090909
vt 0.416667 0.136364
vt 0.416667 0.181818
vt 0.416667 0.227273
vt 0.416667 0.272727
vt 0.416667 0.318182
vt 0.416667 0.363636
vt 0.416667 0.409091
vt 0.416667 0.454545
vt 0.416667 0.500000
vt 0.416667 0.545455
vt 0.416667 0.590909
vt 0.416667 0.636364
vt 0.416667 0.681818
vt 0.416667 0.727273
vt 0.416667 0.772727
vt 0.416667 0.818182
vt 0.416667 0.863636
vt 0.416667 0.909091
vt 0.500000 1.000000
vt 0.500000 0.954545
vt 0.500000 0.045455
vt 0.500000 0.000000
vt 0.500000 0.090909
vt 0.500000 0.136364
vt 0.500000 0.181818
vt 0.500000 0.227273
vt 0.500000 0.272727
vt 0.500000 0.318182
vt 0.500000 0.363636
vt 0.500000 0.409091
vt 0.500000 0.454545
vt 0.500000 0.500000
vt 0.500000 0.545455
vt 0.500000 0.590909
vt 0.500000 0.636364
vt 0.500000 0.681818
vt 0.500000 0.727273
vt 0.500000 0.772727
vt 0.500000 0.818182
vt 0.500000 0.863636
vt 0.500000 0.909091
vt 0.583333 1.000000
vt 0.583333 0.954545
vt 0.583333 0.045455
vt 0.583333 0.000000
vt 0.583333 0.090909
vt 0.583333 0.136364
vt 0.583333 0.181818
vt 0.583333 0.227273
vt 0.583333 0.272727
vt 0.583333 0.318182
vt 0.583333 0.363636
vt 0.583333 0.409091
vt 0.583333 0.454545
vt 0.583333 0.500000
vt 0.583333 0.545455
vt 0.583333 0.590909
vt 0.583333 0.636364
vt 0.583333 0.681818
vt 0.583333 0.727273
vt 0.583333 0.772727
vt 0.583333 0.818182
vt 0.583333 0.863636
vt 0.583333 0.909091
vt 0.666667 1.000000
vt 0.666667 0.954545
vt 0.666667 0.045455
vt 0.666667 0.000000
vt 0.666667 0.090909
vt 0.666667 0.136364
vt 0.666667 0.181818
vt 0.666667 0.227273
vt 0.666667 0.272727
vt 0.666667 0.318182
vt 0.666667 0.363636
vt 0.666667 0.409091
vt 0.666667 0.454545
vt 0.666667 0.500000
vt 0.666667 0.545455
vt 0.666667 0.590909
vt 0.666667 0.636364
vt 0.666667 0.681818
vt 0.666667 0.727273
vt 0.666667 0.772727
vt 0.666667 0.818182
vt 0.666667 0.863636
vt 0.666667 0.909091
vt 0.750000 1.000000
vt 0.750000 0.954545
vt 0.750000 0.045455
vt 0.750000 0.000000
vt 0.750000 0.090909
vt 0.750000 0.136364
vt 0.750000 0.181818
vt 0.750000 0.227273
vt 0.750000 0.272727
vt 0.750000 0.318182
vt 0.750000 0.363636
vt 0.750000 0.409091
vt 0.750000 0.454545
vt 0.750000 0.500000
vt 0.750000 0.545455
vt 0.750000 0.590909
vt 0.750000 0.636364
vt 0.750000 0.681818
vt 0.750000 0.727273
vt 0.750000 0.772727
vt 0.750000 0.818182
vt 0.750000 0.863636
vt 0.750000 0.909091
vt 0.833333 1.000000
vt 0.833333 0.954545
vt 0.833333 0.045455
vt 0.833333 0.000000
vt 0.833333 0.090909
vt 0.833333 0.136364
vt 0.833333 0.181818
vt 0.833333 0.227273
vt 0.833333 0.272727
vt 0.833333 0.318182
vt 0.833333 0.363636
vt 0.833333 0.409091
vt 0.833333 0.454545
vt 0.833333 0.500000
vt 0.833333 0.545455
vt 0.833333 0.590909
vt 0.833333 0.636364
vt 0.833333 0.681818
vt 0.833333 0.727273
vt 0.833333 0.772727
vt 0.833333 0.818182
vt 0.833333 0.863636
vt 0.833333 0.909091
vt 0.916667 1.000000
vt 0.916667 0.954545
vt 0.916667 0.045455
vt 0.916667 0.000000
vt 0.916667 0.090909
vt 0.916667 0.136364
vt 0.916667 0.181818
vt 0.916667 0.227273
vt 0.916667 0.272727
vt 0.916667 0.318182
vt 0.916667 0.363636
vt 0.916667 0.409091
vt 0.916667 0.454545
vt 0.916667 0.500000
vt 0.916667 0.545455
vt 0.916667 0.590909
vt 0.916667 0.636364
vt 0.916667 0.681818
vt 0.916667 0.727273
vt 0.916667 0.772727
vt 0.916667 0.818182
vt 0.916667 0.863636
vt 0.916667 0.909091
vt 1.000000 1.000000
vt 1.000000 0.954545
vt 1.000000 0.045455
vt 1.000000 0.000000
vt 1.000000 0.090909
vt 1.000000 0.136364
vt 1.000000 0.181818
vt 1.000000 0.227273
vt 1.000000 0.272727
vt 1.000000 0.318182
vt 1.000000 0.363636
vt 1.000000 0.409091
vt 1.000000 0.454545
vt 1.000000 0.500000
vt 1.000000 0.545455
vt 1.000000 0.590909
vt 1.000000 0.636364
vt 1.000000 0.681818
vt 1.000000 0.727273
vt 1.000000 0.772727
vt 1.000000 0.818182
vt 1.000000 0.863636
vt 1.000000 0.909091
s 1
usemtl Material
f 1433/1572/1359 1455/1573/1381 1476/1574/1402 1454/1575/1380
f 1434/1576/1360 1456/1577/1382 1455/1578/1381 1433/1579/1359
f 1435/1580/1361 1457/1581/1383 1456/1577/1382 1434/1576/1360
f 1436/1582/1362 1458/1583/1384 1457/1581/1383 1435/1580/1361
f 1437/1584/1363 1459/1585/1385 1458/1583/1384 1436/1582/1362
f 1438/1586/1364 1460/1587/1386 1459/1585/1385 1437/1584/1363
f 1439/1588/1365 1461/1589/1387 1460/1587/1386 1438/1586/1364
f 1440/1590/1366 1462/1591/1388 1461/1589/1387 1439/1588/1365
f 1441/1592/1367 1463/1593/1389 1462/1591/1388 1440/1590/1366
f 1442/1594/1368 1464/1595/1390 1463/1593/1389 1441/1592/1367
f 1443/1596/1369 1465/1597/1391 1464/1595/1390 1442/1594/1368
f 1444/1598/1370 1466/1599/1392 1465/1597/1391 1443/1596/1369
f 1445/1600/1371 1467/1601/1393 1466/1599/1392 1444/1598/1370
f 1446/1602/1372 1468/1603/1394 1467/1601/1393 1445/1600/1371
f 1447/1604/1373 1469/1605/1395 1468/1603/1394 1446/1602/1372
f 1448/1606/1374 1470/1607/1396 1469/1605/1395 1447/1604/1373
f 1449/1608/1375 1471/1609/1397 1470/1607/1396 1448/1606/1374
f 1450/1610/1376 1472/1611/1398 1471/1609/1397 1449/1608/1375
f 1451/1612/1377 1473/1613/1399 1472/1611/1398 1450/1610/1376
f 1452/1614/1378 1474/1615/1400 1473/1613/1399 1451/1612/1377
f 1453/1616/1379 1475/1617/1401 1474/1615/1400 1452/1614/1378
f 1454/1575/1380 1476/1574/1402 1475/1617/1401 1453/1616/1379
f 1455/1573/1381 1477/1618/1403 1498/1619/1424 1476/1574/1402
f 1456/1577/1382 1478/1620/1404 1477/1621/1403 1455/1578/1381
f 1457/1581/1383 1479/1622/1405 1478/1620/1404 1456/1577/1382
f 1458/1583/1384 1480/1623/1406 1479/1622/1405 1457/1581/1383
f 1459/1585/1385 1481/1624/1407 1480/1623/1406 1458/1583/1384
f 1460/1587/1386 1482/1625/1408 1481/1624/1407 1459/1585/1385
f 1461/1589/1387 1483/1626/1409 1482/1625/1408 1460/1587/1386
f 1462/1591/1388 1484/1627/1410 1483/1626/1409 1461/1589/1387
f 1463/1593/1389 1485/1628/1411 1484/1627/1410 1462/1591/1388
f 1464/1595/1390 1486/1629/1412 1485/1628/1411 1463/1593/1389
f 1465/1597/1391 1487/1630/1413 1486/1629/1412 1464/1595/1390
f 1466/1599/1392 1488/1631/1414 1487/1630/1413 1465/1597/1391
f 1467/1601/1393 1489/1632/1415 1488/1631/1414 1466/1599/1392
f 1468/1603/1394 1490/1633/1416 1489/1632/1415 1467/1601/1393
f 1469/1605/1395 1491/1634/1417 1490/1633/1416 1468/1603/1394
f 1470/1607/1396 1492/1635/1418 1491/1634/1417 1469/1605/1395
f 1471/1609/1397 1493/1636/1419 1492/1635/1418 1470/1607/1396
f 1472/1611/1398 1494/1637/1420 1493/1636/1419 1471/1609/1397
f 1473/1613/1399 1495/1638/1421 1494/1637/1420 1472/1611/1398
f 1474/1615/1400 1496/1639/1422 1495/1638/1421 1473/1613/1399
f 1475/1617/1401 1497/1640/1423 1496/1639/1422 1474/1615/1400
f 1476/1574/1402 1498/1619/1424 1497/1640/1423 1475/1617/1401
f 1477/1618/1403 1499/1641/1425 1520/1642/1446 1498/1619/1424
f 1478/1620/1404 1500/1643/1426 1499/1644/1425 1477/1621/1403
f 1479/1622/1405 1501/1645/1427 1500/1643/1426 1478/1620/1404
f 1480/1623/1406 1502/1646/1428 1501/1645/1427 1479/1622/1405
f 1481/1624/1407 1503/1647/1429 1502/1646/1428 1480/1623/1406
f 1482/1625/1408 1504/1648/1430 1503/1647/1429 1481/1624/1407
f 1483/1626/1409 1505/1649/1431 1504/1648/1430 1482/1625/1408
f 1484/1627/1410 1506/1650/1432 1505/1649/1431 1483/1626/1409
f 1485/1628/1411 1507/1651/1433 1506/1650/1432 1484/1627/1410
f 1486/1629/1412 1508/1652/1434 1507/1651/1433 1485/1628/1411
f 1487/1630/1413 1509/1653/1435 1508/1652/1434 1486/1629/1412
f 1488/1631/1414 1510/1654/1436 1509/1653/1435 1487/1630/1413
f 1489/1632/1415 1511/1655/1437 1510/1654/1436 1488/1631/1414
f 1490/1633/1416 1512/1656/1438 1511/1655/1437 1489/1632/1415
f 1491/1634/1417 1513/1657/1439 1512/1656/1438 1490/1633/1416
f 1492/1635/1418 1514/1658/1440 1513/1657/1439 1491/1634/1417
f 1493/1636/1419 1515/1659/1441 1514/1658/1440 1492/1635/1418
f 1494/1637/1420 1516/1660/1442 1515/1659/1441 1493/1636/1419
f 1495/1638/1421 1517/1661/1443 1516/1660/1442 1494/1637/1420
f 1496/1639/1422 1518/1662/1444 1517/1661/1443 1495/1638/1421
f 1497/1640/1423 1519/1663/1445 1518/1662/1444 1496/1639/1422
f 1498/1619/1424 1520/1642/1446 1519/1663/1445 1497/1640/1423
f 1499/1641/1425 1521/1664/1447 1542/1665/1468 1520/1642/1446
f 1500/1643/1426 1522/1666/1448 1521/1667/1447 1499/1644/1425
f 1501/1645/1427 1523/1668/1449 1522/1666/1448 1500/1643/1426
f 1502/1646/1428 1524/1669/1450 1523/1668/1449 1501/1645/1427
f 1503/1647/1429 1525/1670/1451 1524/1669/1450 1502/1646/1428
f 1504/1648/1430 1526/1671/1452 1525/1670/1451 1503/1647/1429
f 1505/1649/1431 1527/1672/1453 1526/1671/1452 1504/1648/1430
f 1506/1650/1432 1528/1673/1454 1527/1672/1453 1505/1649/1431
f 1507/1651/1433 1529/1674/1455 1528/1673/1454 1506/1650/1432
f 1508/1652/1434 1530/1675/1456 1529/1674/1455 1507/1651/1433
f 1509/1653/1435 1531/1676/1457 1530/1675/1456 1508/1652/1434
f 1510/1654/1436 1532/1677/1458 1531/1676/1457 1509/1653/1435
f 1511/1655/1437 1533/1678/1459 1532/1677/1458 1510/1654/1436
f 1512/1656/1438 1534/1679/1460 1533/1678/1459 1511/1655/1437
f 1513/1657/1439 1535/1680/1461 1534/1679/1460 1512/1656/1438
f 1514/1658/1440 1536/1681/1462 1535/1680/1461 1513/1657/1439
f 1515/1659/1441 1537/1682/1463 1536/1681/1462 1514/1658/1440
f 1516/1660/1442 1538/1683/1464 1537/1682/1463 1515/1659/1441
f 1517/1661/1443 1539/1684/1465 1538/1683/1464 1516/1660/1442
f 1518/1662/1444 1540/1685/1466 1539/1684/1465 1517/1661/1443
f 1519/1663/1445 1541/1686/1467 1540/1685/1466 1518/1662/1444
f 1520/1642/1446 1542/1665/1468 1541/1686/1467 1519/1663/1445
f 1521/1664/1447 1543/1687/1469 1564/1688/1490 1542/1665/1468
f 1522/1666/1448 1544/1689/1470 1543/1690/1469 1521/1667/1447
f 1523/1668/1449 1545/1691/1471 1544/1689/1470 1522/1666/1448
f 1524/1669/1450 1546/1692/1472 1545/1691/1471 1523/1668/1449
f 1525/1670/1451 1547/1693/1473 1546/1692/1472 1524/1669/1450
f 1526/1671/1452 1548/1694/1474 1547/1693/1473 1525/1670/1451
f 1527/1672/1453 1549/1695/1475 1548/1694/1474 1526/1671/1452
f 1528/1673/1454 1550/1696/1476 1549/1695/1475 1527/1672/1453
f 1529/1674/1455 1551/1697/1477 1550/1696/1476 1528/1673/1454
f 1530/1675/1456 1552/1698/1478 1551/1697/1477 1529/1674/1455
f 1531/1676/1457 1553/1699/1479 1552/1698/1478 1530/1675/1456
f 1532/1677/1458 1554/1700/1480 1553/1699/1479 1531/1676/1457
f 1533/1678/1459 1555/1701/1481 1554/1700/1480 1532/1677/1458
f 1534/1679/1460 1556/1702/1482 1555/1701/1481 1533/1678/1459
f 1535/1680/1461 1557/1703/1483 1556/1702/1482 1534/1679/1460
f 1536/1681/1462 1558/1704/1484 1557/1703/1483 1535/1680/1461
f 1537/1682/1463 1559/1705/1485 1558/1704/1484 1536/1681/1462
f 1538/1683/1464 1560/1706/1486 1559/1705/1485 1537/1682/1463
f 1539/1684/1465 1561/1707/1487 1560/1706/1486 1538/1683/1464
f 1540/1685/1466 1562/1708/1488 1561/1707/1487 1539/1684/1465
f 1541/1686/1467 1563/1709/1489 1562/1708/1488 1540/1685/1466
f 1542/1665/1468 1564/1688/1490 1563/1709/1489 1541/1686/1467
f 1543/1687/1469 1565/1710/1491 1586/1711/1512 1564/1688/1490
f 1544/1689/1470 1566/1712/1492 1565/1713/1491 1543/1690/1469
f 1545/1691/1471 1567/1714/1493 1566/1712/1492 1544/1689/1470
f 1546/1692/1472 1568/1715/1494 1567/1714/1493 1545/1691/1471
f 1547/1693/1473 1569/1716/1495 1568/1715/1494 1546/1692/1472
f 1548/1694/1474 1570/1717/1496 1569/1716/1495 1547/1693/1473
f 1549/1695/1475 1571/1718/1497 1570/1717/1496 1548/1694/1474
f 1550/1696/1476 1572/1719/1498 1571/1718/1497 1549/1695/1475
f 1551/1697/1477 1573/1720/1499 1572/1719/1498 1550/1696/1476
f 1552/1698/1478 1574/1721/1500 1573/1720/1499 1551/1697/1477
f 1553/1699/1479 1575/1722/1501 1574/1721/1500 1552/1698/1478
f 1554/1700/1480 1576/1723/1502 1575/1722/1501 1553/1699/1479
f 1555/1701/1481 1577/1724/1503 1576/1723/1502 1554/1700/1480
f 1556/1702/1482 1578/1725/1504 1577/1724/1503 1555/1701/1481
f 1557/1703/1483 1579/1726/1505 1578/1725/1504 1556/1702/1482
f 1558/1704/1484 1580/1727/1506 1579/1726/1505 1557/1703/1483
f 1559/1705/1485 1581/1728/1507 1580/1727/1506 1558/1704/1484
f 1560/1706/1486 1582/1729/1508 1581/1728/1507 1559/1705/1485
f 1561/1707/1487 1583/1730/1509 1582/1729/1508 1560/1706/1486
f 1562/1708/1488 1584/1731/1510 1583/1730/1509 1561/1707/1487
f 1563/1709/1489 1585/1732/1511 1584/1731/1510 1562/1708/1488
f 1564/1688/1490 1586/1711/1512 1585/1732/1511 1563/1709/1489
f 1565/1710/1491 1587/1733/1513 1608/1734/1534 1586/1711/1512
f 1566/1712/1492 1588/1735/1514 1587/1736/1513 1565/1713/1491
f 1567/1714/1493 1589/1737/1515 1588/1735/1514 1566/1712/1492
f 1568/1715/1494 1590/1738/1516 1589/1737/1515 1567/1714/1493
f 1569/1716/1495 1591/1739/1517 1590/1738/1516 1568/1715/1494
f 1570/1717/1496 1592/1740/1518 1591/1739/1517 1569/1716/1495
f 1571/1718/1497 1593/1741/1519 1592/1740/1518 1570/1717/1496
f 1572/1719/1498 1594/1742/1520 1593/1741/1519 1571/1718/1497
f 1573/1720/1499 1595/1743/1521 1594/1742/1520 1572/1719/1498
f 1574/1721/1500 1596/1744/1522 1595/1743/1521 1573/1720/1499
f 1575/1722/1501 1597/1745/1523 1596/1744/1522 1574/1721/1500
f 1576/1723/1502 1598/1746/1524 1597/1745/1523 1575/1722/1501
f 1577/1724/1503 1599/1747/1525 1598/1746/1524 1576/1723/1502
f 1578/1725/1504 1600/1748/1526 1599/1747/1525 1577/1724/1503
f 1579/1726/1505 1601/1749/1527 1600/1748/1526 1578/1725/1504
f 1580/1727/1506 1602/1750/1528 1601/1749/1527 1579/1726/1505
f 1581/1728/1507 1603/1751/1529 1602/1750/1528 1580/1727/1506
f 1582/1729/1508 1604/1752/1530 1603/1751/1529 1581/1728/1507
f 1583/1730/1509 1605/1753/1531 1604/1752/1530 1582/1729/1508
f 1584/1731/1510 1606/1754/1532 1605/1753/1531 1583/1730/1509
f 1585/1732/1511 1607/1755/1533 1606/1754/1532 1584/1731/1510
f 1586/1711/1512 1608/1734/1534 1607/1755/1533 1585/1732/1511
f 1587/1733/1513 1609/1756/1535 1630/1757/1556 1608/1734/1534
f 1588/1735/1514 1610/1758/1536 1609/1759/1535 1587/1736/1513
f 1589/1737/1515 1611/1760/1537 1610/1758/1536 1588/1735/1514
f 1590/1738/1516 1612/1761/1538 1611/1760/1537 1589/1737/1515
f 1591/1739/1517 1613/1762/1539 1612/1761/1538 1590/1738/1516
f 1592/1740/1518 1614/1763/1540 1613/1762/1539 1591/1739/1517
f 1593/1741/1519 1615/1764/1541 1614/1763/1540 1592/1740/1518
f 1594/1742/1520 1616/1765/1542 1615/1764/1541 1593/1741/1519
f 1595/1743/1521 1617/1766/1543 1616/1765/1542 1594/1742/1520
f 1596/1744/1522 1618/1767/1544 1617/1766/1543 1595/1743/1521
f 1597/1745/1523 1619/1768/1545 1618/1767/1544 1596/1744/1522
f 1598/1746/1524 1620/1769/1546 1619/1768/1545 1597/1745/1523
f 1599/1747/1525 1621/1770/1547 1620/1769/1546 1598/1746/1524
f 1600/1748/1526 1622/1771/1548 1621/1770/1547 1599/1747/1525
f 1601/1749/1527 1623/1772/1549 1622/1771/1548 1600/1748/1526
f 1602/1750/1528 1624/1773/1550 1623/1772/1549 1601/1749/1527
f 1603/1751/1529 1625/1774/1551 1624/1773/1550 1602/1750/1528
f 1604/1752/1530 1626/1775/1552 1625/1774/1551 1603/1751/1529
f 1605/1753/1531 1627/1776/1553 1626/1775/1552 1604/1752/1530
f 1606/1754/1532 1628/1777/1554 1627/1776/1553 1605/1753/1531
f 1607/1755/1533 1629/1778/1555 1628/1777/1554 1606/1754/1532
f 1608/1734/1534 1630/1757/1556 1629/1778/1555 1607/1755/1533
f 1609/1756/1535 1631/1779/1557 1652/1780/1578 1630/1757/1556
f 1610/1758/1536 1632/1781/1558 1631/1782/1557 1609/1759/1535
f 1611/1760/1537 1633/1783/1559 1632/1781/1558 1610/1758/1536
f 1612/1761/1538 1634/1784/1560 1633/1783/1559 1611/1760/1537
f 1613/1762/1539 1635/1785/1561 1634/1784/1560 1612/1761/1538
f 1614/1763/1540 1636/1786/1562 1635/1785/1561 1613/1762/1539
f 1615/1764/1541 1637/1787/1563 1636/1786/1562 1614/1763/1540
f 1616/1765/1542 1638/1788/1564 1637/1787/1563 1615/1764/1541
f 1617/1766/1543 1639/1789/1565 1638/1788/1564 1616/1765/1542
f 1618/1767/1544 1640/1790/1566 1639/1789/1565 1617/1766/1543
f 1619/1768/1545 1641/1791/1567 1640/1790/1566 1618/1767/1544
f 1620/1769/1546 1642/1792/1568 1641/1791/1567 1619/1768/1545
f 1621/1770/1547 1643/1793/1569 1642/1792/1568 1620/1769/1546
f 1622/1771/1548 1644/1794/1570 1643/1793/1569 1621/1770/1547
f 1623/1772/1549 1645/1795/1571 1644/1794/1570 1622/1771/1548
f 1624/1773/1550 1646/1796/1572 1645/1795/1571 1623/1772/1549
f 1625/1774/1551 1647/1797/1573 1646/1796/1572 1624/1773/1550
f 1626/1775/1552 1648/1798/1574 1647/1797/1573 1625/1774/1551
f 1627/1776/1553 1649/1799/1575 1648/1798/1574 1626/1775/1552
f 1628/1777/1554 1650/1800/1576 1649/1799/1575 1627/1776/1553
f 1629/1778/1555 1651/1801/1577 1650/1800/1576 1628/1777/1554
f 1630/1757/1556 1652/1780/1578 1651/1801/1577 1629/1778/1555
f 1631/1779/1557 1653/1802/1579 1674/1803/1600 1652/1780/1578
f 1632/1781/1558 1654/1804/1580 1653/1805/1579 1631/1782/1557
f 1633/1783/1559 1655/1806/1581 1654/1804/1580 1632/1781/1558
f 1634/1784/1560 1656/1807/1582 1655/1806/1581 1633/1783/1559
f 1635/1785/1561 1657/1808/1583 1656/1807/1582 1634/1784/1560
f 1636/1786/1562 1658/1809/1584 1657/1808/1583 1635/1785/1561
f 1637/1787/1563 1659/1810/1585 1658/1809/1584 1636/1786/1562
f 1638/1788/1564 1660/1811/1586 1659/1810/1585 1637/1787/1563
f 1639/1789/1565 1661/1812/1587 1660/1811/1586 1638/1788/1564
f 1640/1790/1566 1662/1813/1588 1661/1812/1587 1639/1789/1565
f 1641/1791/1567 1663/1814/1589 1662/1813/1588 1640/1790/1566
f 1642/1792/1568 1664/1815/1590 1663/1814/1589 1641/1791/1567
f 1643/1793/1569 1665/1816/1591 1664/1815/1590 1642/1792/1568
f 1644/1794/1570 1666/1817/1592 1665/1816/1591 1643/1793/1569
f 1645/1795/1571 1667/1818/1593 1666/1817/1592 1644/1794/1570
f 1646/1796/1572 1668/1819/1594 1667/1818/1593 1645/1795/1571
f 1647/1797/1573 1669/1820/1595 1668/1819/1594 1646/1796/1572
f 1648/1798/1574 1670/1821/1596 1669/1820/1595 1647/1797/1573
f 1649/1799/1575 1671/1822/1597 1670/1821/1596 1648/1798/1574
f 1650/1800/1576 1672/1823/1598 1671/1822/1597 1649/1799/1575
f 1651/1801/1577 1673/1824/1599 1672/1823/1598 1650/1800/1576
f 1652/1780/1578 1674/1803/1600 1673/1824/1599 1651/1801/1577
f 1653/1802/1579 1675/1825/1601 1696/1826/1622 1674/1803/1600
f 1654/1804/1580 1676/1827/1602 1675/1828/1601 1653/1805/1579
f 1655/1806/1581 1677/1829/1603 1676/1827/1602 1654/1804/1580
f 1656/1807/1582 1678/1830/1604 1677/1829/1603 1655/1806/1581
f 1657/1808/1583 1679/1831/1605 1678/1830/1604 1656/1807/1582
f 1658/1809/1584 1680/1832/1606 1679/1831/1605 1657/1808/1583
f 1659/1810/1585 1681/1833/1607 1680/1832/1606 1658/1809/1584
f 1660/1811/1586 1682/1834/1608 1681/1833/1607 1659/1810/1585
f 1661/1812/1587 1683/1835/1609 1682/1834/1608 1660/1811/1586
f 1662/1813/1588 1684/1836/1610 1683/1835/1609 1661/1812/1587
f 1663/1814/1589 1685/1837/1611 1684/1836/1610 1662/1813/1588
f 1664/1815/1590 1686/1838/1612 1685/1837/1611 1663/1814/1589
f 1665/1816/1591 1687/1839/1613 1686/1838/1612 1664/1815/1590
f 1666/1817/1592 1688/1840/1614 1687/1839/1613 1665/1816/1591
f 1667/1818/1593 1689/1841/1615 1688/1840/1614 1666/1817/1592
f 1668/1819/1594 1690/1842/1616 1689/1841/1615 1667/1818/1593
f 1669/1820/1595 1691/1843/1617 1690/1842/1616 1668/1819/1594
f 1670/1821/1596 1692/1844/1618 1691/1843/1617 1669/1820/1595
f 1671/1822/1597 1693/1845/1619 1692/1844/1618 1670/1821/1596
f 1672/1823/1598 1694/1846/1620 1693/1845/1619 1671/1822/1597
f 1673/1824/1599 1695/1847/1621 1694/1846/1620 1672/1823/1598
f 1674/1803/1600 1696/1826/1622 1695/1847/1621 1673/1824/1599
f 1675/1825/1601 1433/1848/1359 1454/1849/1380 1696/1826/1622
f 1676/1827/1602 1434/1850/1360 1433/1851/1359 1675/1828/1601
f 1677/1829/1603 1435/1852/1361 1434/1850/1360 1676/1827/1602
f 1678/1830/1604 1436/1853/1362 1435/1852/1361 1677/1829/1603
f 1679/1831/1605 1437/1854/1363 1436/1853/1362 1678/1830/1604
f 1680/1832/1606 1438/1855/1364 1437/1854/1363 1679/1831/1605
f 1681/1833/1607 1439/1856/1365 1438/1855/1364 1680/1832/1606
f 1682/1834/1608 1440/1857/1366 1439/1856/1365 1681/1833/1607
f 1683/1835/1609 1441/1858/1367 1440/1857/1366 1682/1834/1608
f 1684/1836/1610 1442/1859/1368 1441/1858/1367 1683/1835/1609
f 1685/1837/1611 1443/1860/1369 1442/1859/1368 1684/1836/1610
f 1686/1838/1612 1444/1861/1370 1443/1860/1369 1685/1837/1611
f 1687/1839/1613 1445/1862/1371 1444/1861/1370 1686/1838/1612
f 1688/1840/1614 1446/1863/1372 1445/1862/1371 1687/1839/1613
f 1689/1841/1615 1447/1864/1373 1446/1863/1372 1688/1840/1614
f 1690/1842/1616 1448/1865/1374 1447/1864/1373 1689/1841/1615
f 1691/1843/1617 1449/1866/1375 1448/1865/1374 1690/1842/1616
f 1692/1844/1618 1450/1867/1376 1449/1866/1375 1691/1843/1617
f 1693/1845/1619 1451/1868/1377 1450/1867/1376 1692/1844/1618
f 1694/1846/1620 1452/1869/1378 1451/1868/1377 1693/1845/1619
f 1695/1847/1621 1453/1870/1379 1452/1869/1378 1694/1846/1620
f 1696/1826/1622 1454/1849/1380 1453/1870/1379 1695/1847/1621
o BézierCircle.003
v 0.537127 1.054997 0.153581
v 0.537298 1.052104 0.153122
v 0.537453 1.049494 0.151790
v 0.537576 1.047423 0.149715
v 0.537654 1.046093 0.147100
v 0.537681 1.045635 0.144202
v 0.537681 1.045635 -0.137159
v 0.537654 1.046093 -0.140057
v 0.537576 1.047423 -0.142672
v 0.537453 1.049494 -0.144747
v 0.537298 1.052104 -0.146079
v 0.537127 1.054997 -0.146538
v 0.536956 1.057891 -0.146079
v 0.536801 1.060501 -0.144747
v 0.536678 1.062572 -0.142672
v 0.536600 1.063902 -0.140057
v 0.536572 1.064360 -0.137159
v 0.536572 1.064360 0.144202
v 0.536600 1.063902 0.147100
v 0.536678 1.062572 0.149715
v 0.536801 1.060500 0.151790
v 0.536956 1.057891 0.153122
v 0.753881 1.066997 0.153581
v 0.754392 1.064144 0.153122
v 0.754853 1.061570 0.151790
v 0.755218 1.059528 0.149715
v 0.755453 1.058217 0.147100
v 0.755534 1.057765 0.144202
v 0.755534 1.057765 -0.137159
v 0.755453 1.058217 -0.140057
v 0.755218 1.059528 -0.142672
v 0.754853 1.061570 -0.144747
v 0.754392 1.064144 -0.146079
v 0.753881 1.066997 -0.146538
v 0.753370 1.069850 -0.146079
v 0.752910 1.072423 -0.144747
v 0.752544 1.074466 -0.142672
v 0.752309 1.075777 -0.140057
v 0.752228 1.076229 -0.137159
v 0.752228 1.076229 0.144202
v 0.752309 1.075777 0.147100
v 0.752544 1.074466 0.149715
v 0.752910 1.072423 0.151790
v 0.753370 1.069850 0.153122
v 0.933523 1.122367 0.153581
v 0.935708 1.120463 0.153122
v 0.937679 1.118745 0.151790
v 0.939243 1.117382 0.149715
v 0.940247 1.116507 0.147100
v 0.940593 1.116205 0.144202
v 0.940593 1.116205 -0.137159
v 0.940247 1.116507 -0.140058
v 0.939243 1.117382 -0.142672
v 0.937679 1.118745 -0.144747
v 0.935708 1.120463 -0.146079
v 0.933523 1.122367 -0.146538
v 0.931338 1.124272 -0.146079
v 0.929367 1.125989 -0.144747
v 0.927803 1.127353 -0.142672
v 0.926799 1.128228 -0.140058
v 0.926453 1.128530 -0.137159
v 0.926453 1.128530 0.144202
v 0.926799 1.128228 0.147100
v 0.927803 1.127353 0.149715
v 0.929367 1.125989 0.151790
v 0.931338 1.124272 0.153122
v 0.962309 1.298534 0.153581
v 0.965052 1.299469 0.153122
v 0.967527 1.300313 0.151790
v 0.969491 1.300983 0.149715
v 0.970752 1.301413 0.147100
v 0.971186 1.301561 0.144202
v 0.971186 1.301561 -0.137159
v 0.970752 1.301413 -0.140058
v 0.969491 1.300983 -0.142672
v 0.967527 1.300313 -0.144747
v 0.965052 1.299469 -0.146079
v 0.962309 1.298534 -0.146538
v 0.959566 1.297599 -0.146079
v 0.957092 1.296755 -0.144747
v 0.955128 1.296085 -0.142672
v 0.953867 1.295655 -0.140058
v 0.953432 1.295507 -0.137159
v 0.953432 1.295507 0.144202
v 0.953867 1.295656 0.147100
v 0.955128 1.296085 0.149715
v 0.957092 1.296755 0.151790
v 0.959566 1.297599 0.153122
v 0.843106 1.409944 0.153581
v 0.843900 1.412731 0.153122
v 0.844616 1.415245 0.151790
v 0.845184 1.417241 0.149715
v 0.845549 1.418522 0.147100
v 0.845675 1.418964 0.144202
v 0.845675 1.418963 -0.137159
v 0.845549 1.418522 -0.140058
v 0.845184 1.417241 -0.142672
v 0.844616 1.415245 -0.144747
v 0.843900 1.412731 -0.146079
v 0.843106 1.409943 -0.146538
v 0.842312 1.407156 -0.146079
v 0.841596 1.404642 -0.144747
v 0.841027 1.402646 -0.142672
v 0.840662 1.401365 -0.140058
v 0.840537 1.400923 -0.137159
v 0.840537 1.400924 0.144202
v 0.840662 1.401365 0.147100
v 0.841027 1.402646 0.149715
v 0.841596 1.404642 0.151790
v 0.842312 1.407156 0.153122
v 0.662763 1.374013 0.153581
v 0.661852 1.376764 0.153122
v 0.661031 1.379246 0.151790
v 0.660378 1.381216 0.149715
v 0.659960 1.382481 0.147100
v 0.659815 1.382916 0.144202
v 0.659815 1.382916 -0.137159
v 0.659960 1.382481 -0.140058
v 0.660378 1.381216 -0.142672
v 0.661031 1.379246 -0.144747
v 0.661852 1.376764 -0.146079
v 0.662763 1.374013 -0.146538
v 0.663674 1.371262 -0.146079
v 0.664496 1.368780 -0.144747
v 0.665148 1.366810 -0.142672
v 0.665567 1.365545 -0.140057
v 0.665711 1.365110 -0.137159
v 0.665711 1.365110 0.144202
v 0.665567 1.365545 0.147100
v 0.665148 1.366810 0.149715
v 0.664496 1.368780 0.151790
v 0.663674 1.371262 0.153122
v 0.477492 1.286161 0.153581
v 0.476273 1.288791 0.153122
v 0.475173 1.291162 0.151790
v 0.474300 1.293045 0.149715
v 0.473740 1.294253 0.147100
v 0.473547 1.294670 0.144202
v 0.473547 1.294670 -0.137159
v 0.473740 1.294253 -0.140057
v 0.474300 1.293045 -0.142672
v 0.475173 1.291162 -0.144747
v 0.476273 1.288791 -0.146079
v 0.477492 1.286161 -0.146538
v 0.478711 1.283532 -0.146079
v 0.479811 1.281160 -0.144747
v 0.480684 1.279278 -0.142672
v 0.481245 1.278069 -0.140057
v 0.481438 1.277653 -0.137159
v 0.481438 1.277653 0.144202
v 0.481244 1.278069 0.147100
v 0.480684 1.279278 0.149715
v 0.479811 1.281160 0.151790
v 0.478711 1.283532 0.153122
v 0.283809 1.198361 0.153581
v 0.282611 1.201000 0.153122
v 0.281530 1.203381 0.151790
v 0.280673 1.205270 0.149715
v 0.280122 1.206483 0.147100
v 0.279932 1.206901 0.144202
v 0.279932 1.206901 -0.137159
v 0.280122 1.206483 -0.140057
v 0.280673 1.205270 -0.142672
v 0.281530 1.203381 -0.144747
v 0.282611 1.201000 -0.146079
v 0.283809 1.198361 -0.146538
v 0.285006 1.195722 -0.146079
v 0.286087 1.193341 -0.144747
v 0.286945 1.191452 -0.142672
v 0.287495 1.190239 -0.140057
v 0.287685 1.189821 -0.137159
v 0.287685 1.189821 0.144202
v 0.287495 1.190239 0.147100
v 0.286945 1.191452 0.149715
v 0.286087 1.193341 0.151790
v 0.285006 1.195722 0.153122
v 0.121077 1.124408 0.153581
v 0.119601 1.126903 0.153122
v 0.118270 1.129153 0.151790
v 0.117213 1.130939 0.149715
v 0.116535 1.132085 0.147100
v 0.116301 1.132480 0.144202
v 0.116301 1.132480 -0.137159
v 0.116535 1.132085 -0.140057
v 0.117213 1.130938 -0.142672
v 0.118270 1.129153 -0.144747
v 0.119601 1.126903 -0.146079
v 0.121077 1.124408 -0.146538
v 0.122553 1.121914 -0.146079
v 0.123884 1.119664 -0.144747
v 0.124941 1.117878 -0.142672
v 0.125619 1.116732 -0.140057
v 0.125853 1.116337 -0.137159
v 0.125853 1.116337 0.144202
v 0.125619 1.116732 0.147100
v 0.124941 1.117878 0.149715
v 0.123884 1.119664 0.151790
v 0.122553 1.121914 0.153122
v 0.058305 1.077478 0.153581
v 0.055444 1.077018 0.153122
v 0.052862 1.076603 0.151790
v 0.050814 1.076273 0.149715
v 0.049498 1.076062 0.147100
v 0.049045 1.075989 0.144202
v 0.049045 1.075989 -0.137159
v 0.049498 1.076062 -0.140057
v 0.050814 1.076273 -0.142672
v 0.052862 1.076603 -0.144747
v 0.055444 1.077018 -0.146079
v 0.058305 1.077478 -0.146538
v 0.061166 1.077938 -0.146079
v 0.063748 1.078354 -0.144747
v 0.065796 1.078683 -0.142672
v 0.067111 1.078895 -0.140057
v 0.067565 1.078967 -0.137159
v 0.067565 1.078967 0.144202
v 0.067111 1.078895 0.147100
v 0.065796 1.078683 0.149715
v 0.063748 1.078354 0.151790
v 0.061166 1.077938 0.153122
v 0.156483 1.044610 0.153581
v 0.156005 1.041751 0.153122
v 0.155575 1.039172 0.151790
v 0.155233 1.037126 0.149715
v 0.155013 1.035812 0.147100
v 0.154938 1.035359 0.144202
v 0.154938 1.035359 -0.137159
v 0.155013 1.035812 -0.140057
v 0.155233 1.037126 -0.142672
v 0.155575 1.039173 -0.144747
v 0.156005 1.041751 -0.146079
v 0.156483 1.044610 -0.146538
v 0.156960 1.047468 -0.146079
v 0.157391 1.050047 -0.144747
v 0.157733 1.052094 -0.142672
v 0.157952 1.053408 -0.140057
v 0.158028 1.053860 -0.137159
v 0.158028 1.053860 0.144202
v 0.157952 1.053408 0.147100
v 0.157733 1.052094 0.149715
v 0.157391 1.050047 0.151790
v 0.156960 1.047468 0.153122
v 0.348284 1.043081 0.153581
v 0.348364 1.040184 0.153122
v 0.348436 1.037571 0.151790
v 0.348493 1.035497 0.149715
v 0.348530 1.034165 0.147100
v 0.348542 1.033706 0.144202
v 0.348542 1.033706 -0.137159
v 0.348530 1.034165 -0.140057
v 0.348493 1.035497 -0.142672
v 0.348436 1.037571 -0.144747
v 0.348364 1.040184 -0.146079
v 0.348284 1.043081 -0.146538
v 0.348204 1.045978 -0.146079
v 0.348133 1.048592 -0.144747
v 0.348075 1.050666 -0.142672
v 0.348039 1.051998 -0.140057
v 0.348026 1.052456 -0.137159
v 0.348026 1.052456 0.144202
v 0.348039 1.051998 0.147100
v 0.348075 1.050666 0.149715
v 0.348133 1.048592 0.151790
v 0.348205 1.045978 0.153122
vn -0.0000 0.0004 1.0000
vn 0.0183 -0.3087 0.9510
vn 0.0348 -0.5872 0.8087
vn 0.0479 -0.8080 0.5872
vn 0.0564 -0.9495 0.3086
vn 0.0591 -0.9952 0.0783
vn 0.0591 -0.9952 -0.0783
vn 0.0564 -0.9495 -0.3086
vn 0.0479 -0.8080 -0.5872
vn 0.0348 -0.5872 -0.8087
vn 0.0183 -0.3087 -0.9510
vn -0.0000 0.0004 -1.0000
vn -0.0183 0.3094 -0.9508
vn -0.0348 0.5878 -0.8083
vn -0.0478 0.8083 -0.5869
vn -0.0561 0.9496 -0.3084
vn -0.0588 0.9952 -0.0783
vn -0.0588 0.9952 0.0783
vn -0.0561 0.9496 0.3084
vn -0.0478 0.8083 0.5869
vn -0.0348 0.5878 0.8083
vn -0.0183 0.3094 0.9508
vn 0.0024 -0.0123 0.9999
vn 0.0599 -0.3243 0.9441
vn 0.1103 -0.5984 0.7936
vn 0.1484 -0.8085 0.5694
vn 0.1719 -0.9394 0.2966
vn 0.1792 -0.9809 0.0754
vn 0.1792 -0.9809 -0.0754
vn 0.1719 -0.9394 -0.2966
vn 0.1484 -0.8085 -0.5694
vn 0.1103 -0.5984 -0.7936
vn 0.0599 -0.3243 -0.9441
vn 0.0024 -0.0123 -0.9999
vn -0.0550 0.3026 -0.9515
vn -0.1049 0.5838 -0.8051
vn -0.1423 0.8019 -0.5802
vn -0.1650 0.9386 -0.3030
vn -0.1720 0.9821 -0.0762
vn -0.1720 0.9821 0.0762
vn -0.1650 0.9386 0.3030
vn -0.1423 0.8019 0.5802
vn -0.1049 0.5838 0.8051
vn -0.0550 0.3026 0.9515
vn 0.0403 -0.0337 0.9986
vn 0.2620 -0.2209 0.9395
vn 0.4595 -0.3909 0.7975
vn 0.6171 -0.5300 0.5816
vn 0.7199 -0.6224 0.3073
vn 0.7532 -0.6529 0.0802
vn 0.7532 -0.6529 -0.0802
vn 0.7199 -0.6224 -0.3073
vn 0.6171 -0.5300 -0.5816
vn 0.4595 -0.3909 -0.7975
vn 0.2620 -0.2209 -0.9395
vn 0.0403 -0.0337 -0.9986
vn -0.1883 0.1591 -0.9691
vn -0.4041 0.3451 -0.8472
vn -0.5853 0.5062 -0.6335
vn -0.7083 0.6183 -0.3406
vn -0.7494 0.6566 -0.0849
vn -0.7494 0.6566 0.0849
vn -0.7083 0.6183 0.3406
vn -0.5853 0.5062 0.6335
vn -0.4041 0.3451 0.8472
vn -0.1883 0.1591 0.9691
vn 0.0466 0.0155 0.9988
vn 0.3354 0.1124 0.9354
vn 0.5876 0.1979 0.7846
vn 0.7824 0.2647 0.5637
vn 0.9050 0.3072 0.2943
vn 0.9441 0.3208 0.0762
vn 0.9441 0.3208 -0.0762
vn 0.9050 0.3072 -0.2943
vn 0.7824 0.2647 -0.5637
vn 0.5876 0.1979 -0.7846
vn 0.3354 0.1124 -0.9354
vn 0.0466 0.0155 -0.9988
vn -0.2516 -0.0845 -0.9641
vn -0.5278 -0.1782 -0.8304
vn -0.7511 -0.2553 -0.6088
vn -0.8960 -0.3060 -0.3217
vn -0.9431 -0.3227 -0.0798
vn -0.9431 -0.3227 0.0798
vn -0.8960 -0.3060 0.3217
vn -0.7511 -0.2553 0.6088
vn -0.5278 -0.1782 0.8304
vn -0.2516 -0.0845 0.9641
vn 0.0133 0.0440 0.9989
vn 0.0984 0.3284 0.9394
vn 0.1723 0.5824 0.7945
vn 0.2290 0.7845 0.5763
vn 0.2646 0.9155 0.3031
vn 0.2758 0.9580 0.0787
vn 0.2758 0.9580 -0.0787
vn 0.2646 0.9155 -0.3031
vn 0.2290 0.7845 -0.5763
vn 0.1723 0.5824 -0.7945
vn 0.0984 0.3284 -0.9394
vn 0.0133 0.0440 -0.9989
vn -0.0741 -0.2485 -0.9658
vn -0.1537 -0.5238 -0.8378
vn -0.2168 -0.7536 -0.6206
vn -0.2574 -0.9079 -0.3309
vn -0.2703 -0.9592 -0.0825
vn -0.2703 -0.9592 0.0825
vn -0.2574 -0.9079 0.3309
vn -0.2168 -0.7536 0.6206
vn -0.1537 -0.5238 0.8378
vn -0.0741 -0.2485 0.9658
vn -0.0038 0.0119 0.9999
vn -0.1015 0.3107 0.9451
vn -0.1879 0.5747 0.7965
vn -0.2550 0.7788 0.5732
vn -0.2973 0.9067 0.2992
vn -0.3108 0.9474 0.0762
vn -0.3108 0.9474 -0.0762
vn -0.2973 0.9067 -0.2992
vn -0.2550 0.7788 -0.5732
vn -0.1879 0.5747 -0.7965
vn -0.1015 0.3107 -0.9451
vn -0.0038 0.0119 -0.9999
vn 0.0951 -0.2892 -0.9525
vn 0.1849 -0.5592 -0.8081
vn 0.2559 -0.7701 -0.5843
vn 0.3013 -0.9031 -0.3059
vn 0.3160 -0.9456 -0.0770
vn 0.3160 -0.9456 0.0770
vn 0.3013 -0.9031 0.3059
vn 0.2559 -0.7701 0.5843
vn 0.1849 -0.5592 0.8081
vn 0.0951 -0.2892 0.9525
vn 0.0004 -0.0008 1.0000
vn -0.1299 0.2801 0.9511
vn -0.2473 0.5334 0.8089
vn -0.3403 0.7342 0.5875
vn -0.4000 0.8629 0.3088
vn -0.4192 0.9045 0.0783
vn -0.4192 0.9045 -0.0783
vn -0.4000 0.8629 -0.3088
vn -0.3403 0.7342 -0.5875
vn -0.2473 0.5334 -0.8089
vn -0.1299 0.2801 -0.9511
vn 0.0004 -0.0008 -1.0000
vn 0.1306 -0.2815 -0.9506
vn 0.2479 -0.5344 -0.8081
vn 0.3408 -0.7346 -0.5867
vn 0.4003 -0.8630 -0.3083
vn 0.4195 -0.9044 -0.0783
vn 0.4195 -0.9044 0.0783
vn 0.4003 -0.8630 0.3083
vn 0.3408 -0.7346 0.5867
vn 0.2479 -0.5344 0.8081
vn 0.1306 -0.2815 0.9506
vn -0.0000 -0.0000 1.0000
vn -0.1279 0.2818 0.9509
vn -0.2432 0.5357 0.8086
vn -0.3346 0.7370 0.5872
vn -0.3932 0.8661 0.3086
vn -0.4122 0.9077 0.0783
vn -0.4122 0.9077 -0.0783
vn -0.3932 0.8661 -0.3086
vn -0.3346 0.7370 -0.5872
vn -0.2432 0.5357 -0.8086
vn -0.1279 0.2818 -0.9509
vn -0.0000 -0.0000 -1.0000
vn 0.1278 -0.2817 -0.9509
vn 0.2431 -0.5357 -0.8086
vn 0.3344 -0.7371 -0.5873
vn 0.3930 -0.8662 -0.3086
vn 0.4119 -0.9079 -0.0783
vn 0.4119 -0.9079 0.0783
vn 0.3930 -0.8662 0.3086
vn 0.3344 -0.7371 0.5873
vn 0.2431 -0.5357 0.8086
vn 0.1278 -0.2817 0.9509
vn -0.0071 0.0097 0.9999
vn -0.1930 0.3076 0.9317
vn -0.3454 0.5481 0.7617
vn -0.4516 0.7161 0.5322
vn -0.5130 0.8140 0.2725
vn -0.5320 0.8440 0.0688
vn -0.5320 0.8440 -0.0688
vn -0.5130 0.8140 -0.2725
vn -0.4516 0.7161 -0.5322
vn -0.3454 0.5481 -0.7617
vn -0.1930 0.3076 -0.9317
vn -0.0071 0.0097 -0.9999
vn 0.1765 -0.2979 -0.9381
vn 0.3207 -0.5573 -0.7659
vn 0.4137 -0.7396 -0.5309
vn 0.4633 -0.8442 -0.2698
vn 0.4772 -0.8762 -0.0672
vn 0.4772 -0.8762 0.0672
vn 0.4633 -0.8442 0.2698
vn 0.4137 -0.7396 0.5309
vn 0.3207 -0.5573 0.7659
vn 0.1765 -0.2979 0.9381
vn -0.0686 -0.0116 0.9976
vn -0.2735 -0.0465 0.9607
vn -0.4884 -0.0826 0.8687
vn -0.7109 -0.1194 0.6931
vn -0.9041 -0.1512 0.3996
vn -0.9803 -0.1641 0.1100
vn -0.9803 -0.1641 -0.1100
vn -0.9041 -0.1512 -0.3996
vn -0.7109 -0.1194 -0.6931
vn -0.4884 -0.0826 -0.8687
vn -0.2735 -0.0465 -0.9607
vn -0.0686 -0.0116 -0.9976
vn 0.1330 0.0214 -0.9909
vn 0.3432 0.0532 -0.9377
vn 0.5812 0.0881 -0.8090
vn 0.8434 0.1268 -0.5221
vn 0.9791 0.1473 -0.1403
vn 0.9791 0.1473 0.1403
vn 0.8434 0.1268 0.5221
vn 0.5812 0.0881 0.8090
vn 0.3432 0.0532 0.9377
vn 0.1330 0.0214 0.9909
vn -0.0041 -0.0175 0.9998
vn -0.0711 -0.3605 0.9300
vn -0.1249 -0.6385 0.7594
vn -0.1605 -0.8326 0.5301
vn -0.1799 -0.9456 0.2713
vn -0.1857 -0.9802 0.0687
vn -0.1857 -0.9802 -0.0687
vn -0.1799 -0.9456 -0.2713
vn -0.1605 -0.8326 -0.5301
vn -0.1249 -0.6385 -0.7595
vn -0.0711 -0.3605 -0.9300
vn -0.0041 -0.0175 -0.9998
vn 0.0595 0.3343 -0.9406
vn 0.1039 0.6288 -0.7706
vn 0.1272 0.8345 -0.5361
vn 0.1369 0.9522 -0.2730
vn 0.1387 0.9880 -0.0679
vn 0.1387 0.9880 0.0679
vn 0.1369 0.9522 0.2730
vn 0.1272 0.8345 0.5361
vn 0.1039 0.6288 0.7706
vn 0.0595 0.3343 0.9406
vn 0.0001 -0.0035 1.0000
vn 0.0085 -0.3128 0.9498
vn 0.0161 -0.5909 0.8066
vn 0.0221 -0.8107 0.5851
vn 0.0259 -0.9513 0.3072
vn 0.0271 -0.9966 0.0781
vn 0.0271 -0.9966 -0.0781
vn 0.0259 -0.9513 -0.3072
vn 0.0221 -0.8107 -0.5851
vn 0.0161 -0.5909 -0.8066
vn 0.0085 -0.3128 -0.9498
vn 0.0001 -0.0035 -1.0000
vn -0.0084 0.3064 -0.9518
vn -0.0162 0.5863 -0.8099
vn -0.0224 0.8082 -0.5884
vn -0.0264 0.9506 -0.3093
vn -0.0277 0.9965 -0.0784
vn -0.0277 0.9965 0.0784
vn -0.0264 0.9506 0.3093
vn -0.0224 0.8082 0.5884
vn -0.0162 0.5863 0.8099
vn -0.0084 0.3064 0.9519
vt 0.000000 1.000000
vt 0.083333 1.000000
vt 0.083333 0.954545
vt 0.000000 0.954545
vt 0.000000 0.045455
vt 0.083333 0.045455
vt 0.083333 0.000000
vt 0.000000 0.000000
vt 0.000000 0.090909
vt 0.083333 0.090909
vt 0.000000 0.136364
vt 0.083333 0.136364
vt 0.000000 0.181818
vt 0.083333 0.181818
vt 0.000000 0.227273
vt 0.083333 0.227273
vt 0.000000 0.272727
vt 0.083333 0.272727
vt 0.000000 0.318182
vt 0.083333 0.318182
vt 0.000000 0.363636
vt 0.083333 0.363636
vt 0.000000 0.409091
vt 0.083333 0.409091
vt 0.000000 0.454545
vt 0.083333 0.454545
vt 0.000000 0.500000
vt 0.083333 0.500000
vt 0.000000 0.545455
vt 0.083333 0.545455
vt 0.000000 0.590909
vt 0.083333 0.590909
vt 0.000000 0.636364
vt 0.083333 0.636364
vt 0.000000 0.681818
vt 0.083333 0.681818
vt 0.000000 0.727273
vt 0.083333 0.727273
vt 0.000000 0.772727
vt 0.083333 0.772727
vt 0.000000 0.818182
vt 0.083333 0.818182
vt 0.000000 0.863636
vt 0.083333 0.863636
vt 0.000000 0.909091
vt 0.083333 0.909091
vt 0.166667 1.000000
vt 0.166667 0.954545
vt 0.166667 0.045455
vt 0.166667 0.000000
vt 0.166667 0.090909
vt 0.166667 0.136364
vt 0.166667 0.181818
vt 0.166667 0.227273
vt 0.166667 0.272727
vt 0.166667 0.318182
vt 0.166667 0.363636
vt 0.166667 0.409091
vt 0.166667 0.454545
vt 0.166667 0.500000
vt 0.166667 0.545455
vt 0.166667 0.590909
vt 0.166667 0.636364
vt 0.166667 0.681818
vt 0.166667 0.727273
vt 0.166667 0.772727
vt 0.166667 0.818182
vt 0.166667 0.863636
vt 0.166667 0.909091
vt 0.250000 1.000000
vt 0.250000 0.954545
vt 0.250000 0.045455
vt 0.250000 0.000000
vt 0.250000 0.090909
vt 0.250000 0.136364
vt 0.250000 0.181818
vt 0.250000 0.227273
vt 0.250000 0.272727
vt 0.250000 0.318182
vt 0.250000 0.363636
vt 0.250000 0.409091
vt 0.250000 0.454545
vt 0.250000 0.500000
vt 0.250000 0.545455
vt 0.250000 0.590909
vt 0.250000 0.636364
vt 0.250000 0.681818
vt 0.250000 0.727273
vt 0.250000 0.772727
vt 0.250000 0.818182
vt 0.250000 0.863636
vt 0.250000 0.909091
vt 0.333333 1.000000
vt 0.333333 0.954545
vt 0.333333 0.045455
vt 0.333333 0.000000
vt 0.333333 0.090909
vt 0.333333 0.136364
vt 0.333333 0.181818
vt 0.333333 0.227273
vt 0.333333 0.272727
vt 0.333333 0.318182
vt 0.333333 0.363636
vt 0.333333 0.409091
vt 0.333333 0.454545
vt 0.333333 0.500000
vt 0.333333 0.545455
vt 0.333333 0.590909
vt 0.333333 0.636364
vt 0.333333 0.681818
vt 0.333333 0.727273
vt 0.333333 0.772727
vt 0.333333 0.818182
vt 0.333333 0.863636
vt 0.333333 0.909091
vt 0.416667 1.000000
vt 0.416667 0.954545
vt 0.416667 0.045455
vt 0.416667 0.000000
vt 0.416667 0.090909
vt 0.416667 0.136364
vt 0.416667 0.181818
vt 0.416667 0.227273
vt 0.416667 0.272727
vt 0.416667 0.318182
vt 0.416667 0.363636
vt 0.416667 0.409091
vt 0.416667 0.454545
vt 0.416667 0.500000
vt 0.416667 0.545455
vt 0.416667 0.590909
vt 0.416667 0.636364
vt 0.416667 0.681818
vt 0.416667 0.727273
vt 0.416667 0.772727
vt 0.416667 0.818182
vt 0.416667 0.863636
vt 0.416667 0.909091
vt 0.500000 1.000000
vt 0.500000 0.954545
vt 0.500000 0.045455
vt 0.500000 0.000000
vt 0.500000 0.090909
vt 0.500000 0.136364
vt 0.500000 0.181818
vt 0.500000 0.227273
vt 0.500000 0.272727
vt 0.500000 0.318182
vt 0.500000 0.363636
vt 0.500000 0.409091
vt 0.500000 0.454545
vt 0.500000 0.500000
vt 0.500000 0.545455
vt 0.500000 0.590909
vt 0.500000 0.636364
vt 0.500000 0.681818
vt 0.500000 0.727273
vt 0.500000 0.772727
vt 0.500000 0.818182
vt 0.500000 0.863636
vt 0.500000 0.909091
vt 0.583333 1.000000
vt 0.583333 0.954545
vt 0.583333 0.045455
vt 0.583333 0.000000
vt 0.583333 0.090909
vt 0.583333 0.136364
vt 0.583333 0.181818
vt 0.583333 0.227273
vt 0.583333 0.272727
vt 0.583333 0.318182
vt 0.583333 0.363636
vt 0.583333 0.409091
vt 0.583333 0.454545
vt 0.583333 0.500000
vt 0.583333 0.545455
vt 0.583333 0.590909
vt 0.583333 0.636364
vt 0.583333 0.681818
vt 0.583333 0.727273
vt 0.583333 0.772727
vt 0.583333 0.818182
vt 0.583333 0.863636
vt 0.583333 0.909091
vt 0.666667 1.000000
vt 0.666667 0.954545
vt 0.666667 0.045455
vt 0.666667 0.000000
vt 0.666667 0.090909
vt 0.666667 0.136364
vt 0.666667 0.181818
vt 0.666667 0.227273
vt 0.666667 0.272727
vt 0.666667 0.318182
vt 0.666667 0.363636
vt 0.666667 0.409091
vt 0.666667 0.454545
vt 0.666667 0.500000
vt 0.666667 0.545455
vt 0.666667 0.590909
vt 0.666667 0.636364
vt 0.666667 0.681818
vt 0.666667 0.727273
vt 0.666667 0.772727
vt 0.666667 0.818182
vt 0.666667 0.863636
vt 0.666667 0.909091
vt 0.750000 1.000000
vt 0.750000 0.954545
vt 0.750000 0.045455
vt 0.750000 0.000000
vt 0.750000 0.090909
vt 0.750000 0.136364
vt 0.750000 0.181818
vt 0.750000 0.227273
vt 0.750000 0.272727
vt 0.750000 0.318182
vt 0.750000 0.363636
vt 0.750000 0.409091
vt 0.750000 0.454545
vt 0.750000 0.500000
vt 0.750000 0.545455
vt 0.750000 0.590909
vt 0.750000 0.636364
vt 0.750000 0.681818
vt 0.750000 0.727273
vt 0.750000 0.772727
vt 0.750000 0.818182
vt 0.750000 0.863636
vt 0.750000 0.909091
vt 0.833333 1.000000
vt 0.833333 0.954545
vt 0.833333 0.045455
vt 0.833333 0.000000
vt 0.833333 0.090909
vt 0.833333 0.136364
vt 0.833333 0.181818
vt 0.833333 0.227273
vt 0.833333 0.272727
vt 0.833333 0.318182
vt 0.833333 0.363636
vt 0.833333 0.409091
vt 0.833333 0.454545
vt 0.833333 0.500000
vt 0.833333 0.545455
vt 0.833333 0.590909
vt 0.833333 0.636364
vt 0.833333 0.681818
vt 0.833333 0.727273
vt 0.833333 0.772727
vt 0.833333 0.818182
vt 0.833333 0.863636
vt 0.833333 0.909091
vt 0.916667 1.000000
vt 0.916667 0.954545
vt 0.916667 0.045455
vt 0.916667 0.000000
vt 0.916667 0.090909
vt 0.916667 0.136364
vt 0.916667 0.181818
vt 0.916667 0.227273
vt 0.916667 0.272727
vt 0.916667 0.318182
vt 0.916667 0.363636
vt 0.916667 0.409091
vt 0.916667 0.454545
vt 0.916667 0.500000
vt 0.916667 0.545455
vt 0.916667 0.590909
vt 0.916667 0.636364
vt 0.916667 0.681818
vt 0.916667 0.727273
vt 0.916667 0.772727
vt 0.916667 0.818182
vt 0.916667 0.863636
vt 0.916667 0.909091
vt 1.000000 1.000000
vt 1.000000 0.954545
vt 1.000000 0.045455
vt 1.000000 0.000000
vt 1.000000 0.090909
vt 1.000000 0.136364
vt 1.000000 0.181818
vt 1.000000 0.227273
vt 1.000000 0.272727
vt 1.000000 0.318182
vt 1.000000 0.363636
vt 1.000000 0.409091
vt 1.000000 0.454545
vt 1.000000 0.500000
vt 1.000000 0.545455
vt 1.000000 0.590909
vt 1.000000 0.636364
vt 1.000000 0.681818
vt 1.000000 0.727273
vt 1.000000 0.772727
vt 1.000000 0.818182
vt 1.000000 0.863636
vt 1.000000 0.909091
s 1
usemtl Material
f 1697/1871/1623 1719/1872/1645 1740/1873/1666 1718/1874/1644
f 1698/1875/1624 1720/1876/1646 1719/1877/1645 1697/1878/1623
f 1699/1879/1625 1721/1880/1647 1720/1876/1646 1698/1875/1624
f 1700/1881/1626 1722/1882/1648 1721/1880/1647 1699/1879/1625
f 1701/1883/1627 1723/1884/1649 1722/1882/1648 1700/1881/1626
f 1702/1885/1628 1724/1886/1650 1723/1884/1649 1701/1883/1627
f 1703/1887/1629 1725/1888/1651 1724/1886/1650 1702/1885/1628
f 1704/1889/1630 1726/1890/1652 1725/1888/1651 1703/1887/1629
f 1705/1891/1631 1727/1892/1653 1726/1890/1652 1704/1889/1630
f 1706/1893/1632 1728/1894/1654 1727/1892/1653 1705/1891/1631
f 1707/1895/1633 1729/1896/1655 1728/1894/1654 1706/1893/1632
f 1708/1897/1634 1730/1898/1656 1729/1896/1655 1707/1895/1633
f 1709/1899/1635 1731/1900/1657 1730/1898/1656 1708/1897/1634
f 1710/1901/1636 1732/1902/1658 1731/1900/1657 1709/1899/1635
f 1711/1903/1637 1733/1904/1659 1732/1902/1658 1710/1901/1636
f 1712/1905/1638 1734/1906/1660 1733/1904/1659 1711/1903/1637
f 1713/1907/1639 1735/1908/1661 1734/1906/1660 1712/1905/1638
f 1714/1909/1640 1736/1910/1662 1735/1908/1661 1713/1907/1639
f 1715/1911/1641 1737/1912/1663 1736/1910/1662 1714/1909/1640
f 1716/1913/1642 1738/1914/1664 1737/1912/1663 1715/1911/1641
f 1717/1915/1643 1739/1916/1665 1738/1914/1664 1716/1913/1642
f 1718/1874/1644 1740/1873/1666 1739/1916/1665 1717/1915/1643
f 1719/1872/1645 1741/1917/1667 1762/1918/1688 1740/1873/1666
f 1720/1876/1646 1742/1919/1668 1741/1920/1667 1719/1877/1645
f 1721/1880/1647 1743/1921/1669 1742/1919/1668 1720/1876/1646
f 1722/1882/1648 1744/1922/1670 1743/1921/1669 1721/1880/1647
f 1723/1884/1649 1745/1923/1671 1744/1922/1670 1722/1882/1648
f 1724/1886/1650 1746/1924/1672 1745/1923/1671 1723/1884/1649
f 1725/1888/1651 1747/1925/1673 1746/1924/1672 1724/1886/1650
f 1726/1890/1652 1748/1926/1674 1747/1925/1673 1725/1888/1651
f 1727/1892/1653 1749/1927/1675 1748/1926/1674 1726/1890/1652
f 1728/1894/1654 1750/1928/1676 1749/1927/1675 1727/1892/1653
f 1729/1896/1655 1751/1929/1677 1750/1928/1676 1728/1894/1654
f 1730/1898/1656 1752/1930/1678 1751/1929/1677 1729/1896/1655
f 1731/1900/1657 1753/1931/1679 1752/1930/1678 1730/1898/1656
f 1732/1902/1658 1754/1932/1680 1753/1931/1679 1731/1900/1657
f 1733/1904/1659 1755/1933/1681 1754/1932/1680 1732/1902/1658
f 1734/1906/1660 1756/1934/1682 1755/1933/1681 1733/1904/1659
f 1735/1908/1661 1757/1935/1683 1756/1934/1682 1734/1906/1660
f 1736/1910/1662 1758/1936/1684 1757/1935/1683 1735/1908/1661
f 1737/1912/1663 1759/1937/1685 1758/1936/1684 1736/1910/1662
f 1738/1914/1664 1760/1938/1686 1759/1937/1685 1737/1912/1663
f 1739/1916/1665 1761/1939/1687 1760/1938/1686 1738/1914/1664
f 1740/1873/1666 1762/1918/1688 1761/1939/1687 1739/1916/1665
f 1741/1917/1667 1763/1940/1689 1784/1941/1710 1762/1918/1688
f 1742/1919/1668 1764/1942/1690 1763/1943/1689 1741/1920/1667
f 1743/1921/1669 1765/1944/1691 1764/1942/1690 1742/1919/1668
f 1744/1922/1670 1766/1945/1692 1765/1944/1691 1743/1921/1669
f 1745/1923/1671 1767/1946/1693 1766/1945/1692 1744/1922/1670
f 1746/1924/1672 1768/1947/1694 1767/1946/1693 1745/1923/1671
f 1747/1925/1673 1769/1948/1695 1768/1947/1694 1746/1924/1672
f 1748/1926/1674 1770/1949/1696 1769/1948/1695 1747/1925/1673
f 1749/1927/1675 1771/1950/1697 1770/1949/1696 1748/1926/1674
f 1750/1928/1676 1772/1951/1698 1771/1950/1697 1749/1927/1675
f 1751/1929/1677 1773/1952/1699 1772/1951/1698 1750/1928/1676
f 1752/1930/1678 1774/1953/1700 1773/1952/1699 1751/1929/1677
f 1753/1931/1679 1775/1954/1701 1774/1953/1700 1752/1930/1678
f 1754/1932/1680 1776/1955/1702 1775/1954/1701 1753/1931/1679
f 1755/1933/1681 1777/1956/1703 1776/1955/1702 1754/1932/1680
f 1756/1934/1682 1778/1957/1704 1777/1956/1703 1755/1933/1681
f 1757/1935/1683 1779/1958/1705 1778/1957/1704 1756/1934/1682
f 1758/1936/1684 1780/1959/1706 1779/1958/1705 1757/1935/1683
f 1759/1937/1685 1781/1960/1707 1780/1959/1706 1758/1936/1684
f 1760/1938/1686 1782/1961/1708 1781/1960/1707 1759/1937/1685
f 1761/1939/1687 1783/1962/1709 1782/1961/1708 1760/1938/1686
f 1762/1918/1688 1784/1941/1710 1783/1962/1709 1761/1939/1687
f 1763/1940/1689 1785/1963/1711 1806/1964/1732 1784/1941/1710
f 1764/1942/1690 1786/1965/1712 1785/1966/1711 1763/1943/1689
f 1765/1944/1691 1787/1967/1713 1786/1965/1712 1764/1942/1690
f 1766/1945/1692 1788/1968/1714 1787/1967/1713 1765/1944/1691
f 1767/1946/1693 1789/1969/1715 1788/1968/1714 1766/1945/1692
f 1768/1947/1694 1790/1970/1716 1789/1969/1715 1767/1946/1693
f 1769/1948/1695 1791/1971/1717 1790/1970/1716 1768/1947/1694
f 1770/1949/1696 1792/1972/1718 1791/1971/1717 1769/1948/1695
f 1771/1950/1697 1793/1973/1719 1792/1972/1718 1770/1949/1696
f 1772/1951/1698 1794/1974/1720 1793/1973/1719 1771/1950/1697
f 1773/1952/1699 1795/1975/1721 1794/1974/1720 1772/1951/1698
f 1774/1953/1700 1796/1976/1722 1795/1975/1721 1773/1952/1699
f 1775/1954/1701 1797/1977/1723 1796/1976/1722 1774/1953/1700
f 1776/1955/1702 1798/1978/1724 1797/1977/1723 1775/1954/1701
f 1777/1956/1703 1799/1979/1725 1798/1978/1724 1776/1955/1702
f 1778/1957/1704 1800/1980/1726 1799/1979/1725 1777/1956/1703
f 1779/1958/1705 1801/1981/1727 1800/1980/1726 1778/1957/1704
f 1780/1959/1706 1802/1982/1728 1801/1981/1727 1779/1958/1705
f 1781/1960/1707 1803/1983/1729 1802/1982/1728 1780/1959/1706
f 1782/1961/1708 1804/1984/1730 1803/1983/1729 1781/1960/1707
f 1783/1962/1709 1805/1985/1731 1804/1984/1730 1782/1961/1708
f 1784/1941/1710 1806/1964/1732 1805/1985/1731 1783/1962/1709
f 1785/1963/1711 1807/1986/1733 1828/1987/1754 1806/1964/1732
f 1786/1965/1712 1808/1988/1734 1807/1989/1733 1785/1966/1711
f 1787/1967/1713 1809/1990/1735 1808/1988/1734 1786/1965/1712
f 1788/1968/1714 1810/1991/1736 1809/1990/1735 1787/1967/1713
f 1789/1969/1715 1811/1992/1737 1810/1991/1736 1788/1968/1714
f 1790/1970/1716 1812/1993/1738 1811/1992/1737 1789/1969/1715
f 1791/1971/1717 1813/1994/1739 1812/1993/1738 1790/1970/1716
f 1792/1972/1718 1814/1995/1740 1813/1994/1739 1791/1971/1717
f 1793/1973/1719 1815/1996/1741 1814/1995/1740 1792/1972/1718
f 1794/1974/1720 1816/1997/1742 1815/1996/1741 1793/1973/1719
f 1795/1975/1721 1817/1998/1743 1816/1997/1742 1794/1974/1720
f 1796/1976/1722 1818/1999/1744 1817/1998/1743 1795/1975/1721
f 1797/1977/1723 1819/2000/1745 1818/1999/1744 1796/1976/1722
f 1798/1978/1724 1820/2001/1746 1819/2000/1745 1797/1977/1723
f 1799/1979/1725 1821/2002/1747 1820/2001/1746 1798/1978/1724
f 1800/1980/1726 1822/2003/1748 1821/2002/1747 1799/1979/1725
f 1801/1981/1727 1823/2004/1749 1822/2003/1748 1800/1980/1726
f 1802/1982/1728 1824/2005/1750 1823/2004/1749 1801/1981/1727
f 1803/1983/1729 1825/2006/1751 1824/2005/1750 1802/1982/1728
f 1804/1984/1730 1826/2007/1752 1825/2006/1751 1803/1983/1729
f 1805/1985/1731 1827/2008/1753 1826/2007/1752 1804/1984/1730
f 1806/1964/1732 1828/1987/1754 1827/2008/1753 1805/1985/1731
f 1807/1986/1733 1829/2009/1755 1850/2010/1776 1828/1987/1754
f 1808/1988/1734 1830/2011/1756 1829/2012/1755 1807/1989/1733
f 1809/1990/1735 1831/2013/1757 1830/2011/1756 1808/1988/1734
f 1810/1991/1736 1832/2014/1758 1831/2013/1757 1809/1990/1735
f 1811/1992/1737 1833/2015/1759 1832/2014/1758 1810/1991/1736
f 1812/1993/1738 1834/2016/1760 1833/2015/1759 1811/1992/1737
f 1813/1994/1739 1835/2017/1761 1834/2016/1760 1812/1993/1738
f 1814/1995/1740 1836/2018/1762 1835/2017/1761 1813/1994/1739
f 1815/1996/1741 1837/2019/1763 1836/2018/1762 1814/1995/1740
f 1816/1997/1742 1838/2020/1764 1837/2019/1763 1815/1996/1741
f 1817/1998/1743 1839/2021/1765 1838/2020/1764 1816/1997/1742
f 1818/1999/1744 1840/2022/1766 1839/2021/1765 1817/1998/1743
f 1819/2000/1745 1841/2023/1767 1840/2022/1766 1818/1999/1744
f 1820/2001/1746 1842/2024/1768 1841/2023/1767 1819/2000/1745
f 1821/2002/1747 1843/2025/1769 1842/2024/1768 1820/2001/1746
f 1822/2003/1748 1844/2026/1770 1843/2025/1769 1821/2002/1747
f 1823/2004/1749 1845/2027/1771 1844/2026/1770 1822/2003/1748
f 1824/2005/1750 1846/2028/1772 1845/2027/1771 1823/2004/1749
f 1825/2006/1751 1847/2029/1773 1846/2028/1772 1824/2005/1750
f 1826/2007/1752 1848/2030/1774 1847/2029/1773 1825/2006/1751
f 1827/2008/1753 1849/2031/1775 1848/2030/1774 1826/2007/1752
f 1828/1987/1754 1850/2010/1776 1849/2031/1775 1827/2008/1753
f 1829/2009/1755 1851/2032/1777 1872/2033/1798 1850/2010/1776
f 1830/2011/1756 1852/2034/1778 1851/2035/1777 1829/2012/1755
f 1831/2013/1757 1853/2036/1779 1852/2034/1778 1830/2011/1756
f 1832/2014/1758 1854/2037/1780 1853/2036/1779 1831/2013/1757
f 1833/2015/1759 1855/2038/1781 1854/2037/1780 1832/2014/1758
f 1834/2016/1760 1856/2039/1782 1855/2038/1781 1833/2015/1759
f 1835/2017/1761 1857/2040/1783 1856/2039/1782 1834/2016/1760
f 1836/2018/1762 1858/2041/1784 1857/2040/1783 1835/2017/1761
f 1837/2019/1763 1859/2042/1785 1858/2041/1784 1836/2018/1762
f 1838/2020/1764 1860/2043/1786 1859/2042/1785 1837/2019/1763
f 1839/2021/1765 1861/2044/1787 1860/2043/1786 1838/2020/1764
f 1840/2022/1766 1862/2045/1788 1861/2044/1787 1839/2021/1765
f 1841/2023/1767 1863/2046/1789 1862/2045/1788 1840/2022/1766
f 1842/2024/1768 1864/2047/1790 1863/2046/1789 1841/2023/1767
f 1843/2025/1769 1865/2048/1791 1864/2047/1790 1842/2024/1768
f 1844/2026/1770 1866/2049/1792 1865/2048/1791 1843/2025/1769
f 1845/2027/1771 1867/2050/1793 1866/2049/1792 1844/2026/1770
f 1846/2028/1772 1868/2051/1794 1867/2050/1793 1845/2027/1771
f 1847/2029/1773 1869/2052/1795 1868/2051/1794 1846/2028/1772
f 1848/2030/1774 1870/2053/1796 1869/2052/1795 1847/2029/1773
f 1849/2031/1775 1871/2054/1797 1870/2053/1796 1848/2030/1774
f 1850/2010/1776 1872/2033/1798 1871/2054/1797 1849/2031/1775
f 1851/2032/1777 1873/2055/1799 1894/2056/1820 1872/2033/1798
f 1852/2034/1778 1874/2057/1800 1873/2058/1799 1851/2035/1777
f 1853/2036/1779 1875/2059/1801 1874/2057/1800 1852/2034/1778
f 1854/2037/1780 1876/2060/1802 1875/2059/1801 1853/2036/1779
f 1855/2038/1781 1877/2061/1803 1876/2060/1802 1854/2037/1780
f 1856/2039/1782 1878/2062/1804 1877/2061/1803 1855/2038/1781
f 1857/2040/1783 1879/2063/1805 1878/2062/1804 1856/2039/1782
f 1858/2041/1784 1880/2064/1806 1879/2063/1805 1857/2040/1783
f 1859/2042/1785 1881/2065/1807 1880/2064/1806 1858/2041/1784
f 1860/2043/1786 1882/2066/1808 1881/2065/1807 1859/2042/1785
f 1861/2044/1787 1883/2067/1809 1882/2066/1808 1860/2043/1786
f 1862/2045/1788 1884/2068/1810 1883/2067/1809 1861/2044/1787
f 1863/2046/1789 1885/2069/1811 1884/2068/1810 1862/2045/1788
f 1864/2047/1790 1886/2070/1812 1885/2069/1811 1863/2046/1789
f 1865/2048/1791 1887/2071/1813 1886/2070/1812 1864/2047/1790
f 1866/2049/1792 1888/2072/1814 1887/2071/1813 1865/2048/1791
f 1867/2050/1793 1889/2073/1815 1888/2072/1814 1866/2049/1792
f 1868/2051/1794 1890/2074/1816 1889/2073/1815 1867/2050/1793
f 1869/2052/1795 1891/2075/1817 1890/2074/1816 1868/2051/1794
f 1870/2053/1796 1892/2076/1818 1891/2075/1817 1869/2052/1795
f 1871/2054/1797 1893/2077/1819 1892/2076/1818 1870/2053/1796
f 1872/2033/1798 1894/2056/1820 1893/2077/1819 1871/2054/1797
f 1873/2055/1799 1895/2078/1821 1916/2079/1842 1894/2056/1820
f 1874/2057/1800 1896/2080/1822 1895/2081/1821 1873/2058/1799
f 1875/2059/1801 1897/2082/1823 1896/2080/1822 1874/2057/1800
f 1876/2060/1802 1898/2083/1824 1897/2082/1823 1875/2059/1801
f 1877/2061/1803 1899/2084/1825 1898/2083/1824 1876/2060/1802
f 1878/2062/1804 1900/2085/1826 1899/2084/1825 1877/2061/1803
f 1879/2063/1805 1901/2086/1827 1900/2085/1826 1878/2062/1804
f 1880/2064/1806 1902/2087/1828 1901/2086/1827 1879/2063/1805
f 1881/2065/1807 1903/2088/1829 1902/2087/1828 1880/2064/1806
f 1882/2066/1808 1904/2089/1830 1903/2088/1829 1881/2065/1807
f 1883/2067/1809 1905/2090/1831 1904/2089/1830 1882/2066/1808
f 1884/2068/1810 1906/2091/1832 1905/2090/1831 1883/2067/1809
f 1885/2069/1811 1907/2092/1833 1906/2091/1832 1884/2068/1810
f 1886/2070/1812 1908/2093/1834 1907/2092/1833 1885/2069/1811
f 1887/2071/1813 1909/2094/1835 1908/2093/1834 1886/2070/1812
f 1888/2072/1814 1910/2095/1836 1909/2094/1835 1887/2071/1813
f 1889/2073/1815 1911/2096/1837 1910/2095/1836 1888/2072/1814
f 1890/2074/1816 1912/2097/1838 1911/2096/1837 1889/2073/1815
f 1891/2075/1817 1913/2098/1839 1912/2097/1838 1890/2074/1816
f 1892/2076/1818 1914/2099/1840 1913/2098/1839 1891/2075/1817
f 1893/2077/1819 1915/2100/1841 1914/2099/1840 1892/2076/1818
f 1894/2056/1820 1916/2079/1842 1915/2100/1841 1893/2077/1819
f 1895/2078/1821 1917/2101/1843 1938/2102/1864 1916/2079/1842
f 1896/2080/1822 1918/2103/1844 1917/2104/1843 1895/2081/1821
f 1897/2082/1823 1919/2105/1845 1918/2103/1844 1896/2080/1822
f 1898/2083/1824 1920/2106/1846 1919/2105/1845 1897/2082/1823
f 1899/2084/1825 1921/2107/1847 1920/2106/1846 1898/2083/1824
f 1900/2085/1826 1922/2108/1848 1921/2107/1847 1899/2084/1825
f 1901/2086/1827 1923/2109/1849 1922/2108/1848 1900/2085/1826
f 1902/2087/1828 1924/2110/1850 1923/2109/1849 1901/2086/1827
f 1903/2088/1829 1925/2111/1851 1924/2110/1850 1902/2087/1828
f 1904/2089/1830 1926/2112/1852 1925/2111/1851 1903/2088/1829
f 1905/2090/1831 1927/2113/1853 1926/2112/1852 1904/2089/1830
f 1906/2091/1832 1928/2114/1854 1927/2113/1853 1905/2090/1831
f 1907/2092/1833 1929/2115/1855 1928/2114/1854 1906/2091/1832
f 1908/2093/1834 1930/2116/1856 1929/2115/1855 1907/2092/1833
f 1909/2094/1835 1931/2117/1857 1930/2116/1856 1908/2093/1834
f 1910/2095/1836 1932/2118/1858 1931/2117/1857 1909/2094/1835
f 1911/2096/1837 1933/2119/1859 1932/2118/1858 1910/2095/1836
f 1912/2097/1838 1934/2120/1860 1933/2119/1859 1911/2096/1837
f 1913/2098/1839 1935/2121/1861 1934/2120/1860 1912/2097/1838
f 1914/2099/1840 1936/2122/1862 1935/2121/1861 1913/2098/1839
f 1915/2100/1841 1937/2123/1863 1936/2122/1862 1914/2099/1840
f 1916/2079/1842 1938/2102/1864 1937/2123/1863 1915/2100/1841
f 1917/2101/1843 1939/2124/1865 1960/2125/1886 1938/2102/1864
f 1918/2103/1844 1940/2126/1866 1939/2127/1865 1917/2104/1843
f 1919/2105/1845 1941/2128/1867 1940/2126/1866 1918/2103/1844
f 1920/2106/1846 1942/2129/1868 1941/2128/1867 1919/2105/1845
f 1921/2107/1847 1943/2130/1869 1942/2129/1868 1920/2106/1846
f 1922/2108/1848 1944/2131/1870 1943/2130/1869 1921/2107/1847
f 1923/2109/1849 1945/2132/1871 1944/2131/1870 1922/2108/1848
f 1924/2110/1850 1946/2133/1872 1945/2132/1871 1923/2109/1849
f 1925/2111/1851 1947/2134/1873 1946/2133/1872 1924/2110/1850
f 1926/2112/1852 1948/2135/1874 1947/2134/1873 1925/2111/1851
f 1927/2113/1853 1949/2136/1875 1948/2135/1874 1926/2112/1852
f 1928/2114/1854 1950/2137/1876 1949/2136/1875 1927/2113/1853
f 1929/2115/1855 1951/2138/1877 1950/2137/1876 1928/2114/1854
f 1930/2116/1856 1952/2139/1878 1951/2138/1877 1929/2115/1855
f 1931/2117/1857 1953/2140/1879 1952/2139/1878 1930/2116/1856
f 1932/2118/1858 1954/2141/1880 1953/2140/1879 1931/2117/1857
f 1933/2119/1859 1955/2142/1881 1954/2141/1880 1932/2118/1858
f 1934/2120/1860 1956/2143/1882 1955/2142/1881 1933/2119/1859
f 1935/2121/1861 1957/2144/1883 1956/2143/1882 1934/2120/1860
f 1936/2122/1862 1958/2145/1884 1957/2144/1883 1935/2121/1861
f 1937/2123/1863 1959/2146/1885 1958/2145/1884 1936/2122/1862
f 1938/2102/1864 1960/2125/1886 1959/2146/1885 1937/2123/1863
f 1939/2124/1865 1697/2147/1623 1718/2148/1644 1960/2125/1886
f 1940/2126/1866 1698/2149/1624 1697/2150/1623 1939/2127/1865
f 1941/2128/1867 1699/2151/1625 1698/2149/1624 1940/2126/1866
f 1942/2129/1868 1700/2152/1626 1699/2151/1625 1941/2128/1867
f 1943/2130/1869 1701/2153/1627 1700/2152/1626 1942/2129/1868
f 1944/2131/1870 1702/2154/1628 1701/2153/1627 1943/2130/1869
f 1945/2132/1871 1703/2155/1629 1702/2154/1628 1944/2131/1870
f 1946/2133/1872 1704/2156/1630 1703/2155/1629 1945/2132/1871
f 1947/2134/1873 1705/2157/1631 1704/2156/1630 1946/2133/1872
f 1948/2135/1874 1706/2158/1632 1705/2157/1631 1947/2134/1873
f 1949/2136/1875 1707/2159/1633 1706/2158/1632 1948/2135/1874
f 1950/2137/1876 1708/2160/1634 1707/2159/1633 1949/2136/1875
f 1951/2138/1877 1709/2161/1635 1708/2160/1634 1950/2137/1876
f 1952/2139/1878 1710/2162/1636 1709/2161/1635 1951/2138/1877
f 1953/2140/1879 1711/2163/1637 1710/2162/1636 1952/2139/1878
f 1954/2141/1880 1712/2164/1638 1711/2163/1637 1953/2140/1879
f 1955/2142/1881 1713/2165/1639 1712/2164/1638 1954/2141/1880
f 1956/2143/1882 1714/2166/1640 1713/2165/1639 1955/2142/1881
f 1957/2144/1883 1715/2167/1641 1714/2166/1640 1956/2143/1882
f 1958/2145/1884 1716/2168/1642 1715/2167/1641 1957/2144/1883
f 1959/2146/1885 1717/2169/1643 1716/2168/1642 1958/2145/1884
f 1960/2125/1886 1718/2148/1644 1717/2169/1643 1959/2146/1885
o BézierCircle.003
v 0.537127 1.054997 0.153581
v 0.537298 1.052104 0.153122
v 0.537453 1.049494 0.151790
v 0.537576 1.047423 0.149715
v 0.537654 1.046093 0.147100
v 0.537681 1.045635 0.144202
v 0.537681 1.045635 -0.137159
v 0.537654 1.046093 -0.140057
v 0.537576 1.047423 -0.142672
v 0.537453 1.049494 -0.144747
v 0.537298 1.052104 -0.146079
v 0.537127 1.054997 -0.146538
v 0.536956 1.057891 -0.146079
v 0.536801 1.060501 -0.144747
v 0.536678 1.062572 -0.142672
v 0.536600 1.063902 -0.140057
v 0.536572 1.064360 -0.137159
v 0.536572 1.064360 0.144202
v 0.536600 1.063902 0.147100
v 0.536678 1.062572 0.149715
v 0.536801 1.060500 0.151790
v 0.536956 1.057891 0.153122
v 0.753881 1.066997 0.153581
v 0.754392 1.064144 0.153122
v 0.754853 1.061570 0.151790
v 0.755218 1.059528 0.149715
v 0.755453 1.058217 0.147100
v 0.755534 1.057765 0.144202
v 0.755534 1.057765 -0.137159
v 0.755453 1.058217 -0.140057
v 0.755218 1.059528 -0.142672
v 0.754853 1.061570 -0.144747
v 0.754392 1.064144 -0.146079
v 0.753881 1.066997 -0.146538
v 0.753370 1.069850 -0.146079
v 0.752910 1.072423 -0.144747
v 0.752544 1.074466 -0.142672
v 0.752309 1.075777 -0.140057
v 0.752228 1.076229 -0.137159
v 0.752228 1.076229 0.144202
v 0.752309 1.075777 0.147100
v 0.752544 1.074466 0.149715
v 0.752910 1.072423 0.151790
v 0.753370 1.069850 0.153122
v 0.933523 1.122367 0.153581
v 0.935708 1.120463 0.153122
v 0.937679 1.118745 0.151790
v 0.939243 1.117382 0.149715
v 0.940247 1.116507 0.147100
v 0.940593 1.116205 0.144202
v 0.940593 1.116205 -0.137159
v 0.940247 1.116507 -0.140058
v 0.939243 1.117382 -0.142672
v 0.937679 1.118745 -0.144747
v 0.935708 1.120463 -0.146079
v 0.933523 1.122367 -0.146538
v 0.931338 1.124272 -0.146079
v 0.929367 1.125989 -0.144747
v 0.927803 1.127353 -0.142672
v 0.926799 1.128228 -0.140058
v 0.926453 1.128530 -0.137159
v 0.926453 1.128530 0.144202
v 0.926799 1.128228 0.147100
v 0.927803 1.127353 0.149715
v 0.929367 1.125989 0.151790
v 0.931338 1.124272 0.153122
v 0.962309 1.298534 0.153581
v 0.965052 1.299469 0.153122
v 0.967527 1.300313 0.151790
v 0.969491 1.300983 0.149715
v 0.970752 1.301413 0.147100
v 0.971186 1.301561 0.144202
v 0.971186 1.301561 -0.137159
v 0.970752 1.301413 -0.140058
v 0.969491 1.300983 -0.142672
v 0.967527 1.300313 -0.144747
v 0.965052 1.299469 -0.146079
v 0.962309 1.298534 -0.146538
v 0.959566 1.297599 -0.146079
v 0.957092 1.296755 -0.144747
v 0.955128 1.296085 -0.142672
v 0.953867 1.295655 -0.140058
v 0.953432 1.295507 -0.137159
v 0.953432 1.295507 0.144202
v 0.953867 1.295656 0.147100
v 0.955128 1.296085 0.149715
v 0.957092 1.296755 0.151790
v 0.959566 1.297599 0.153122
v 0.843106 1.409944 0.153581
v 0.843900 1.412731 0.153122
v 0.844616 1.415245 0.151790
v 0.845184 1.417241 0.149715
v 0.845549 1.418522 0.147100
v 0.845675 1.418964 0.144202
v 0.845675 1.418963 -0.137159
v 0.845549 1.418522 -0.140058
v 0.845184 1.417241 -0.142672
v 0.844616 1.415245 -0.144747
v 0.843900 1.412731 -0.146079
v 0.843106 1.409943 -0.146538
v 0.842312 1.407156 -0.146079
v 0.841596 1.404642 -0.144747
v 0.841027 1.402646 -0.142672
v 0.840662 1.401365 -0.140058
v 0.840537 1.400923 -0.137159
v 0.840537 1.400924 0.144202
v 0.840662 1.401365 0.147100
v 0.841027 1.402646 0.149715
v 0.841596 1.404642 0.151790
v 0.842312 1.407156 0.153122
v 0.662763 1.374013 0.153581
v 0.661852 1.376764 0.153122
v 0.661031 1.379246 0.151790
v 0.660378 1.381216 0.149715
v 0.659960 1.382481 0.147100
v 0.659815 1.382916 0.144202
v 0.659815 1.382916 -0.137159
v 0.659960 1.382481 -0.140058
v 0.660378 1.381216 -0.142672
v 0.661031 1.379246 -0.144747
v 0.661852 1.376764 -0.146079
v 0.662763 1.374013 -0.146538
v 0.663674 1.371262 -0.146079
v 0.664496 1.368780 -0.144747
v 0.665148 1.366810 -0.142672
v 0.665567 1.365545 -0.140057
v 0.665711 1.365110 -0.137159
v 0.665711 1.365110 0.144202
v 0.665567 1.365545 0.147100
v 0.665148 1.366810 0.149715
v 0.664496 1.368780 0.151790
v 0.663674 1.371262 0.153122
v 0.477492 1.286161 0.153581
v 0.476273 1.288791 0.153122
v 0.475173 1.291162 0.151790
v 0.474300 1.293045 0.149715
v 0.473740 1.294253 0.147100
v 0.473547 1.294670 0.144202
v 0.473547 1.294670 -0.137159
v 0.473740 1.294253 -0.140057
v 0.474300 1.293045 -0.142672
v 0.475173 1.291162 -0.144747
v 0.476273 1.288791 -0.146079
v 0.477492 1.286161 -0.146538
v 0.478711 1.283532 -0.146079
v 0.479811 1.281160 -0.144747
v 0.480684 1.279278 -0.142672
v 0.481245 1.278069 -0.140057
v 0.481438 1.277653 -0.137159
v 0.481438 1.277653 0.144202
v 0.481244 1.278069 0.147100
v 0.480684 1.279278 0.149715
v 0.479811 1.281160 0.151790
v 0.478711 1.283532 0.153122
v 0.283809 1.198361 0.153581
v 0.282611 1.201000 0.153122
v 0.281530 1.203381 0.151790
v 0.280673 1.205270 0.149715
v 0.280122 1.206483 0.147100
v 0.279932 1.206901 0.144202
v 0.279932 1.206901 -0.137159
v 0.280122 1.206483 -0.140057
v 0.280673 1.205270 -0.142672
v 0.281530 1.203381 -0.144747
v 0.282611 1.201000 -0.146079
v 0.283809 1.198361 -0.146538
v 0.285006 1.195722 -0.146079
v 0.286087 1.193341 -0.144747
v 0.286945 1.191452 -0.142672
v 0.287495 1.190239 -0.140057
v 0.287685 1.189821 -0.137159
v 0.287685 1.189821 0.144202
v 0.287495 1.190239 0.147100
v 0.286945 1.191452 0.149715
v 0.286087 1.193341 0.151790
v 0.285006 1.195722 0.153122
v 0.121077 1.124408 0.153581
v 0.119601 1.126903 0.153122
v 0.118270 1.129153 0.151790
v 0.117213 1.130939 0.149715
v 0.116535 1.132085 0.147100
v 0.116301 1.132480 0.144202
v 0.116301 1.132480 -0.137159
v 0.116535 1.132085 -0.140057
v 0.117213 1.130938 -0.142672
v 0.118270 1.129153 -0.144747
v 0.119601 1.126903 -0.146079
v 0.121077 1.124408 -0.146538
v 0.122553 1.121914 -0.146079
v 0.123884 1.119664 -0.144747
v 0.124941 1.117878 -0.142672
v 0.125619 1.116732 -0.140057
v 0.125853 1.116337 -0.137159
v 0.125853 1.116337 0.144202
v 0.125619 1.116732 0.147100
v 0.124941 1.117878 0.149715
v 0.123884 1.119664 0.151790
v 0.122553 1.121914 0.153122
v 0.058305 1.077478 0.153581
v 0.055444 1.077018 0.153122
v 0.052862 1.076603 0.151790
v 0.050814 1.076273 0.149715
v 0.049498 1.076062 0.147100
v 0.049045 1.075989 0.144202
v 0.049045 1.075989 -0.137159
v 0.049498 1.076062 -0.140057
v 0.050814 1.076273 -0.142672
v 0.052862 1.076603 -0.144747
v 0.055444 1.077018 -0.146079
v 0.058305 1.077478 -0.146538
v 0.061166 1.077938 -0.146079
v 0.063748 1.078354 -0.144747
v 0.065796 1.078683 -0.142672
v 0.067111 1.078895 -0.140057
v 0.067565 1.078967 -0.137159
v 0.067565 1.078967 0.144202
v 0.067111 1.078895 0.147100
v 0.065796 1.078683 0.149715
v 0.063748 1.078354 0.151790
v 0.061166 1.077938 0.153122
v 0.156483 1.044610 0.153581
v 0.156005 1.041751 0.153122
v 0.155575 1.039172 0.151790
v 0.155233 1.037126 0.149715
v 0.155013 1.035812 0.147100
v 0.154938 1.035359 0.144202
v 0.154938 1.035359 -0.137159
v 0.155013 1.035812 -0.140057
v 0.155233 1.037126 -0.142672
v 0.155575 1.039173 -0.144747
v 0.156005 1.041751 -0.146079
v 0.156483 1.044610 -0.146538
v 0.156960 1.047468 -0.146079
v 0.157391 1.050047 -0.144747
v 0.157733 1.052094 -0.142672
v 0.157952 1.053408 -0.140057
v 0.158028 1.053860 -0.137159
v 0.158028 1.053860 0.144202
v 0.157952 1.053408 0.147100
v 0.157733 1.052094 0.149715
v 0.157391 1.050047 0.151790
v 0.156960 1.047468 0.153122
v 0.348284 1.043081 0.153581
v 0.348364 1.040184 0.153122
v 0.348436 1.037571 0.151790
v 0.348493 1.035497 0.149715
v 0.348530 1.034165 0.147100
v 0.348542 1.033706 0.144202
v 0.348542 1.033706 -0.137159
v 0.348530 1.034165 -0.140057
v 0.348493 1.035497 -0.142672
v 0.348436 1.037571 -0.144747
v 0.348364 1.040184 -0.146079
v 0.348284 1.043081 -0.146538
v 0.348204 1.045978 -0.146079
v 0.348133 1.048592 -0.144747
v 0.348075 1.050666 -0.142672
v 0.348039 1.051998 -0.140057
v 0.348026 1.052456 -0.137159
v 0.348026 1.052456 0.144202
v 0.348039 1.051998 0.147100
v 0.348075 1.050666 0.149715
v 0.348133 1.048592 0.151790
v 0.348205 1.045978 0.153122
vn -0.0000 0.0004 1.0000
vn 0.0183 -0.3087 0.9510
vn 0.0348 -0.5872 0.8087
vn 0.0479 -0.8080 0.5872
vn 0.0564 -0.9495 0.3086
vn 0.0591 -0.9952 0.0783
vn 0.0591 -0.9952 -0.0783
vn 0.0564 -0.9495 -0.3086
vn 0.0479 -0.8080 -0.5872
vn 0.0348 -0.5872 -0.8087
vn 0.0183 -0.3087 -0.9510
vn -0.0000 0.0004 -1.0000
vn -0.0183 0.3094 -0.9508
vn -0.0348 0.5878 -0.8083
vn -0.0478 0.8083 -0.5869
vn -0.0561 0.9496 -0.3084
vn -0.0588 0.9952 -0.0783
vn -0.0588 0.9952 0.0783
vn -0.0561 0.9496 0.3084
vn -0.0478 0.8083 0.5869
vn -0.0348 0.5878 0.8083
vn -0.0183 0.3094 0.9508
vn 0.0024 -0.0123 0.9999
vn 0.0599 -0.3243 0.9441
vn 0.1103 -0.5984 0.7936
vn 0.1484 -0.8085 0.5694
vn 0.1719 -0.9394 0.2966
vn 0.1792 -0.9809 0.0754
vn 0.1792 -0.9809 -0.0754
vn 0.1719 -0.9394 -0.2966
vn 0.1484 -0.8085 -0.5694
vn 0.1103 -0.5984 -0.7936
vn 0.0599 -0.3243 -0.9441
vn 0.0024 -0.0123 -0.9999
vn -0.0550 0.3026 -0.9515
vn -0.1049 0.5838 -0.8051
vn -0.1423 0.8019 -0.5802
vn -0.1650 0.9386 -0.3030
vn -0.1720 0.9821 -0.0762
vn -0.1720 0.9821 0.0762
vn -0.1650 0.9386 0.3030
vn -0.1423 0.8019 0.5802
vn -0.1049 0.5838 0.8051
vn -0.0550 0.3026 0.9515
vn 0.0403 -0.0337 0.9986
vn 0.2620 -0.2209 0.9395
vn 0.4595 -0.3909 0.7975
vn 0.6171 -0.5300 0.5816
vn 0.7199 -0.6224 0.3073
vn 0.7532 -0.6529 0.0802
vn 0.7532 -0.6529 -0.0802
vn 0.7199 -0.6224 -0.3073
vn 0.6171 -0.5300 -0.5816
vn 0.4595 -0.3909 -0.7975
vn 0.2620 -0.2209 -0.9395
vn 0.0403 -0.0337 -0.9986
vn -0.1883 0.1591 -0.9691
vn -0.4041 0.3451 -0.8472
vn -0.5853 0.5062 -0.6335
vn -0.7083 0.6183 -0.3406
vn -0.7494 0.6566 -0.0849
vn -0.7494 0.6566 0.0849
vn -0.7083 0.6183 0.3406
vn -0.5853 0.5062 0.6335
vn -0.4041 0.3451 0.8472
vn -0.1883 0.1591 0.9691
vn 0.0466 0.0155 0.9988
vn 0.3354 0.1124 0.9354
vn 0.5876 0.1979 0.7846
vn 0.7824 0.2647 0.5637
vn 0.9050 0.3072 0.2943
vn 0.9441 0.3208 0.0762
vn 0.9441 0.3208 -0.0762
vn 0.9050 0.3072 -0.2943
vn 0.7824 0.2647 -0.5637
vn 0.5876 0.1979 -0.7846
vn 0.3354 0.1124 -0.9354
vn 0.0466 0.0155 -0.9988
vn -0.2516 -0.0845 -0.9641
vn -0.5278 -0.1782 -0.8304
vn -0.7511 -0.2553 -0.6088
vn -0.8960 -0.3060 -0.3217
vn -0.9431 -0.3227 -0.0798
vn -0.9431 -0.3227 0.0798
vn -0.8960 -0.3060 0.3217
vn -0.7511 -0.2553 0.6088
vn -0.5278 -0.1782 0.8304
vn -0.2516 -0.0845 0.9641
vn 0.0133 0.0440 0.9989
vn 0.0984 0.3284 0.9394
vn 0.1723 0.5824 0.7945
vn 0.2290 0.7845 0.5763
vn 0.2646 0.9155 0.3031
vn 0.2758 0.9580 0.0787
vn 0.2758 0.9580 -0.0787
vn 0.2646 0.9155 -0.3031
vn 0.2290 0.7845 -0.5763
vn 0.1723 0.5824 -0.7945
vn 0.0984 0.3284 -0.9394
vn 0.0133 0.0440 -0.9989
vn -0.0741 -0.2485 -0.9658
vn -0.1537 -0.5238 -0.8378
vn -0.2168 -0.7536 -0.6206
vn -0.2574 -0.9079 -0.3309
vn -0.2703 -0.9592 -0.0825
vn -0.2703 -0.9592 0.0825
vn -0.2574 -0.9079 0.3309
vn -0.2168 -0.7536 0.6206
vn -0.1537 -0.5238 0.8378
vn -0.0741 -0.2485 0.9658
vn -0.0038 0.0119 0.9999
vn -0.1015 0.3107 0.9451
vn -0.1879 0.5747 0.7965
vn -0.2550 0.7788 0.5732
vn -0.2973 0.9067 0.2992
vn -0.3108 0.9474 0.0762
vn -0.3108 0.9474 -0.0762
vn -0.2973 0.9067 -0.2992
vn -0.2550 0.7788 -0.5732
vn -0.1879 0.5747 -0.7965
vn -0.1015 0.3107 -0.9451
vn -0.0038 0.0119 -0.9999
vn 0.0951 -0.2892 -0.9525
vn 0.1849 -0.5592 -0.8081
vn 0.2559 -0.7701 -0.5843
vn 0.3013 -0.9031 -0.3059
vn 0.3160 -0.9456 -0.0770
vn 0.3160 -0.9456 0.0770
vn 0.3013 -0.9031 0.3059
vn 0.2559 -0.7701 0.5843
vn 0.1849 -0.5592 0.8081
vn 0.0951 -0.2892 0.9525
vn 0.0004 -0.0008 1.0000
vn -0.1299 0.2801 0.9511
vn -0.2473 0.5334 0.8089
vn -0.3403 0.7342 0.5875
vn -0.4000 0.8629 0.3088
vn -0.4192 0.9045 0.0783
vn -0.4192 0.9045 -0.0783
vn -0.4000 0.8629 -0.3088
vn -0.3403 0.7342 -0.5875
vn -0.2473 0.5334 -0.8089
vn -0.1299 0.2801 -0.9511
vn 0.0004 -0.0008 -1.0000
vn 0.1306 -0.2815 -0.9506
vn 0.2479 -0.5344 -0.8081
vn 0.3408 -0.7346 -0.5867
vn 0.4003 -0.8630 -0.3083
vn 0.4195 -0.9044 -0.0783
vn 0.4195 -0.9044 0.0783
vn 0.4003 -0.8630 0.3083
vn 0.3408 -0.7346 0.5867
vn 0.2479 -0.5344 0.8081
vn 0.1306 -0.2815 0.9506
vn -0.0000 -0.0000 1.0000
vn -0.1279 0.2818 0.9509
vn -0.2432 0.5357 0.8086
vn -0.3346 0.7370 0.5872
vn -0.3932 0.8661 0.3086
vn -0.4122 0.9077 0.0783
vn -0.4122 0.9077 -0.0783
vn -0.3932 0.8661 -0.3086
vn -0.3346 0.7370 -0.5872
vn -0.2432 0.5357 -0.8086
vn -0.1279 0.2818 -0.9509
vn -0.0000 -0.0000 -1.0000
vn 0.1278 -0.2817 -0.9509
vn 0.2431 -0.5357 -0.8086
vn 0.3344 -0.7371 -0.5873
vn 0.3930 -0.8662 -0.3086
vn 0.4119 -0.9079 -0.0783
vn 0.4119 -0.9079 0.0783
vn 0.3930 -0.8662 0.3086
vn 0.3344 -0.7371 0.5873
vn 0.2431 -0.5357 0.8086
vn 0.1278 -0.2817 0.9509
vn -0.0071 0.0097 0.9999
vn -0.1930 0.3076 0.9317
vn -0.3454 0.5481 0.7617
vn -0.4516 0.7161 0.5322
vn -0.5130 0.8140 0.2725
vn -0.5320 0.8440 0.0688
vn -0.5320 0.8440 -0.0688
vn -0.5130 0.8140 -0.2725
vn -0.4516 0.7161 -0.5322
vn -0.3454 0.5481 -0.7617
vn -0.1930 0.3076 -0.9317
vn -0.0071 0.0097 -0.9999
vn 0.1765 -0.2979 -0.9381
vn 0.3207 -0.5573 -0.7659
vn 0.4137 -0.7396 -0.5309
vn 0.4633 -0.8442 -0.2698
vn 0.4772 -0.8762 -0.0672
vn 0.4772 -0.8762 0.0672
vn 0.4633 -0.8442 0.2698
vn 0.4137 -0.7396 0.5309
vn 0.3207 -0.5573 0.7659
vn 0.1765 -0.2979 0.9381
vn -0.0686 -0.0116 0.9976
vn -0.2735 -0.0465 0.9607
vn -0.4884 -0.0826 0.8687
vn -0.7109 -0.1194 0.6931
vn -0.9041 -0.1512 0.3996
vn -0.9803 -0.1641 0.1100
vn -0.9803 -0.1641 -0.1100
vn -0.9041 -0.1512 -0.3996
vn -0.7109 -0.1194 -0.6931
vn -0.4884 -0.0826 -0.8687
vn -0.2735 -0.0465 -0.9607
vn -0.0686 -0.0116 -0.9976
vn 0.1330 0.0214 -0.9909
vn 0.3432 0.0532 -0.9377
vn 0.5812 0.0881 -0.8090
vn 0.8434 0.1268 -0.5221
vn 0.9791 0.1473 -0.1403
vn 0.9791 0.1473 0.1403
vn 0.8434 0.1268 0.5221
vn 0.5812 0.0881 0.8090
vn 0.3432 0.0532 0.9377
vn 0.1330 0.0214 0.9909
vn -0.0041 -0.0175 0.9998
vn -0.0711 -0.3605 0.9300
vn -0.1249 -0.6385 0.7594
vn -0.1605 -0.8326 0.5301
vn -0.1799 -0.9456 0.2713
vn -0.1857 -0.9802 0.0687
vn -0.1857 -0.9802 -0.0687
vn -0.1799 -0.9456 -0.2713
vn -0.1605 -0.8326 -0.5301
vn -0.1249 -0.6385 -0.7595
vn -0.0711 -0.3605 -0.9300
vn -0.0041 -0.0175 -0.9998
vn 0.0595 0.3343 -0.9406
vn 0.1039 0.6288 -0.7706
vn 0.1272 0.8345 -0.5361
vn 0.1369 0.9522 -0.2730
vn 0.1387 0.9880 -0.0679
vn 0.1387 0.9880 0.0679
vn 0.1369 0.9522 0.2730
vn 0.1272 0.8345 0.5361
vn 0.1039 0.6288 0.7706
vn 0.0595 0.3343 0.9406
vn 0.0001 -0.0035 1.0000
vn 0.0085 -0.3128 0.9498
vn 0.0161 -0.5909 0.8066
vn 0.0221 -0.8107 0.5851
vn 0.0259 -0.9513 0.3072
vn 0.0271 -0.9966 0.0781
vn 0.0271 -0.9966 -0.0781
vn 0.0259 -0.9513 -0.3072
vn 0.0221 -0.8107 -0.5851
vn 0.0161 -0.5909 -0.8066
vn 0.0085 -0.3128 -0.9498
vn 0.0001 -0.0035 -1.0000
vn -0.0084 0.3064 -0.9518
vn -0.0162 0.5863 -0.8099
vn -0.0224 0.8082 -0.5884
vn -0.0264 0.9506 -0.3093
vn -0.0277 0.9965 -0.0784
vn -0.0277 0.9965 0.0784
vn -0.0264 0.9506 0.3093
vn -0.0224 0.8082 0.5884
vn -0.0162 0.5863 0.8099
vn -0.0084 0.3064 0.9519
vt 0.000000 1.000000
vt 0.083333 1.000000
vt 0.083333 0.954545
vt 0.000000 0.954545
vt 0.000000 0.045455
vt 0.083333 0.045455
vt 0.083333 0.000000
vt 0.000000 0.000000
vt 0.000000 0.090909
vt 0.083333 0.090909
vt 0.000000 0.136364
vt 0.083333 0.136364
vt 0.000000 0.181818
vt 0.083333 0.181818
vt 0.000000 0.227273
vt 0.083333 0.227273
vt 0.000000 0.272727
vt 0.083333 0.272727
vt 0.000000 0.318182
vt 0.083333 0.318182
vt 0.000000 0.363636
vt 0.083333 0.363636
vt 0.000000 0.409091
vt 0.083333 0.409091
vt 0.000000 0.454545
vt 0.083333 0.454545
vt 0.000000 0.500000
vt 0.083333 0.500000
vt 0.000000 0.545455
vt 0.083333 0.545455
vt 0.000000 0.590909
vt 0.083333 0.590909
vt 0.000000 0.636364
vt 0.083333 0.636364
vt 0.000000 0.681818
vt 0.083333 0.681818
vt 0.000000 0.727273
vt 0.083333 0.727273
vt 0.000000 0.772727
vt 0.083333 0.772727
vt 0.000000 0.818182
vt 0.083333 0.818182
vt 0.000000 0.863636
vt 0.083333 0.863636
vt 0.000000 0.909091
vt 0.083333 0.909091
vt 0.166667 1.000000
vt 0.166667 0.954545
vt 0.166667 0.045455
vt 0.166667 0.000000
vt 0.166667 0.090909
vt 0.166667 0.136364
vt 0.166667 0.181818
vt 0.166667 0.227273
vt 0.166667 0.272727
vt 0.166667 0.318182
vt 0.166667 0.363636
vt 0.166667 0.409091
vt 0.166667 0.454545
vt 0.166667 0.500000
vt 0.166667 0.545455
vt 0.166667 0.590909
vt 0.166667 0.636364
vt 0.166667 0.681818
vt 0.166667 0.727273
vt 0.166667 0.772727
vt 0.166667 0.818182
vt 0.166667 0.863636
vt 0.166667 0.909091
vt 0.250000 1.000000
vt 0.250000 0.954545
vt 0.250000 0.045455
vt 0.250000 0.000000
vt 0.250000 0.090909
vt 0.250000 0.136364
vt 0.250000 0.181818
vt 0.250000 0.227273
vt 0.250000 0.272727
vt 0.250000 0.318182
vt 0.250000 0.363636
vt 0.250000 0.409091
vt 0.250000 0.454545
vt 0.250000 0.500000
vt 0.250000 0.545455
vt 0.250000 0.590909
vt 0.250000 0.636364
vt 0.250000 0.681818
vt 0.250000 0.727273
vt 0.250000 0.772727
vt 0.250000 0.818182
vt 0.250000 0.863636
vt 0.250000 0.909091
vt 0.333333 1.000000
vt 0.333333 0.954545
vt 0.333333 0.045455
vt 0.333333 0.000000
vt 0.333333 0.090909
vt 0.333333 0.136364
vt 0.333333 0.181818
vt 0.333333 0.227273
vt 0.333333 0.272727
vt 0.333333 0.318182
vt 0.333333 0.363636
vt 0.333333 0.409091
vt 0.333333 0.454545
vt 0.333333 0.500000
vt 0.333333 0.545455
vt 0.333333 0.590909
vt 0.333333 0.636364
vt 0.333333 0.681818
vt 0.333333 0.727273
vt 0.333333 0.772727
vt 0.333333 0.818182
vt 0.333333 0.863636
vt 0.333333 0.909091
vt 0.416667 1.000000
vt 0.416667 0.954545
vt 0.416667 0.045455
vt 0.416667 0.000000
vt 0.416667 0.090909
vt 0.416667 0.136364
vt 0.416667 0.181818
vt 0.416667 0.227273
vt 0.416667 0.272727
vt 0.416667 0.318182
vt 0.416667 0.363636
vt 0.416667 0.409091
vt 0.416667 0.454545
vt 0.416667 0.500000
vt 0.416667 0.545455
vt 0.416667 0.590909
vt 0.416667 0.636364
vt 0.416667 0.681818
vt 0.416667 0.727273
vt 0.416667 0.772727
vt 0.416667 0.818182
vt 0.416667 0.863636
vt 0.416667 0.909091
vt 0.500000 1.000000
vt 0.500000 0.954545
vt 0.500000 0.045455
vt 0.500000 0.000000
vt 0.500000 0.090909
vt 0.500000 0.136364
vt 0.500000 0.181818
vt 0.500000 0.227273
vt 0.500000 0.272727
vt 0.500000 0.318182
vt 0.500000 0.363636
vt 0.500000 0.409091
vt 0.500000 0.454545
vt 0.500000 0.500000
vt 0.500000 0.545455
vt 0.500000 0.590909
vt 0.500000 0.636364
vt 0.500000 0.681818
vt 0.500000 0.727273
vt 0.500000 0.772727
vt 0.500000 0.818182
vt 0.500000 0.863636
vt 0.500000 0.909091
vt 0.583333 1.000000
vt 0.583333 0.954545
vt 0.583333 0.045455
vt 0.583333 0.000000
vt 0.583333 0.090909
vt 0.583333 0.136364
vt 0.583333 0.181818
vt 0.583333 0.227273
vt 0.583333 0.272727
vt 0.583333 0.318182
vt 0.583333 0.363636
vt 0.583333 0.409091
vt 0.583333 0.454545
vt 0.583333 0.500000
vt 0.583333 0.545455
vt 0.583333 0.590909
vt 0.583333 0.636364
vt 0.583333 0.681818
vt 0.583333 0.727273
vt 0.583333 0.772727
vt 0.583333 0.818182
vt 0.583333 0.863636
vt 0.583333 0.909091
vt 0.666667 1.000000
vt 0.666667 0.954545
vt 0.666667 0.045455
vt 0.666667 0.000000
vt 0.666667 0.090909
vt 0.666667 0.136364
vt 0.666667 0.181818
vt 0.666667 0.227273
vt 0.666667 0.272727
vt 0.666667 0.318182
vt 0.666667 0.363636
vt 0.666667 0.409091
vt 0.666667 0.454545
vt 0.666667 0.500000
vt 0.666667 0.545455
vt 0.666667 0.590909
vt 0.666667 0.636364
vt 0.666667 0.681818
vt 0.666667 0.727273
vt 0.666667 0.772727
vt 0.666667 0.818182
vt 0.666667 0.863636
vt 0.666667 0.909091
vt 0.750000 1.000000
vt 0.750000 0.954545
vt 0.750000 0.045455
vt 0.750000 0.000000
vt 0.750000 0.090909
vt 0.750000 0.136364
vt 0.750000 0.181818
vt 0.750000 0.227273
vt 0.750000 0.272727
vt 0.750000 0.318182
vt 0.750000 0.363636
vt 0.750000 0.409091
vt 0.750000 0.454545
vt 0.750000 0.500000
vt 0.750000 0.545455
vt 0.750000 0.590909
vt 0.750000 0.636364
vt 0.750000 0.681818
vt 0.750000 0.727273
vt 0.750000 0.772727
vt 0.750000 0.818182
vt 0.750000 0.863636
vt 0.750000 0.909091
vt 0.833333 1.000000
vt 0.833333 0.954545
vt 0.833333 0.045455
vt 0.833333 0.000000
vt 0.833333 0.090909
vt 0.833333 0.136364
vt 0.833333 0.181818
vt 0.833333 0.227273
vt 0.833333 0.272727
vt 0.833333 0.318182
vt 0.833333 0.363636
vt 0.833333 0.409091
vt 0.833333 0.454545
vt 0.833333 0.500000
vt 0.833333 0.545455
vt 0.833333 0.590909
vt 0.833333 0.636364
vt 0.833333 0.681818
vt 0.833333 0.727273
vt 0.833333 0.772727
vt 0.833333 0.818182
vt 0.833333 0.863636
vt 0.833333 0.909091
vt 0.916667 1.000000
vt 0.916667 0.954545
vt 0.916667 0.045455
vt 0.916667 0.000000
vt 0.916667 0.090909
vt 0.916667 0.136364
vt 0.916667 0.181818
vt 0.916667 0.227273
vt 0.916667 0.272727
vt 0.916667 0.318182
vt 0.916667 0.363636
vt 0.916667 0.409091
vt 0.916667 0.454545
vt 0.916667 0.500000
vt 0.916667 0.545455
vt 0.916667 0.590909
vt 0.916667 0.636364
vt 0.916667 0.681818
vt 0.916667 0.727273
vt 0.916667 0.772727
vt 0.916667 0.818182
vt 0.916667 0.863636
vt 0.916667 0.909091
vt 1.000000 1.000000
vt 1.000000 0.954545
vt 1.000000 0.045455
vt 1.000000 0.000000
vt 1.000000 0.090909
vt 1.000000 0.136364
vt 1.000000 0.181818
vt 1.000000 0.227273
vt 1.000000 0.272727
vt 1.000000 0.318182
vt 1.000000 0.363636
vt 1.000000 0.409091
vt 1.000000 0.454545
vt 1.000000 0.500000
vt 1.000000 0.545455
vt 1.000000 0.590909
vt 1.000000 0.636364
vt 1.000000 0.681818
vt 1.000000 0.727273
vt 1.000000 0.772727
vt 1.000000 0.818182
vt 1.000000 0.863636
vt 1.000000 0.909091
s 1
usemtl Material
f 1961/2170/1887 1983/2171/1909 2004/2172/1930 1982/2173/1908
f 1962/2174/1888 1984/2175/1910 1983/2176/1909 1961/2177/1887
f 1963/2178/1889 1985/2179/1911 1984/2175/1910 1962/2174/1888
f 1964/2180/1890 1986/2181/1912 1985/2179/1911 1963/2178/1889
f 1965/2182/1891 1987/2183/1913 1986/2181/1912 1964/2180/1890
f 1966/2184/1892 1988/2185/1914 1987/2183/1913 1965/2182/1891
f 1967/2186/1893 1989/2187/1915 1988/2185/1914 1966/2184/1892
f 1968/2188/1894 1990/2189/1916 1989/2187/1915 1967/2186/1893
f 1969/2190/1895 1991/2191/1917 1990/2189/1916 1968/2188/1894
f 1970/2192/1896 1992/2193/1918 1991/2191/1917 1969/2190/1895
f 1971/2194/1897 1993/2195/1919 1992/2193/1918 1970/2192/1896
f 1972/2196/1898 1994/2197/1920 1993/2195/1919 1971/2194/1897
f 1973/2198/1899 1995/2199/1921 1994/2197/1920 1972/2196/1898
f 1974/2200/1900 1996/2201/1922 1995/2199/1921 1973/2198/1899
f 1975/2202/1901 1997/2203/1923 1996/2201/1922 1974/2200/1900
f 1976/2204/1902 1998/2205/1924 1997/2203/1923 1975/2202/1901
f 1977/2206/1903 1999/2207/1925 1998/2205/1924 1976/2204/1902
f 1978/2208/1904 2000/2209/1926 1999/2207/1925 1977/2206/1903
f 1979/2210/1905 2001/2211/1927 2000/2209/1926 1978/2208/1904
f 1980/2212/1906 2002/2213/1928 2001/2211/1927 1979/2210/1905
f 1981/2214/1907 2003/2215/1929 2002/2213/1928 1980/2212/1906
f 1982/2173/1908 2004/2172/1930 2003/2215/1929 1981/2214/1907
f 1983/2171/1909 2005/2216/1931 2026/2217/1952 2004/2172/1930
f 1984/2175/1910 2006/2218/1932 2005/2219/1931 1983/2176/1909
f 1985/2179/1911 2007/2220/1933 2006/2218/1932 1984/2175/1910
f 1986/2181/1912 2008/2221/1934 2007/2220/1933 1985/2179/1911
f 1987/2183/1913 2009/2222/1935 2008/2221/1934 1986/2181/1912
f 1988/2185/1914 2010/2223/1936 2009/2222/1935 1987/2183/1913
f 1989/2187/1915 2011/2224/1937 2010/2223/1936 1988/2185/1914
f 1990/2189/1916 2012/2225/1938 2011/2224/1937 1989/2187/1915
f 1991/2191/1917 2013/2226/1939 2012/2225/1938 1990/2189/1916
f 1992/2193/1918 2014/2227/1940 2013/2226/1939 1991/2191/1917
f 1993/2195/1919 2015/2228/1941 2014/2227/1940 1992/2193/1918
f 1994/2197/1920 2016/2229/1942 2015/2228/1941 1993/2195/1919
f 1995/2199/1921 2017/2230/1943 2016/2229/1942 1994/2197/1920
f 1996/2201/1922 2018/2231/1944 2017/2230/1943 1995/2199/1921
f 1997/2203/1923 2019/2232/1945 2018/2231/1944 1996/2201/1922
f 1998/2205/1924 2020/2233/1946 2019/2232/1945 1997/2203/1923
f 1999/2207/1925 2021/2234/1947 2020/2233/1946 1998/2205/1924
f 2000/2209/1926 2022/2235/1948 2021/2234/1947 1999/2207/1925
f 2001/2211/1927 2023/2236/1949 2022/2235/1948 2000/2209/1926
f 2002/2213/1928 2024/2237/1950 2023/2236/1949 2001/2211/1927
f 2003/2215/1929 2025/2238/1951 2024/2237/1950 2002/2213/1928
f 2004/2172/1930 2026/2217/1952 2025/2238/1951 2003/2215/1929
f 2005/2216/1931 2027/2239/1953 2048/2240/1974 2026/2217/1952
f 2006/2218/1932 2028/2241/1954 2027/2242/1953 2005/2219/1931
f 2007/2220/1933 2029/2243/1955 2028/2241/1954 2006/2218/1932
f 2008/2221/1934 2030/2244/1956 2029/2243/1955 2007/2220/1933
f 2009/2222/1935 2031/2245/1957 2030/2244/1956 2008/2221/1934
f 2010/2223/1936 2032/2246/1958 2031/2245/1957 2009/2222/1935
f 2011/2224/1937 2033/2247/1959 2032/2246/1958 2010/2223/1936
f 2012/2225/1938 2034/2248/1960 2033/2247/1959 2011/2224/1937
f 2013/2226/1939 2035/2249/1961 2034/2248/1960 2012/2225/1938
f 2014/2227/1940 2036/2250/1962 2035/2249/1961 2013/2226/1939
f 2015/2228/1941 2037/2251/1963 2036/2250/1962 2014/2227/1940
f 2016/2229/1942 2038/2252/1964 2037/2251/1963 2015/2228/1941
f 2017/2230/1943 2039/2253/1965 2038/2252/1964 2016/2229/1942
f 2018/2231/1944 2040/2254/1966 2039/2253/1965 2017/2230/1943
f 2019/2232/1945 2041/2255/1967 2040/2254/1966 2018/2231/1944
f 2020/2233/1946 2042/2256/1968 2041/2255/1967 2019/2232/1945
f 2021/2234/1947 2043/2257/1969 2042/2256/1968 2020/2233/1946
f 2022/2235/1948 2044/2258/1970 2043/2257/1969 2021/2234/1947
f 2023/2236/1949 2045/2259/1971 2044/2258/1970 2022/2235/1948
f 2024/2237/1950 2046/2260/1972 2045/2259/1971 2023/2236/1949
f 2025/2238/1951 2047/2261/1973 2046/2260/1972 2024/2237/1950
f 2026/2217/1952 2048/2240/1974 2047/2261/1973 2025/2238/1951
f 2027/2239/1953 2049/2262/1975 2070/2263/1996 2048/2240/1974
f 2028/2241/1954 2050/2264/1976 2049/2265/1975 2027/2242/1953
f 2029/2243/1955 2051/2266/1977 2050/2264/1976 2028/2241/1954
f 2030/2244/1956 2052/2267/1978 2051/2266/1977 2029/2243/1955
f 2031/2245/1957 2053/2268/1979 2052/2267/1978 2030/2244/1956
f 2032/2246/1958 2054/2269/1980 2053/2268/1979 2031/2245/1957
f 2033/2247/1959 2055/2270/1981 2054/2269/1980 2032/2246/1958
f 2034/2248/1960 2056/2271/1982 2055/2270/1981 2033/2247/1959
f 2035/2249/1961 2057/2272/1983 2056/2271/1982 2034/2248/1960
f 2036/2250/1962 2058/2273/1984 2057/2272/1983 2035/2249/1961
f 2037/2251/1963 2059/2274/1985 2058/2273/1984 2036/2250/1962
f 2038/2252/1964 2060/2275/1986 2059/2274/1985 2037/2251/1963
f 2039/2253/1965 2061/2276/1987 2060/2275/1986 2038/2252/1964
f 2040/2254/1966 2062/2277/1988 2061/2276/1987 2039/2253/1965
f 2041/2255/1967 2063/2278/1989 2062/2277/1988 2040/2254/1966
f 2042/2256/1968 2064/2279/1990 2063/2278/1989 2041/2255/1967
f 2043/2257/1969 2065/2280/1991 2064/2279/1990 2042/2256/1968
f 2044/2258/1970 2066/2281/1992 2065/2280/1991 2043/2257/1969
f 2045/2259/1971 2067/2282/1993 2066/2281/1992 2044/2258/1970
f 2046/2260/1972 2068/2283/1994 2067/2282/1993 2045/2259/1971
f 2047/2261/1973 2069/2284/1995 2068/2283/1994 2046/2260/1972
f 2048/2240/1974 2070/2263/1996 2069/2284/1995 2047/2261/1973
f 2049/2262/1975 2071/2285/1997 2092/2286/2018 2070/2263/1996
f 2050/2264/1976 2072/2287/1998 2071/2288/1997 2049/2265/1975
f 2051/2266/1977 2073/2289/1999 2072/2287/1998 2050/2264/1976
f 2052/2267/1978 2074/2290/2000 2073/2289/1999 2051/2266/1977
f 2053/2268/1979 2075/2291/2001 2074/2290/2000 2052/2267/1978
f 2054/2269/1980 2076/2292/2002 2075/2291/2001 2053/2268/1979
f 2055/2270/1981 2077/2293/2003 2076/2292/2002 2054/2269/1980
f 2056/2271/1982 2078/2294/2004 2077/2293/2003 2055/2270/1981
f 2057/2272/1983 2079/2295/2005 2078/2294/2004 2056/2271/1982
f 2058/2273/1984 2080/2296/2006 2079/2295/2005 2057/2272/1983
f 2059/2274/1985 2081/2297/2007 2080/2296/2006 2058/2273/1984
f 2060/2275/1986 2082/2298/2008 2081/2297/2007 2059/2274/1985
f 2061/2276/1987 2083/2299/2009 2082/2298/2008 2060/2275/1986
f 2062/2277/1988 2084/2300/2010 2083/2299/2009 2061/2276/1987
f 2063/2278/1989 2085/2301/2011 2084/2300/2010 2062/2277/1988
f 2064/2279/1990 2086/2302/2012 2085/2301/2011 2063/2278/1989
f 2065/2280/1991 2087/2303/2013 2086/2302/2012 2064/2279/1990
f 2066/2281/1992 2088/2304/2014 2087/2303/2013 2065/2280/1991
f 2067/2282/1993 2089/2305/2015 2088/2304/2014 2066/2281/1992
f 2068/2283/1994 2090/2306/2016 2089/2305/2015 2067/2282/1993
f 2069/2284/1995 2091/2307/2017 2090/2306/2016 2068/2283/1994
f 2070/2263/1996 2092/2286/2018 2091/2307/2017 2069/2284/1995
f 2071/2285/1997 2093/2308/2019 2114/2309/2040 2092/2286/2018
f 2072/2287/1998 2094/2310/2020 2093/2311/2019 2071/2288/1997
f 2073/2289/1999 2095/2312/2021 2094/2310/2020 2072/2287/1998
f 2074/2290/2000 2096/2313/2022 2095/2312/2021 2073/2289/1999
f 2075/2291/2001 2097/2314/2023 2096/2313/2022 2074/2290/2000
f 2076/2292/2002 2098/2315/2024 2097/2314/2023 2075/2291/2001
f 2077/2293/2003 2099/2316/2025 2098/2315/2024 2076/2292/2002
f 2078/2294/2004 2100/2317/2026 2099/2316/2025 2077/2293/2003
f 2079/2295/2005 2101/2318/2027 2100/2317/2026 2078/2294/2004
f 2080/2296/2006 2102/2319/2028 2101/2318/2027 2079/2295/2005
f 2081/2297/2007 2103/2320/2029 2102/2319/2028 2080/2296/2006
f 2082/2298/2008 2104/2321/2030 2103/2320/2029 2081/2297/2007
f 2083/2299/2009 2105/2322/2031 2104/2321/2030 2082/2298/2008
f 2084/2300/2010 2106/2323/2032 2105/2322/2031 2083/2299/2009
f 2085/2301/2011 2107/2324/2033 2106/2323/2032 2084/2300/2010
f 2086/2302/2012 2108/2325/2034 2107/2324/2033 2085/2301/2011
f 2087/2303/2013 2109/2326/2035 2108/2325/2034 2086/2302/2012
f 2088/2304/2014 2110/2327/2036 2109/2326/2035 2087/2303/2013
f 2089/2305/2015 2111/2328/2037 2110/2327/2036 2088/2304/2014
f 2090/2306/2016 2112/2329/2038 2111/2328/2037 2089/2305/2015
f 2091/2307/2017 2113/2330/2039 2112/2329/2038 2090/2306/2016
f 2092/2286/2018 2114/2309/2040 2113/2330/2039 2091/2307/2017
f 2093/2308/2019 2115/2331/2041 2136/2332/2062 2114/2309/2040
f 2094/2310/2020 2116/2333/2042 2115/2334/2041 2093/2311/2019
f 2095/2312/2021 2117/2335/2043 2116/2333/2042 2094/2310/2020
f 2096/2313/2022 2118/2336/2044 2117/2335/2043 2095/2312/2021
f 2097/2314/2023 2119/2337/2045 2118/2336/2044 2096/2313/2022
f 2098/2315/2024 2120/2338/2046 2119/2337/2045 2097/2314/2023
f 2099/2316/2025 2121/2339/2047 2120/2338/2046 2098/2315/2024
f 2100/2317/2026 2122/2340/2048 2121/2339/2047 2099/2316/2025
f 2101/2318/2027 2123/2341/2049 2122/2340/2048 2100/2317/2026
f 2102/2319/2028 2124/2342/2050 2123/2341/2049 2101/2318/2027
f 2103/2320/2029 2125/2343/2051 2124/2342/2050 2102/2319/2028
f 2104/2321/2030 2126/2344/2052 2125/2343/2051 2103/2320/2029
f 2105/2322/2031 2127/2345/2053 2126/2344/2052 2104/2321/2030
f 2106/2323/2032 2128/2346/2054 2127/2345/2053 2105/2322/2031
f 2107/2324/2033 2129/2347/2055 2128/2346/2054 2106/2323/2032
f 2108/2325/2034 2130/2348/2056 2129/2347/2055 2107/2324/2033
f 2109/2326/2035 2131/2349/2057 2130/2348/2056 2108/2325/2034
f 2110/2327/2036 2132/2350/2058 2131/2349/2057 2109/2326/2035
f 2111/2328/2037 2133/2351/2059 2132/2350/2058 2110/2327/2036
f 2112/2329/2038 2134/2352/2060 2133/2351/2059 2111/2328/2037
f 2113/2330/2039 2135/2353/2061 2134/2352/2060 2112/2329/2038
f 2114/2309/2040 2136/2332/2062 2135/2353/2061 2113/2330/2039
f 2115/2331/2041 2137/2354/2063 2158/2355/2084 2136/2332/2062
f 2116/2333/2042 2138/2356/2064 2137/2357/2063 2115/2334/2041
f 2117/2335/2043 2139/2358/2065 2138/2356/2064 2116/2333/2042
f 2118/2336/2044 2140/2359/2066 2139/2358/2065 2117/2335/2043
f 2119/2337/2045 2141/2360/2067 2140/2359/2066 2118/2336/2044
f 2120/2338/2046 2142/2361/2068 2141/2360/2067 2119/2337/2045
f 2121/2339/2047 2143/2362/2069 2142/2361/2068 2120/2338/2046
f 2122/2340/2048 2144/2363/2070 2143/2362/2069 2121/2339/2047
f 2123/2341/2049 2145/2364/2071 2144/2363/2070 2122/2340/2048
f 2124/2342/2050 2146/2365/2072 2145/2364/2071 2123/2341/2049
f 2125/2343/2051 2147/2366/2073 2146/2365/2072 2124/2342/2050
f 2126/2344/2052 2148/2367/2074 2147/2366/2073 2125/2343/2051
f 2127/2345/2053 2149/2368/2075 2148/2367/2074 2126/2344/2052
f 2128/2346/2054 2150/2369/2076 2149/2368/2075 2127/2345/2053
f 2129/2347/2055 2151/2370/2077 2150/2369/2076 2128/2346/2054
f 2130/2348/2056 2152/2371/2078 2151/2370/2077 2129/2347/2055
f 2131/2349/2057 2153/2372/2079 2152/2371/2078 2130/2348/2056
f 2132/2350/2058 2154/2373/2080 2153/2372/2079 2131/2349/2057
f 2133/2351/2059 2155/2374/2081 2154/2373/2080 2132/2350/2058
f 2134/2352/2060 2156/2375/2082 2155/2374/2081 2133/2351/2059
f 2135/2353/2061 2157/2376/2083 2156/2375/2082 2134/2352/2060
f 2136/2332/2062 2158/2355/2084 2157/2376/2083 2135/2353/2061
f 2137/2354/2063 2159/2377/2085 2180/2378/2106 2158/2355/2084
f 2138/2356/2064 2160/2379/2086 2159/2380/2085 2137/2357/2063
f 2139/2358/2065 2161/2381/2087 2160/2379/2086 2138/2356/2064
f 2140/2359/2066 2162/2382/2088 2161/2381/2087 2139/2358/2065
f 2141/2360/2067 2163/2383/2089 2162/2382/2088 2140/2359/2066
f 2142/2361/2068 2164/2384/2090 2163/2383/2089 2141/2360/2067
f 2143/2362/2069 2165/2385/2091 2164/2384/2090 2142/2361/2068
f 2144/2363/2070 2166/2386/2092 2165/2385/2091 2143/2362/2069
f 2145/2364/2071 2167/2387/2093 2166/2386/2092 2144/2363/2070
f 2146/2365/2072 2168/2388/2094 2167/2387/2093 2145/2364/2071
f 2147/2366/2073 2169/2389/2095 2168/2388/2094 2146/2365/2072
f 2148/2367/2074 2170/2390/2096 2169/2389/2095 2147/2366/2073
f 2149/2368/2075 2171/2391/2097 2170/2390/2096 2148/2367/2074
f 2150/2369/2076 2172/2392/2098 2171/2391/2097 2149/2368/2075
f 2151/2370/2077 2173/2393/2099 2172/2392/2098 2150/2369/2076
f 2152/2371/2078 2174/2394/2100 2173/2393/2099 2151/2370/2077
f 2153/2372/2079 2175/2395/2101 2174/2394/2100 2152/2371/2078
f 2154/2373/2080 2176/2396/2102 2175/2395/2101 2153/2372/2079
f 2155/2374/2081 2177/2397/2103 2176/2396/2102 2154/2373/2080
f 2156/2375/2082 2178/2398/2104 2177/2397/2103 2155/2374/2081
f 2157/2376/2083 2179/2399/2105 2178/2398/2104 2156/2375/2082
f 2158/2355/2084 2180/2378/2106 2179/2399/2105 2157/2376/2083
f 2159/2377/2085 2181/2400/2107 2202/2401/2128 2180/2378/2106
f 2160/2379/2086 2182/2402/2108 2181/2403/2107 2159/2380/2085
f 2161/2381/2087 2183/2404/2109 2182/2402/2108 2160/2379/2086
f 2162/2382/2088 2184/2405/2110 2183/2404/2109 2161/2381/2087
f 2163/2383/2089 2185/2406/2111 2184/2405/2110 2162/2382/2088
f 2164/2384/2090 2186/2407/2112 2185/2406/2111 2163/2383/2089
f 2165/2385/2091 2187/2408/2113 2186/2407/2112 2164/2384/2090
f 2166/2386/2092 2188/2409/2114 2187/2408/2113 2165/2385/2091
f 2167/2387/2093 2189/2410/2115 2188/2409/2114 2166/2386/2092
f 2168/2388/2094 2190/2411/2116 2189/2410/2115 2167/2387/2093
f 2169/2389/2095 2191/2412/2117 2190/2411/2116 2168/2388/2094
f 2170/2390/2096 2192/2413/2118 2191/2412/2117 2169/2389/2095
f 2171/2391/2097 2193/2414/2119 2192/2413/2118 2170/2390/2096
f 2172/2392/2098 2194/2415/2120 2193/2414/2119 2171/2391/2097
f 2173/2393/2099 2195/2416/2121 2194/2415/2120 2172/2392/2098
f 2174/2394/2100 2196/2417/2122 2195/2416/2121 2173/2393/2099
f 2175/2395/2101 2197/2418/2123 2196/2417/2122 2174/2394/2100
f 2176/2396/2102 2198/2419/2124 2197/2418/2123 2175/2395/2101
f 2177/2397/2103 2199/2420/2125 2198/2419/2124 2176/2396/2102
f 2178/2398/2104 2200/2421/2126 2199/2420/2125 2177/2397/2103
f 2179/2399/2105 2201/2422/2127 2200/2421/2126 2178/2398/2104
f 2180/2378/2106 2202/2401/2128 2201/2422/2127 2179/2399/2105
f 2181/2400/2107 2203/2423/2129 2224/2424/2150 2202/2401/2128
f 2182/2402/2108 2204/2425/2130 2203/2426/2129 2181/2403/2107
f 2183/2404/2109 2205/2427/2131 2204/2425/2130 2182/2402/2108
f 2184/2405/2110 2206/2428/2132 2205/2427/2131 2183/2404/2109
f 2185/2406/2111 2207/2429/2133 2206/2428/2132 2184/2405/2110
f 2186/2407/2112 2208/2430/2134 2207/2429/2133 2185/2406/2111
f 2187/2408/2113 2209/2431/2135 2208/2430/2134 2186/2407/2112
f 2188/2409/2114 2210/2432/2136 2209/2431/2135 2187/2408/2113
f 2189/2410/2115 2211/2433/2137 2210/2432/2136 2188/2409/2114
f 2190/2411/2116 2212/2434/2138 2211/2433/2137 2189/2410/2115
f 2191/2412/2117 2213/2435/2139 2212/2434/2138 2190/2411/2116
f 2192/2413/2118 2214/2436/2140 2213/2435/2139 2191/2412/2117
f 2193/2414/2119 2215/2437/2141 2214/2436/2140 2192/2413/2118
f 2194/2415/2120 2216/2438/2142 2215/2437/2141 2193/2414/2119
f 2195/2416/2121 2217/2439/2143 2216/2438/2142 2194/2415/2120
f 2196/2417/2122 2218/2440/2144 2217/2439/2143 2195/2416/2121
f 2197/2418/2123 2219/2441/2145 2218/2440/2144 2196/2417/2122
f 2198/2419/2124 2220/2442/2146 2219/2441/2145 2197/2418/2123
f 2199/2420/2125 2221/2443/2147 2220/2442/2146 2198/2419/2124
f 2200/2421/2126 2222/2444/2148 2221/2443/2147 2199/2420/2125
f 2201/2422/2127 2223/2445/2149 2222/2444/2148 2200/2421/2126
f 2202/2401/2128 2224/2424/2150 2223/2445/2149 2201/2422/2127
f 2203/2423/2129 1961/2446/1887 1982/2447/1908 2224/2424/2150
f 2204/2425/2130 1962/2448/1888 1961/2449/1887 2203/2426/2129
f 2205/2427/2131 1963/2450/1889 1962/2448/1888 2204/2425/2130
f 2206/2428/2132 1964/2451/1890 1963/2450/1889 2205/2427/2131
f 2207/2429/2133 1965/2452/1891 1964/2451/1890 2206/2428/2132
f 2208/2430/2134 1966/2453/1892 1965/2452/1891 2207/2429/2133
f 2209/2431/2135 1967/2454/1893 1966/2453/1892 2208/2430/2134
f 2210/2432/2136 1968/2455/1894 1967/2454/1893 2209/2431/2135
f 2211/2433/2137 1969/2456/1895 1968/2455/1894 2210/2432/2136
f 2212/2434/2138 1970/2457/1896 1969/2456/1895 2211/2433/2137
f 2213/2435/2139 1971/2458/1897 1970/2457/1896 2212/2434/2138
f 2214/2436/2140 1972/2459/1898 1971/2458/1897 2213/2435/2139
f 2215/2437/2141 1973/2460/1899 1972/2459/1898 2214/2436/2140
f 2216/2438/2142 1974/2461/1900 1973/2460/1899 2215/2437/2141
f 2217/2439/2143 1975/2462/1901 1974/2461/1900 2216/2438/2142
f 2218/2440/2144 1976/2463/1902 1975/2462/1901 2217/2439/2143
f 2219/2441/2145 1977/2464/1903 1976/2463/1902 2218/2440/2144
f 2220/2442/2146 1978/2465/1904 1977/2464/1903 2219/2441/2145
f 2221/2443/2147 1979/2466/1905 1978/2465/1904 2220/2442/2146
f 2222/2444/2148 1980/2467/1906 1979/2466/1905 2221/2443/2147
f 2223/2445/2149 1981/2468/1907 1980/2467/1906 2222/2444/2148
f 2224/2424/2150 1982/2447/1908 1981/2468/1907 2223/2445/2149
