# Blender 4.3.2
# www.blender.org
mtllib snowman.mtl
o Сфера
v 0.316528 0.829225 -0.508323
v 0.413253 0.630539 -0.660055
v 0.499487 0.382683 -0.777217
v 0.540641 0.000000 -0.841254
v 0.499487 -0.382683 -0.777217
v 0.382291 -0.707107 -0.594856
v 0.206894 -0.923880 -0.321934
v 0.539169 0.829225 -0.251381
v 0.702766 0.630539 -0.325938
v 0.840390 0.382683 -0.383794
v 0.909632 0.000000 -0.415415
v 0.840390 -0.382683 -0.383794
v 0.643207 -0.707107 -0.293743
v 0.348101 -0.923880 -0.158972
v 0.587554 0.829225 0.085141
v 0.887500 0.475981 0.128165
v 0.503167 1.893990 -0.239774
v 0.914476 -0.382683 0.131482
v 0.699909 -0.707107 0.100632
v 0.378788 -0.923880 0.054461
v 0.446320 0.829225 0.394399
v 0.582029 0.630539 0.513809
v 0.698222 0.382683 0.605012
v 0.755750 0.000000 0.654861
v 0.698222 -0.382683 0.605012
v 0.534396 -0.707107 0.463056
v 0.289213 -0.923880 0.250604
v 0.160309 0.829225 0.578208
v 0.210112 0.630539 0.752826
v 0.260287 0.382683 0.886456
v 0.281733 0.000000 0.959493
v 0.260287 -0.382683 0.886456
v 0.199215 -0.707107 0.678464
v 0.107814 -0.923880 0.367182
v -0.179673 0.829225 0.578208
v -0.231988 0.630539 0.752826
v -0.260287 0.382683 0.886456
v -0.281732 0.000000 0.959493
v -0.260287 -0.382683 0.886456
v -0.199215 -0.707107 0.678464
v -0.107814 -0.923880 0.367182
v -0.465685 0.829225 0.394400
v -0.603905 0.630539 0.513809
v -0.698221 0.382683 0.605013
v -0.755749 0.000000 0.654861
v -0.698221 -0.382683 0.605013
v -0.534395 -0.707107 0.463057
v -0.289213 -0.923880 0.250604
v -0.606919 0.829225 0.085141
v -0.787560 0.630539 0.111662
v -0.914476 0.382683 0.131482
v -0.989821 0.000000 0.142315
v -0.914476 -0.382683 0.131482
v -0.699909 -0.707107 0.100632
v -0.378788 -0.923880 0.054462
v -0.558534 0.829225 -0.251381
v -0.724643 0.630539 -0.325938
v -0.840390 0.382683 -0.383793
v -0.909632 0.000000 -0.415415
v -0.840390 -0.382683 -0.383793
v -0.643207 -0.707107 -0.293743
v -0.348101 -0.923880 -0.158972
v -0.335893 0.829225 -0.508323
v -0.435130 0.630539 -0.660054
v -0.499487 0.382683 -0.777216
v -0.540641 0.000000 -0.841253
v -0.499487 -0.382683 -0.777216
v -0.382291 -0.707107 -0.594856
v -0.206894 -0.923880 -0.321934
v -0.009683 0.829225 -0.604107
v -0.010939 0.630539 -0.784608
v -0.000000 0.382683 -0.923879
v -0.000000 0.000000 -1.000000
v -0.000000 -0.382683 -0.923879
v -0.000000 -0.707107 -0.707107
v -0.000000 -0.923880 -0.382683
v -0.276504 2.019760 -0.401280
v -0.356276 1.813572 -0.525792
v -0.384288 1.553136 -0.569369
v -0.356276 1.292701 -0.525792
v -0.276504 1.071914 -0.401695
v -0.274824 0.942475 -0.396398
v -0.454048 2.029181 -0.196554
v -0.016936 2.009546 -0.483292
v -0.016871 1.806413 -0.630523
v -0.016772 1.545725 -0.681041
v -0.016655 1.285549 -0.627953
v -0.016537 1.065493 -0.479340
v -0.017600 0.942475 -0.471957
v -0.492607 2.041520 0.071558
v 0.243246 2.013540 -0.407051
v 0.323073 1.807047 -0.530774
v 0.351181 1.546411 -0.573074
v 0.323289 1.286182 -0.528204
v 0.243645 1.065978 -0.402995
v 0.239642 0.942475 -0.396455
v -0.379939 2.052858 0.317934
v 0.420849 2.024043 -0.202429
v 0.570862 1.816336 -0.260853
v 0.602350 1.547945 -0.283318
v 0.555339 1.287599 -0.260504
v 0.421248 1.067062 -0.198107
v 0.415227 0.942475 -0.193864
v -0.151816 2.059596 0.464349
v 0.459486 2.037719 0.065607
v 0.605605 1.810215 0.087583
v 0.656991 1.549841 0.096231
v 0.605821 1.289351 0.090153
v 0.459885 1.068403 0.070274
v 0.453410 0.942475 0.071496
v 0.118809 2.057598 0.458410
v 0.346890 2.050228 0.311958
v 0.346890 2.050228 0.311958
v 0.518906 1.901862 -0.237552
v 0.497755 1.551496 0.445069
v 0.458706 1.290880 0.412438
v 0.347289 1.069574 0.316940
v 0.342068 0.942475 0.315374
v 0.459486 2.037719 0.065607
v 0.118809 2.057598 0.458410
v 0.160488 1.812567 0.601455
v 0.175200 1.552386 0.652443
v 0.160704 1.291702 0.604026
v 0.119208 1.070203 0.463576
v 0.116550 0.942475 0.460340
v 0.420849 2.024043 -0.202429
v -0.151816 2.059596 0.464349
v -0.193363 1.813572 0.606404
v -0.207952 1.553136 0.656111
v -0.193363 1.292701 0.606404
v -0.151816 1.071914 0.464851
v -0.151543 0.942475 0.460370
v 0.243246 2.013540 -0.407051
v -0.379939 2.052858 0.317934
v -0.491421 1.813572 0.414901
v -0.530567 1.553136 0.448830
v -0.491421 1.292701 0.414901
v -0.379939 1.071914 0.318280
v -0.377092 0.942475 0.315453
v -0.016936 2.009546 -0.483292
v -0.492607 2.041520 0.071558
v -0.638628 1.813572 0.092655
v -0.689904 1.553136 0.100034
v -0.638628 1.292701 0.092655
v -0.492607 1.071914 0.071644
v -0.488489 0.942475 0.071600
v -0.276504 2.019760 -0.401280
v -0.454048 2.029181 -0.196554
v -0.588248 1.813572 -0.258021
v -0.635373 1.553136 -0.279536
v -0.588248 1.292701 -0.258021
v -0.454048 1.071914 -0.196752
v -0.450365 0.942475 -0.193768
v -0.173652 0.931846 0.523803
v -0.173970 1.082542 0.529019
v 0.138467 0.931846 0.523768
v 0.141711 1.082542 0.528985
v -0.521548 0.931846 -0.237758
v -0.525835 1.082542 -0.241232
v -0.565932 0.931846 0.071189
v -0.570727 1.082542 0.071240
v -0.436242 0.931846 0.355088
v -0.439556 1.082542 0.358379
v -0.173652 0.931846 0.523803
v -0.173970 1.082542 0.529019
v 0.138467 0.931846 0.523768
v 0.141711 1.082542 0.528985
v 0.401020 0.931846 0.354995
v 0.407260 1.082542 0.358285
v 0.530647 0.931846 0.071067
v 0.538366 1.082542 0.071117
v 0.486194 0.931846 -0.237870
v 0.493406 1.082542 -0.241345
v 0.281773 0.931846 -0.473731
v 0.286652 1.082542 -0.479898
v -0.017713 0.931846 -0.561633
v -0.016251 1.082542 -0.568802
v -0.317179 0.931846 -0.473665
v -0.319135 1.082542 -0.479831
v -0.276504 1.071914 -0.401695
v -0.274824 0.942475 -0.396398
v -0.016344 1.071914 -0.478116
v -0.017600 0.942475 -0.471957
v 0.243833 1.071914 -0.401752
v 0.239642 0.942475 -0.396455
v 0.421422 1.071914 -0.196849
v 0.415227 0.942475 -0.193864
v 0.460041 1.071914 0.071539
v 0.453410 0.942475 0.071496
v 0.347427 1.071914 0.318200
v 0.342068 0.942475 0.315374
v 0.119336 1.071914 0.464821
v 0.116550 0.942475 0.460340
v -0.151816 1.071914 0.464851
v -0.151543 0.942475 0.460370
v -0.379939 1.071914 0.318280
v -0.377092 0.942475 0.315453
v -0.492607 1.071914 0.071644
v -0.488489 0.942475 0.071600
v -0.454048 1.071914 -0.196752
v -0.450365 0.942475 -0.193768
v -0.276504 1.071914 -0.401695
v -0.274824 0.942475 -0.396398
v -0.016344 1.071914 -0.478116
v -0.017600 0.942475 -0.471957
v 0.243833 1.071914 -0.401752
v 0.239642 0.942475 -0.396455
v 0.421422 1.071914 -0.196849
v 0.415227 0.942475 -0.193864
v 0.460041 1.071914 0.071539
v 0.453410 0.942475 0.071496
v 0.347427 1.071914 0.318200
v 0.342068 0.942475 0.315374
v 0.119336 1.071914 0.464821
v 0.116550 0.942475 0.460340
v -0.151816 1.071914 0.464851
v -0.151543 0.942475 0.460370
v -0.379939 1.071914 0.318280
v -0.377092 0.942475 0.315453
v -0.492607 1.071914 0.071644
v -0.488489 0.942475 0.071600
v -0.454048 1.071914 -0.196752
v -0.450365 0.942475 -0.193768
v -0.276504 1.071914 -0.401695
v -0.274824 0.942475 -0.396398
v -0.016344 1.071914 -0.478116
v -0.017600 0.942475 -0.471957
v 0.243833 1.071914 -0.401752
v 0.239642 0.942475 -0.396455
v 0.421422 1.071914 -0.196849
v 0.415227 0.942475 -0.193864
v 0.460041 1.071914 0.071539
v 0.453410 0.942475 0.071496
v 0.347427 1.071914 0.318200
v 0.342068 0.942475 0.315374
v 0.119336 1.071914 0.464821
v 0.116550 0.942475 0.460340
v -0.151816 1.071914 0.464851
v -0.151543 0.942475 0.460370
v -0.379939 1.071914 0.318280
v -0.377092 0.942475 0.315453
v -0.492607 1.071914 0.071644
v -0.488489 0.942475 0.071600
v -0.454048 1.071914 -0.196752
v -0.450365 0.942475 -0.193768
v -0.276504 1.071914 -0.401695
v -0.274824 0.942475 -0.396398
v -0.016344 1.071914 -0.478116
v -0.017600 0.942475 -0.471957
v 0.243833 1.071914 -0.401752
v 0.239642 0.942475 -0.396455
v 0.421422 1.071914 -0.196849
v 0.415227 0.942475 -0.193864
v 0.460041 1.071914 0.071539
v 0.453410 0.942475 0.071496
v 0.347427 1.071914 0.318200
v 0.342068 0.942475 0.315374
v 0.119336 1.071914 0.464821
v 0.116550 0.942475 0.460340
v -0.151816 1.071914 0.464851
v -0.151543 0.942475 0.460370
v -0.379939 1.071914 0.318280
v -0.377092 0.942475 0.315453
v -0.492607 1.071914 0.071644
v -0.488489 0.942475 0.071600
v -0.454048 1.071914 -0.196752
v -0.450365 0.942475 -0.193768
v -0.276504 1.071914 -0.401695
v -0.274824 0.942475 -0.396398
v -0.016344 1.071914 -0.478116
v -0.017600 0.942475 -0.471957
v 0.243833 1.071914 -0.401752
v 0.239642 0.942475 -0.396455
v 0.421422 1.071914 -0.196849
v 0.415227 0.942475 -0.193864
v 0.460041 1.071914 0.071539
v 0.453410 0.942475 0.071496
v 0.347427 1.071914 0.318200
v 0.342068 0.942475 0.315374
v 0.119336 1.071914 0.464821
v 0.116550 0.942475 0.460340
v -0.151816 1.071914 0.464851
v -0.151543 0.942475 0.460370
v -0.379939 1.071914 0.318280
v -0.377092 0.942475 0.315453
v -0.492607 1.071914 0.071644
v -0.488489 0.942475 0.071600
v -0.454048 1.071914 -0.196752
v -0.450365 0.942475 -0.193768
v 0.119336 1.071914 0.464821
v 0.116550 0.942475 0.460340
v -0.151816 1.071914 0.464851
v -0.151543 0.942475 0.460370
v -0.276504 1.071914 -0.401695
v -0.274824 0.942475 -0.396398
v -0.016344 1.071914 -0.478116
v -0.017600 0.942475 -0.471957
v 0.243833 1.071914 -0.401752
v 0.239642 0.942475 -0.396455
v 0.421422 1.071914 -0.196849
v 0.415227 0.942475 -0.193864
v 0.460041 1.071914 0.071539
v 0.453410 0.942475 0.071496
v 0.347427 1.071914 0.318200
v 0.342068 0.942475 0.315374
v 0.119336 1.071914 0.464821
v 0.116550 0.942475 0.460340
v -0.151816 1.071914 0.464851
v -0.151543 0.942475 0.460370
v -0.379939 1.071914 0.318280
v -0.377092 0.942475 0.315453
v -0.492607 1.071914 0.071644
v -0.488489 0.942475 0.071600
v -0.454048 1.071914 -0.196752
v -0.450365 0.942475 -0.193768
v 0.119336 1.071914 0.464821
v 0.116550 0.942475 0.460340
v -0.151816 1.071914 0.464851
v -0.151543 0.942475 0.460370
v -0.276504 1.071914 -0.401695
v -0.274824 0.942475 -0.396398
v -0.016344 1.071914 -0.478116
v -0.017600 0.942475 -0.471957
v 0.243833 1.071914 -0.401752
v 0.239642 0.942475 -0.396455
v 0.421422 1.071914 -0.196849
v 0.415227 0.942475 -0.193864
v 0.460041 1.071914 0.071539
v 0.453410 0.942475 0.071496
v 0.347427 1.071914 0.318200
v 0.342068 0.942475 0.315374
v 0.119336 1.071914 0.464821
v 0.116550 0.942475 0.460340
v -0.151816 1.071914 0.464851
v -0.151543 0.942475 0.460370
v -0.379939 1.071914 0.318280
v -0.377092 0.942475 0.315453
v -0.492607 1.071914 0.071644
v -0.488489 0.942475 0.071600
v -0.454048 1.071914 -0.196752
v -0.450365 0.942475 -0.193768
v 0.119336 1.071914 0.464821
v 0.116550 0.942475 0.460340
v -0.151816 1.071914 0.464851
v -0.151543 0.942475 0.460370
v 0.330026 0.850519 -0.554294
v 0.426751 0.651833 -0.706025
v 0.512985 0.403977 -0.823188
v 0.554139 0.021294 -0.887224
v 0.512985 -0.361390 -0.823188
v 0.003815 0.850519 -0.650077
v 0.002559 0.651833 -0.830579
v 0.013497 0.403977 -0.969850
v 0.013497 0.021294 -1.045970
v 0.013497 -0.361390 -0.969850
v -0.004102 0.963769 -0.517928
v 0.253140 0.963769 -0.442426
v 0.637380 1.450010 0.093902
v 0.595322 1.550482 0.231329
v 0.640145 1.635197 0.093396
v 0.636034 1.549114 -0.049339
v 0.324871 1.812114 0.495772
v 0.510928 1.811200 0.294992
v 0.470892 1.729547 0.420985
v 0.422668 1.882447 0.378514
v 0.503167 1.893990 -0.239774
v 0.443976 1.807785 -0.391298
v 0.573079 1.809087 -0.138351
v 0.570894 1.721466 -0.269835
v 0.714463 0.630539 0.223818
v 0.680748 0.725276 0.099016
v 0.834645 0.515664 0.120847
v 0.750832 0.630539 0.008368
v 0.937036 0.268100 0.134725
v 0.903307 0.382683 0.053799
v 0.861448 0.471016 0.124418
v 0.869800 0.382683 0.229309
v 0.961359 0.144562 0.138222
v 0.942788 0.000000 0.245304
v 0.977250 0.000000 0.054879
v 0.964358 -0.129329 0.138654
v 0.902576 1.530856 0.115687
v 0.906303 1.511973 0.116314
v 0.901666 1.511812 0.084109
v 0.892659 1.512114 0.146203
v 0.901964 1.489886 0.115799
v 0.640145 1.635197 0.093396
v 0.656991 1.549841 0.096231
v 0.671797 1.541825 -0.023924
v 0.595322 1.550482 0.231329
v 0.672902 1.460472 0.093660
v 0.346890 2.050228 0.311958
v 0.459486 2.037719 0.065607
v -0.151816 2.059596 0.464349
v 0.118809 2.057598 0.458410
v 0.118809 2.057598 0.458410
v -0.151816 2.059596 0.464349
v 0.346890 2.050228 0.311958
v 0.459486 2.037719 0.065607
v 0.420849 2.024043 -0.202429
v 0.243246 2.013540 -0.407051
v 0.243246 2.013540 -0.407051
v 0.420849 2.024043 -0.202429
v 0.459486 2.037719 0.065607
v 0.346890 2.050228 0.311958
v -0.151816 2.059596 0.464349
v 0.118809 2.057598 0.458410
v 0.118809 2.057598 0.458410
v -0.151816 2.059596 0.464349
v 0.459486 2.037719 0.065607
v 0.346890 2.050228 0.311958
v 0.420849 2.024043 -0.202429
v 0.243246 2.013540 -0.407051
v 0.420849 2.024043 -0.202429
v 0.243246 2.013540 -0.407051
v -0.333432 1.995558 -0.506992
v 0.000092 1.982434 -0.612371
v 0.334405 1.987566 -0.514407
v -0.519346 2.030779 0.464153
v -0.518189 2.189922 0.453054
v -0.679373 2.173702 0.100586
v -0.680530 2.014559 0.111685
v 0.520466 2.027018 0.455604
v 0.521623 2.186160 0.444506
v -0.333432 1.995558 -0.506992
v -0.561562 2.007663 -0.243935
v 0.195327 2.196702 0.654021
v 0.194170 2.037560 0.665120
v -0.611107 2.023517 0.100568
v -0.466338 2.038085 0.417140
v -0.173218 2.046743 0.605272
v -0.173218 2.046743 0.605272
v -0.466338 2.038085 0.417140
v -0.611107 2.023517 0.100568
v 0.000092 1.982434 -0.612371
v -0.561562 2.007663 -0.243935
v 0.334405 1.987566 -0.514407
v -0.371370 1.983429 -0.564764
v -0.370213 2.142572 -0.575863
v -0.624210 2.156050 -0.282979
v -0.625367 1.996907 -0.271880
v -0.371370 1.983429 -0.564764
v -0.625367 1.996907 -0.271880
v -0.519346 2.030779 0.464153
v -0.518189 2.189922 0.453054
v 0.372192 1.974531 -0.573020
v -0.000028 1.968817 -0.682092
v 0.626273 1.989556 -0.280285
v 0.681548 2.009122 0.103171
v 0.194170 2.037560 0.665120
v 0.520466 2.027018 0.455604
v -0.192989 2.040418 0.673616
v -0.192989 2.040418 0.673616
v -0.680530 2.014559 0.111685
v -0.191832 2.199562 0.662518
v 0.681548 2.009122 0.103171
v 0.001129 2.127960 -0.693190
v -0.679373 2.173702 0.100586
v 0.626273 1.989556 -0.280285
v -0.370213 2.142572 -0.575863
v 0.372192 1.974531 -0.573020
v -0.000028 1.968817 -0.682092
v -0.173218 2.046743 0.605272
v -0.561562 2.007663 -0.243935
v -0.333432 1.995558 -0.506992
v -0.611107 2.023517 0.100568
v -0.466338 2.038085 0.417140
v -0.173218 2.046743 0.605272
v -0.333432 1.995558 -0.506992
v -0.561562 2.007663 -0.243935
v 0.000092 1.982434 -0.612371
v 0.334405 1.987566 -0.514407
v -0.466338 2.038085 0.417140
v -0.611107 2.023517 0.100568
v 0.000092 1.982434 -0.612371
v 0.334405 1.987566 -0.514407
v 0.001129 2.127960 -0.693190
v 0.373349 2.133673 -0.584118
v 0.627430 2.148698 -0.291384
v 0.682705 2.168265 0.092073
v -0.191832 2.199562 0.662518
v 0.195327 2.196702 0.654021
v 0.682705 2.168265 0.092073
v 0.521623 2.186160 0.444506
v 0.627430 2.148698 -0.291384
v 0.373349 2.133673 -0.584118
v -0.624210 2.156050 -0.282979
v -0.497892 2.185867 0.435487
v -0.652775 2.170281 0.096797
v 0.501273 2.182251 0.427273
v 0.187732 2.192382 0.628598
v -0.355700 2.140368 -0.553209
v -0.599768 2.153319 -0.271774
v -0.497892 2.185867 0.435487
v -0.184293 2.195129 0.636763
v 0.001125 2.126327 -0.665950
v -0.652775 2.170281 0.096797
v -0.355700 2.140368 -0.553209
v 0.001125 2.126327 -0.665950
v 0.358795 2.131817 -0.561142
v 0.602944 2.146255 -0.279850
v 0.001125 2.126327 -0.665950
v 0.656058 2.165056 0.088616
v -0.599768 2.153319 -0.271774
v -0.355700 2.140368 -0.553209
v -0.184293 2.195129 0.636763
v -0.184293 2.195129 0.636763
v 0.187732 2.192382 0.628598
v 0.656058 2.165056 0.088616
v 0.501273 2.182251 0.427273
v 0.602944 2.146255 -0.279850
v 0.358795 2.131817 -0.561142
v -0.599768 2.153319 -0.271774
v 0.187732 2.192382 0.628598
v -0.652775 2.170281 0.096797
v -0.497892 2.185867 0.435487
v 0.187732 2.192382 0.628598
v -0.184293 2.195129 0.636763
v 0.602944 2.146255 -0.279850
v 0.656058 2.165056 0.088616
v -0.355700 2.140368 -0.553209
v 0.001125 2.126327 -0.665950
v 0.358795 2.131817 -0.561142
v 0.602944 2.146255 -0.279850
v 0.656058 2.165056 0.088616
v 0.501273 2.182251 0.427273
v -0.652775 2.170281 0.096797
v -0.497892 2.185867 0.435487
v 0.501273 2.182251 0.427273
v 0.358795 2.131817 -0.561142
v -0.599768 2.153319 -0.271774
v 0.229882 2.142941 -0.359233
v 0.001293 2.139432 -0.426216
v 0.001293 2.139432 -0.426216
v 0.229882 2.142941 -0.359233
v -0.382742 2.156684 -0.174296
v -0.416619 2.167524 0.061261
v -0.416619 2.167524 0.061261
v -0.382742 2.156684 -0.174296
v 0.320941 2.175174 0.272470
v 0.419865 2.164185 0.056032
v 0.419865 2.164185 0.056032
v 0.320941 2.175174 0.272470
v -0.117208 2.183405 0.406356
v -0.317632 2.177485 0.277719
v -0.317632 2.177485 0.277719
v -0.117208 2.183405 0.406356
v 0.001293 2.139432 -0.426216
v -0.226756 2.148406 -0.354162
v -0.226756 2.148406 -0.354162
v 0.001293 2.139432 -0.426216
v -0.226756 2.148406 -0.354162
v 0.001293 2.139432 -0.426216
v 0.001293 2.139432 -0.426216
v -0.226756 2.148406 -0.354162
v -0.382742 2.156684 -0.174296
v -0.226756 2.148406 -0.354162
v -0.226756 2.148406 -0.354162
v -0.382742 2.156684 -0.174296
v -0.117208 2.183405 0.406356
v 0.120555 2.181649 0.401138
v 0.120555 2.181649 0.401138
v -0.117208 2.183405 0.406356
v -0.416619 2.167524 0.061261
v -0.317632 2.177485 0.277719
v -0.317632 2.177485 0.277719
v -0.416619 2.167524 0.061261
v 0.120555 2.181649 0.401138
v -0.117208 2.183405 0.406356
v -0.117208 2.183405 0.406356
v 0.120555 2.181649 0.401138
v 0.385920 2.152168 -0.179457
v 0.419865 2.164185 0.056032
v 0.419865 2.164185 0.056032
v 0.385920 2.152168 -0.179457
v 0.419865 2.164185 0.056032
v 0.385920 2.152168 -0.179457
v 0.385920 2.152168 -0.179457
v 0.419865 2.164185 0.056032
v -0.317632 2.177485 0.277719
v -0.117208 2.183405 0.406356
v -0.117208 2.183405 0.406356
v -0.317632 2.177485 0.277719
v 0.229882 2.142941 -0.359233
v 0.001293 2.139432 -0.426216
v 0.001293 2.139432 -0.426216
v 0.229882 2.142941 -0.359233
v -0.117208 2.183405 0.406356
v 0.120555 2.181649 0.401138
v 0.120555 2.181649 0.401138
v -0.117208 2.183405 0.406356
v 0.320941 2.175174 0.272470
v 0.419865 2.164185 0.056032
v 0.419865 2.164185 0.056032
v 0.320941 2.175174 0.272470
v -0.226756 2.148406 -0.354162
v -0.382742 2.156684 -0.174296
v -0.382742 2.156684 -0.174296
v -0.226756 2.148406 -0.354162
v 0.120555 2.181649 0.401138
v 0.320941 2.175174 0.272470
v 0.320941 2.175174 0.272470
v 0.120555 2.181649 0.401138
v 0.385920 2.152168 -0.179457
v 0.229882 2.142941 -0.359233
v 0.229882 2.142941 -0.359233
v 0.385920 2.152168 -0.179457
v -0.416619 2.167524 0.061261
v -0.317632 2.177485 0.277719
v -0.317632 2.177485 0.277719
v -0.416619 2.167524 0.061261
v -0.382742 2.156684 -0.174296
v -0.416619 2.167524 0.061261
v -0.416619 2.167524 0.061261
v -0.382742 2.156684 -0.174296
v 0.001293 2.139432 -0.426216
v -0.226756 2.148406 -0.354162
v -0.226756 2.148406 -0.354162
v 0.001293 2.139432 -0.426216
v 0.419865 2.164185 0.056032
v 0.320941 2.175174 0.272470
v 0.320941 2.175174 0.272470
v 0.419865 2.164185 0.056032
v 0.001293 2.139432 -0.426216
v 0.229882 2.142941 -0.359233
v 0.229882 2.142941 -0.359233
v 0.001293 2.139432 -0.426216
v 0.385920 2.152168 -0.179457
v 0.229882 2.142941 -0.359233
v 0.229882 2.142941 -0.359233
v 0.385920 2.152168 -0.179457
v -0.317632 2.177485 0.277719
v -0.117208 2.183405 0.406356
v -0.117208 2.183405 0.406356
v -0.317632 2.177485 0.277719
v -0.317632 2.177485 0.277719
v -0.416619 2.167524 0.061261
v -0.416619 2.167524 0.061261
v -0.317632 2.177485 0.277719
v 0.320941 2.175174 0.272470
v 0.120555 2.181649 0.401138
v 0.120555 2.181649 0.401138
v 0.320941 2.175174 0.272470
v 0.120555 2.181649 0.401138
v 0.320941 2.175174 0.272470
v 0.320941 2.175174 0.272470
v 0.120555 2.181649 0.401138
v -0.226756 2.148406 -0.354162
v -0.382742 2.156684 -0.174296
v -0.382742 2.156684 -0.174296
v -0.226756 2.148406 -0.354162
v 0.419865 2.164185 0.056032
v 0.385920 2.152168 -0.179457
v 0.385920 2.152168 -0.179457
v 0.419865 2.164185 0.056032
v 0.229882 2.142941 -0.359233
v 0.385920 2.152168 -0.179457
v 0.385920 2.152168 -0.179457
v 0.229882 2.142941 -0.359233
v -0.416619 2.167524 0.061261
v -0.382742 2.156684 -0.174296
v -0.382742 2.156684 -0.174296
v -0.416619 2.167524 0.061261
v 0.229882 2.356300 -0.369051
v 0.001293 2.352792 -0.436035
v 0.001293 2.352792 -0.436035
v 0.229882 2.356300 -0.369051
v -0.382742 2.370043 -0.184114
v -0.416619 2.380883 0.051442
v -0.416619 2.380883 0.051442
v -0.382742 2.370043 -0.184114
v 0.320941 2.388534 0.262651
v 0.419865 2.377544 0.046213
v 0.419865 2.377544 0.046213
v 0.320941 2.388534 0.262651
v -0.117208 2.396764 0.396537
v -0.317632 2.390844 0.267900
v -0.317632 2.390844 0.267900
v -0.117208 2.396764 0.396537
v 0.001293 2.352792 -0.436035
v -0.226756 2.361766 -0.363981
v -0.226756 2.361766 -0.363981
v 0.001293 2.352792 -0.436035
v -0.226756 2.361766 -0.363981
v 0.001293 2.352792 -0.436035
v 0.001293 2.352792 -0.436035
v -0.226756 2.361766 -0.363981
v -0.382742 2.370043 -0.184114
v -0.226756 2.361766 -0.363981
v -0.226756 2.361766 -0.363981
v -0.382742 2.370043 -0.184114
v -0.117208 2.396764 0.396537
v 0.120555 2.395008 0.391319
v 0.120555 2.395008 0.391319
v -0.117208 2.396764 0.396537
v -0.416619 2.380883 0.051442
v -0.317632 2.390844 0.267900
v -0.317632 2.390844 0.267900
v -0.416619 2.380883 0.051442
v 0.120555 2.395008 0.391319
v -0.117208 2.396764 0.396537
v -0.117208 2.396764 0.396537
v 0.120555 2.395008 0.391319
v 0.385920 2.365528 -0.189276
v 0.419865 2.377544 0.046213
v 0.419865 2.377544 0.046213
v 0.385920 2.365528 -0.189276
v 0.419865 2.377544 0.046213
v 0.385920 2.365528 -0.189276
v 0.385920 2.365528 -0.189276
v 0.419865 2.377544 0.046213
v -0.317632 2.390844 0.267900
v -0.117208 2.396764 0.396537
v -0.117208 2.396764 0.396537
v -0.317632 2.390844 0.267900
v 0.229882 2.356300 -0.369051
v 0.001293 2.352792 -0.436035
v 0.001293 2.352792 -0.436035
v 0.229882 2.356300 -0.369051
v -0.117208 2.396764 0.396537
v 0.120555 2.395008 0.391319
v 0.120555 2.395008 0.391319
v -0.117208 2.396764 0.396537
v 0.320941 2.388534 0.262651
v 0.419865 2.377544 0.046213
v 0.419865 2.377544 0.046213
v 0.320941 2.388534 0.262651
v -0.226756 2.361766 -0.363981
v -0.382742 2.370043 -0.184114
v -0.382742 2.370043 -0.184114
v -0.226756 2.361766 -0.363981
v 0.120555 2.395008 0.391319
v 0.320941 2.388534 0.262651
v 0.320941 2.388534 0.262651
v 0.120555 2.395008 0.391319
v 0.385920 2.365528 -0.189276
v 0.229882 2.356300 -0.369051
v 0.229882 2.356300 -0.369051
v 0.385920 2.365528 -0.189276
v -0.416619 2.380883 0.051442
v -0.317632 2.390844 0.267900
v -0.317632 2.390844 0.267900
v -0.416619 2.380883 0.051442
v -0.382742 2.370043 -0.184114
v -0.416619 2.380883 0.051442
v -0.416619 2.380883 0.051442
v -0.382742 2.370043 -0.184114
v 0.001293 2.352792 -0.436035
v -0.226756 2.361766 -0.363981
v -0.226756 2.361766 -0.363981
v 0.001293 2.352792 -0.436035
v 0.419865 2.377544 0.046213
v 0.320941 2.388534 0.262651
v 0.320941 2.388534 0.262651
v 0.419865 2.377544 0.046213
v 0.001293 2.352792 -0.436035
v 0.229882 2.356300 -0.369051
v 0.229882 2.356300 -0.369051
v 0.001293 2.352792 -0.436035
v 0.385920 2.365528 -0.189276
v 0.229882 2.356300 -0.369051
v 0.229882 2.356300 -0.369051
v 0.385920 2.365528 -0.189276
v -0.317632 2.390844 0.267900
v -0.117208 2.396764 0.396537
v -0.117208 2.396764 0.396537
v -0.317632 2.390844 0.267900
v -0.317632 2.390844 0.267900
v -0.416619 2.380883 0.051442
v -0.416619 2.380883 0.051442
v -0.317632 2.390844 0.267900
v 0.320941 2.388534 0.262651
v 0.120555 2.395008 0.391319
v 0.120555 2.395008 0.391319
v 0.320941 2.388534 0.262651
v 0.120555 2.395008 0.391319
v 0.320941 2.388534 0.262651
v 0.320941 2.388534 0.262651
v 0.120555 2.395008 0.391319
v -0.226756 2.361766 -0.363981
v -0.382742 2.370043 -0.184114
v -0.382742 2.370043 -0.184114
v -0.226756 2.361766 -0.363981
v 0.419865 2.377544 0.046213
v 0.385920 2.365528 -0.189276
v 0.385920 2.365528 -0.189276
v 0.419865 2.377544 0.046213
v 0.229882 2.356300 -0.369051
v 0.385920 2.365528 -0.189276
v 0.385920 2.365528 -0.189276
v 0.229882 2.356300 -0.369051
v -0.416619 2.380883 0.051442
v -0.382742 2.370043 -0.184114
v -0.382742 2.370043 -0.184114
v -0.416619 2.380883 0.051442
v 0.229882 3.107613 -0.406657
v 0.001293 3.104104 -0.473640
v 0.001293 3.104104 -0.473640
v 0.229882 3.107613 -0.406657
v -0.382742 3.121355 -0.221720
v -0.416619 3.132195 0.013837
v -0.416619 3.132195 0.013837
v -0.382742 3.121355 -0.221720
v 0.320941 3.139846 0.225046
v 0.419865 3.128856 0.008608
v 0.419865 3.128856 0.008608
v 0.320941 3.139846 0.225046
v -0.117208 3.148076 0.358932
v -0.317632 3.142156 0.230295
v -0.317632 3.142156 0.230295
v -0.117208 3.148076 0.358932
v 0.001293 3.104104 -0.473640
v -0.226756 3.113078 -0.401586
v -0.226756 3.113078 -0.401586
v 0.001293 3.104104 -0.473640
v -0.226756 3.113078 -0.401586
v 0.001293 3.104104 -0.473640
v 0.001293 3.104104 -0.473640
v -0.226756 3.113078 -0.401586
v -0.382742 3.121355 -0.221720
v -0.226756 3.113078 -0.401586
v -0.226756 3.113078 -0.401586
v -0.382742 3.121355 -0.221720
v -0.117208 3.148076 0.358932
v 0.120555 3.146321 0.353714
v 0.120555 3.146321 0.353714
v -0.117208 3.148076 0.358932
v -0.416619 3.132195 0.013837
v -0.317632 3.142156 0.230295
v -0.317632 3.142156 0.230295
v -0.416619 3.132195 0.013837
v 0.120555 3.146321 0.353714
v -0.117208 3.148076 0.358932
v -0.117208 3.148076 0.358932
v 0.120555 3.146321 0.353714
v 0.385920 3.116840 -0.226881
v 0.419865 3.128856 0.008608
v 0.419865 3.128856 0.008608
v 0.385920 3.116840 -0.226881
v 0.419865 3.128856 0.008608
v 0.385920 3.116840 -0.226881
v 0.385920 3.116840 -0.226881
v 0.419865 3.128856 0.008608
v -0.317632 3.142156 0.230295
v -0.117208 3.148076 0.358932
v -0.117208 3.148076 0.358932
v -0.317632 3.142156 0.230295
v 0.229882 3.107613 -0.406657
v 0.001293 3.104104 -0.473640
v 0.001293 3.104104 -0.473640
v 0.229882 3.107613 -0.406657
v -0.117208 3.148076 0.358932
v 0.120555 3.146321 0.353714
v 0.120555 3.146321 0.353714
v -0.117208 3.148076 0.358932
v 0.320941 3.139846 0.225046
v 0.419865 3.128856 0.008608
v 0.419865 3.128856 0.008608
v 0.320941 3.139846 0.225046
v -0.226756 3.113078 -0.401586
v -0.382742 3.121355 -0.221720
v -0.382742 3.121355 -0.221720
v -0.226756 3.113078 -0.401586
v 0.120555 3.146321 0.353714
v 0.320941 3.139846 0.225046
v 0.320941 3.139846 0.225046
v 0.120555 3.146321 0.353714
v 0.385920 3.116840 -0.226881
v 0.229882 3.107613 -0.406657
v 0.229882 3.107613 -0.406657
v 0.385920 3.116840 -0.226881
v -0.416619 3.132195 0.013837
v -0.317632 3.142156 0.230295
v -0.317632 3.142156 0.230295
v -0.416619 3.132195 0.013837
v -0.382742 3.121355 -0.221720
v -0.416619 3.132195 0.013837
v -0.416619 3.132195 0.013837
v -0.382742 3.121355 -0.221720
v 0.001293 3.104104 -0.473640
v -0.226756 3.113078 -0.401586
v -0.226756 3.113078 -0.401586
v 0.001293 3.104104 -0.473640
v 0.419865 3.128856 0.008608
v 0.320941 3.139846 0.225046
v 0.320941 3.139846 0.225046
v 0.419865 3.128856 0.008608
v 0.001293 3.104104 -0.473640
v 0.229882 3.107613 -0.406657
v 0.229882 3.107613 -0.406657
v 0.001293 3.104104 -0.473640
v 0.385920 3.116840 -0.226881
v 0.229882 3.107613 -0.406657
v 0.229882 3.107613 -0.406657
v 0.385920 3.116840 -0.226881
v -0.317632 3.142156 0.230295
v -0.117208 3.148076 0.358932
v -0.117208 3.148076 0.358932
v -0.317632 3.142156 0.230295
v -0.317632 3.142156 0.230295
v -0.416619 3.132195 0.013837
v -0.416619 3.132195 0.013837
v -0.317632 3.142156 0.230295
v 0.320941 3.139846 0.225046
v 0.120555 3.146321 0.353714
v 0.120555 3.146321 0.353714
v 0.320941 3.139846 0.225046
v 0.120555 3.146321 0.353714
v 0.320941 3.139846 0.225046
v 0.320941 3.139846 0.225046
v 0.120555 3.146321 0.353714
v -0.226756 3.113078 -0.401586
v -0.382742 3.121355 -0.221720
v -0.382742 3.121355 -0.221720
v -0.226756 3.113078 -0.401586
v 0.419865 3.128856 0.008608
v 0.385920 3.116840 -0.226881
v 0.385920 3.116840 -0.226881
v 0.419865 3.128856 0.008608
v 0.229882 3.107613 -0.406657
v 0.385920 3.116840 -0.226881
v 0.385920 3.116840 -0.226881
v 0.229882 3.107613 -0.406657
v -0.416619 3.132195 0.013837
v -0.382742 3.121355 -0.221720
v -0.382742 3.121355 -0.221720
v -0.416619 3.132195 0.013837
v -0.171697 0.382683 -0.873465
v -0.265192 0.382683 -0.846012
v -0.097771 0.225352 -0.926466
v -0.160169 0.112424 -0.930607
v -0.293082 0.176936 -0.878748
v -0.286645 0.321788 -0.851825
v 0.098444 0.382683 0.886456
v -0.046986 0.382683 0.886456
v -0.119328 0.270159 0.907932
v -0.016929 0.154355 0.930034
v 0.103652 0.212643 0.918909
v -0.046986 0.382683 0.886456
v -0.119328 0.270159 0.907932
v -0.016929 0.154355 0.930034
v 0.103652 0.212643 0.918909
v 0.098444 0.382683 0.886456
v -0.046756 0.383602 0.889566
v -0.119098 0.271077 0.911041
v 0.098674 0.383602 0.889566
v -0.016699 0.155273 0.933143
v 0.103881 0.213561 0.922019
v -0.172656 0.383698 -0.870945
v -0.266152 0.383698 -0.843492
v -0.098731 0.226366 -0.923946
v -0.161129 0.113438 -0.928087
v -0.294042 0.177951 -0.876228
v -0.287605 0.322802 -0.849306
v 0.098444 0.382683 0.886456
v -0.046986 0.382683 0.886456
v -0.092149 0.458322 0.845676
v -0.058874 0.524894 0.809784
v 0.043238 0.518475 0.813245
v 0.110924 0.471652 0.838489
v -0.126832 0.446048 -0.851854
v -0.163333 0.508181 -0.807029
v -0.255094 0.502637 -0.783129
v -0.290267 0.447883 -0.802858
v 0.109447 0.527586 1.563015
v 0.059378 0.568837 1.551427
v -0.018487 0.577451 1.549397
v -0.046353 0.522928 1.565256
v -0.014556 0.458335 1.583669
v -0.014556 0.458335 1.583669
v 0.096674 0.453700 1.584362
v 0.096674 0.453700 1.584362
v -0.171697 0.382683 -0.873465
v -0.265192 0.382683 -0.846012
v -0.126832 0.446048 -0.851854
v -0.163333 0.508181 -0.807029
v -0.255094 0.502637 -0.783129
v -0.290267 0.447883 -0.802858
v -0.165642 0.345469 -0.813854
v -0.257314 0.368066 -0.826512
v -0.121152 0.424031 -0.804467
v -0.168108 0.499093 -0.768445
v -0.270845 0.490065 -0.740002
v -0.287846 0.438285 -0.796865
v -0.058076 0.604179 -1.568234
v -0.156147 0.609436 -1.511183
v -0.021630 0.679131 -1.573296
v -0.071450 0.750852 -1.563055
v -0.168001 0.742358 -1.546020
v -0.190079 0.676514 -1.503860
v 0.114552 0.347386 0.786056
v 0.114552 0.347386 0.786056
v -0.068331 0.347386 0.786056
v -0.068331 0.347386 0.786056
v -0.125126 0.442504 0.734775
v -0.083280 0.526220 0.689639
v 0.045128 0.518148 0.693991
v 0.130245 0.459267 0.725737
v 0.096674 0.453700 1.584362
v 0.096674 0.453700 1.584362
v -0.014556 0.458335 1.583669
v -0.014556 0.458335 1.583669
v -0.046353 0.522928 1.565256
v -0.018487 0.577451 1.549397
v 0.059378 0.568837 1.551427
v 0.109447 0.527586 1.563015
v 0.698986 0.739017 0.101639
v 0.783922 0.644280 0.114284
v 0.732701 0.644280 0.226441
v 0.852883 0.529405 0.123470
v 0.769070 0.644280 0.010990
v 0.940527 0.387648 0.135229
v 0.987410 0.149527 0.141969
v 1.015873 0.004965 0.146062
v 0.929358 0.387648 0.057546
v 0.895851 0.387648 0.233056
v 0.963087 0.273065 0.138472
v 0.968839 0.004965 0.249051
v 1.003302 0.004965 0.058626
v 0.990410 -0.124364 0.142401
v 0.443976 1.807785 -0.391298
v 0.573079 1.809087 -0.138351
v 0.422668 1.882447 0.378514
v 0.324871 1.812114 0.495772
v 0.510928 1.811200 0.294992
v 0.470892 1.729547 0.420985
v 0.570894 1.721466 -0.269835
v 0.459715 1.815657 -0.389076
v 0.588818 1.816959 -0.136130
v 0.438407 1.890319 0.380735
v 0.474230 1.819617 0.412089
v 0.340610 1.819986 0.497994
v 0.526667 1.819072 0.297214
v 0.486631 1.737420 0.423207
v 0.586633 1.729339 -0.267613
v 0.011155 3.126487 -0.064076
v 0.001578 3.126340 -0.066882
v 0.001578 3.126340 -0.066882
v 0.011155 3.126487 -0.064076
v -0.014511 3.127063 -0.056328
v -0.015930 3.127517 -0.046459
v -0.015930 3.127517 -0.046459
v -0.014511 3.127063 -0.056328
v 0.014970 3.127837 -0.037610
v 0.019115 3.127377 -0.046678
v 0.019115 3.127377 -0.046678
v 0.014970 3.127837 -0.037610
v -0.003386 3.128182 -0.032001
v -0.011783 3.127934 -0.037391
v -0.011783 3.127934 -0.037391
v -0.003386 3.128182 -0.032001
v 0.001578 3.126340 -0.066882
v -0.007976 3.126716 -0.063864
v -0.007976 3.126716 -0.063864
v 0.001578 3.126340 -0.066882
v -0.007976 3.126716 -0.063864
v 0.001578 3.126340 -0.066882
v 0.001578 3.126340 -0.066882
v -0.007976 3.126716 -0.063864
v -0.014511 3.127063 -0.056328
v -0.007976 3.126716 -0.063864
v -0.007976 3.126716 -0.063864
v -0.014511 3.127063 -0.056328
v -0.003386 3.128182 -0.032001
v 0.006575 3.128109 -0.032220
v 0.006575 3.128109 -0.032220
v -0.003386 3.128182 -0.032001
v -0.015930 3.127517 -0.046459
v -0.011783 3.127934 -0.037391
v -0.011783 3.127934 -0.037391
v -0.015930 3.127517 -0.046459
v 0.006575 3.128109 -0.032220
v -0.003386 3.128182 -0.032001
v -0.003386 3.128182 -0.032001
v 0.006575 3.128109 -0.032220
v 0.017692 3.126874 -0.056544
v 0.019115 3.127377 -0.046678
v 0.019115 3.127377 -0.046678
v 0.017692 3.126874 -0.056544
v 0.019115 3.127377 -0.046678
v 0.017692 3.126874 -0.056544
v 0.017692 3.126874 -0.056544
v 0.019115 3.127377 -0.046678
v -0.011783 3.127934 -0.037391
v -0.003386 3.128182 -0.032001
v -0.003386 3.128182 -0.032001
v -0.011783 3.127934 -0.037391
v 0.011155 3.126487 -0.064076
v 0.001578 3.126340 -0.066882
v 0.001578 3.126340 -0.066882
v 0.011155 3.126487 -0.064076
v -0.003386 3.128182 -0.032001
v 0.006575 3.128109 -0.032220
v 0.006575 3.128109 -0.032220
v -0.003386 3.128182 -0.032001
v 0.014970 3.127837 -0.037610
v 0.019115 3.127377 -0.046678
v 0.019115 3.127377 -0.046678
v 0.014970 3.127837 -0.037610
v -0.007976 3.126716 -0.063864
v -0.014511 3.127063 -0.056328
v -0.014511 3.127063 -0.056328
v -0.007976 3.126716 -0.063864
v 0.006575 3.128109 -0.032220
v 0.014970 3.127837 -0.037610
v 0.014970 3.127837 -0.037610
v 0.006575 3.128109 -0.032220
v 0.017692 3.126874 -0.056544
v 0.011155 3.126487 -0.064076
v 0.011155 3.126487 -0.064076
v 0.017692 3.126874 -0.056544
v -0.015930 3.127517 -0.046459
v -0.011783 3.127934 -0.037391
v -0.011783 3.127934 -0.037391
v -0.015930 3.127517 -0.046459
v -0.014511 3.127063 -0.056328
v -0.015930 3.127517 -0.046459
v -0.015930 3.127517 -0.046459
v -0.014511 3.127063 -0.056328
v 0.001578 3.126340 -0.066882
v -0.007976 3.126716 -0.063864
v -0.007976 3.126716 -0.063864
v 0.001578 3.126340 -0.066882
v 0.019115 3.127377 -0.046678
v 0.014970 3.127837 -0.037610
v 0.014970 3.127837 -0.037610
v 0.019115 3.127377 -0.046678
v 0.001578 3.126340 -0.066882
v 0.011155 3.126487 -0.064076
v 0.011155 3.126487 -0.064076
v 0.001578 3.126340 -0.066882
v 0.017692 3.126874 -0.056544
v 0.011155 3.126487 -0.064076
v 0.011155 3.126487 -0.064076
v 0.017692 3.126874 -0.056544
v -0.011783 3.127934 -0.037391
v -0.003386 3.128182 -0.032001
v -0.003386 3.128182 -0.032001
v -0.011783 3.127934 -0.037391
v -0.011783 3.127934 -0.037391
v -0.015930 3.127517 -0.046459
v -0.015930 3.127517 -0.046459
v -0.011783 3.127934 -0.037391
v 0.014970 3.127837 -0.037610
v 0.006575 3.128109 -0.032220
v 0.006575 3.128109 -0.032220
v 0.014970 3.127837 -0.037610
v 0.006575 3.128109 -0.032220
v 0.014970 3.127837 -0.037610
v 0.014970 3.127837 -0.037610
v 0.006575 3.128109 -0.032220
v -0.007976 3.126716 -0.063864
v -0.014511 3.127063 -0.056328
v -0.014511 3.127063 -0.056328
v -0.007976 3.126716 -0.063864
v 0.019115 3.127377 -0.046678
v 0.017692 3.126874 -0.056544
v 0.017692 3.126874 -0.056544
v 0.019115 3.127377 -0.046678
v 0.011155 3.126487 -0.064076
v 0.017692 3.126874 -0.056544
v 0.017692 3.126874 -0.056544
v 0.011155 3.126487 -0.064076
v -0.015930 3.127517 -0.046459
v -0.014511 3.127063 -0.056328
v -0.014511 3.127063 -0.056328
v -0.015930 3.127517 -0.046459
vn 0.1610 -0.8206 -0.5483
vn 0.9250 0.1587 0.3451
vn -0.9628 0.1850 -0.1970
vn 0.2372 -0.5397 -0.8077
vn -0.9497 -0.0611 -0.3071
vn 0.8961 0.2391 0.3739
vn 0.6362 -0.5397 -0.5513
vn 0.7424 0.1875 -0.6433
vn 0.5707 0.6555 -0.4945
vn 0.4319 -0.8206 -0.3742
vn 0.7424 -0.1875 -0.6433
vn 0.6559 0.4968 -0.5683
vn 0.9723 0.1875 -0.1398
vn 0.7474 0.6557 -0.1075
vn 0.5657 -0.8206 -0.0813
vn 0.9723 -0.1875 -0.1398
vn 0.8552 0.5035 -0.1230
vn 0.8333 -0.5397 -0.1198
vn 0.5198 -0.8206 0.2374
vn 0.8935 -0.1875 0.4080
vn -0.0061 0.6227 -0.7825
vn 0.7658 -0.5397 0.3497
vn -0.2247 0.5985 0.7690
vn -0.5355 0.5967 0.5976
vn 0.4711 0.4906 0.7331
vn 0.4551 -0.5397 0.7082
vn 0.5311 0.1875 0.8263
vn 0.4069 0.6584 0.6332
vn 0.3090 -0.8206 0.4808
vn 0.5311 -0.1875 0.8263
vn -0.0000 -0.5397 0.8418
vn -0.0000 0.1875 0.9823
vn -0.0000 0.6601 0.7511
vn -0.0000 -0.8206 0.5715
vn -0.0000 -0.1875 0.9823
vn -0.0000 0.4746 0.8802
vn -0.4055 0.6613 0.6310
vn -0.3090 -0.8206 0.4808
vn -0.5311 -0.1875 0.8263
vn -0.4806 0.4581 0.7478
vn -0.4551 -0.5397 0.7082
vn -0.5311 0.1875 0.8263
vn -0.5198 -0.8206 0.2374
vn -0.8935 -0.1875 0.4081
vn -0.8139 0.4465 0.3717
vn -0.7658 -0.5397 0.3497
vn -0.8935 0.1875 0.4081
vn -0.6820 0.6617 0.3115
vn -0.8333 -0.5397 -0.1198
vn -0.9723 0.1875 -0.1398
vn -0.7427 0.6610 -0.1068
vn -0.5657 -0.8206 -0.0813
vn -0.9723 -0.1875 -0.1398
vn -0.8869 0.4440 -0.1275
vn -0.6362 -0.5397 -0.5513
vn -0.7424 0.1875 -0.6433
vn -0.5680 0.6596 -0.4922
vn -0.4319 -0.8206 -0.3742
vn -0.7424 -0.1875 -0.6433
vn -0.6744 0.4513 -0.5844
vn -0.1610 -0.8206 -0.5483
vn -0.2767 -0.1875 -0.9425
vn -0.2493 0.4660 -0.8489
vn -0.2372 -0.5397 -0.8077
vn -0.2767 0.1875 -0.9425
vn -0.2122 0.6578 -0.7226
vn -0.7424 -0.1875 -0.6432
vn -0.6216 0.5578 -0.5499
vn -0.6363 -0.5397 -0.5512
vn -0.7424 0.1875 -0.6432
vn -0.2878 -0.1898 -0.9387
vn -0.2297 0.5690 -0.7896
vn -0.2527 -0.5417 -0.8017
vn -0.2842 0.1851 -0.9407
vn 0.2373 -0.5436 -0.8051
vn 0.2765 0.1829 -0.9434
vn 0.2766 -0.1920 -0.9416
vn 0.2276 0.5677 -0.7911
vn 0.7422 0.1846 -0.6443
vn 0.7423 -0.1903 -0.6425
vn 0.6176 0.5582 -0.5541
vn 0.6364 -0.5422 -0.5487
vn 0.9723 -0.1878 -0.1390
vn -0.0000 1.0000 -0.0000
vn 0.8335 -0.5400 -0.1173
vn 0.9722 0.1872 -0.1409
vn 0.7799 0.5200 0.3483
vn 0.7661 -0.5377 0.3522
vn 0.2628 0.7817 0.5655
vn 0.8937 -0.1851 0.4088
vn 0.4555 -0.5360 0.7108
vn 0.5311 0.1918 0.8253
vn 0.5313 -0.1832 0.8272
vn 0.0076 -0.1850 0.9827
vn 0.0175 0.5020 0.8647
vn 0.0026 -0.5376 0.8432
vn 0.0119 0.1899 0.9817
vn -0.5310 -0.1875 0.8264
vn -0.4710 0.5048 0.7234
vn -0.4551 -0.5397 0.7083
vn -0.5310 0.1875 0.8264
vn -0.7657 -0.5397 0.3498
vn -0.7816 0.5184 0.3469
vn -0.8333 -0.5397 -0.1197
vn -0.9723 0.1875 -0.1397
vn -0.9723 -0.1875 -0.1397
vn -0.8328 0.5380 -0.1304
vn 0.6478 0.7561 -0.0932
vn 0.6036 0.7481 0.2756
vn 0.3665 0.7352 0.5702
vn -0.0000 0.7210 0.6929
vn -0.3805 0.7104 0.5921
vn -0.6429 0.7075 0.2936
vn -0.6937 0.7134 -0.0997
vn -0.5200 0.7257 -0.4505
vn -0.1895 0.7400 -0.6454
vn 0.9188 0.1782 0.3523
vn 0.4935 0.7574 -0.4276
vn -0.0000 0.9866 -0.1634
vn -0.1362 -0.9905 0.0196
vn -0.0000 -0.9863 -0.1653
vn -0.0859 0.9873 -0.1336
vn 0.0342 0.9926 0.1164
vn 0.1349 0.9889 -0.0616
vn -0.0870 -0.9870 -0.1353
vn 0.0345 -0.9925 0.1176
vn 0.1360 -0.9888 -0.0621
vn -0.0954 0.9920 0.0827
vn -0.0966 -0.9918 0.0837
vn 0.0956 0.9920 0.0828
vn 0.0001 -0.0346 0.9994
vn -0.9893 -0.0314 -0.1421
vn -0.9092 -0.0291 0.4153
vn -0.5403 -0.0303 0.8409
vn 0.5403 -0.0407 0.8405
vn 0.9087 -0.0467 0.4149
vn 0.9885 -0.0506 -0.1422
vn 0.7547 -0.0512 -0.6541
vn 0.2813 -0.0483 -0.9584
vn -0.2816 -0.0429 -0.9586
vn -0.7553 -0.0366 -0.6543
vn -0.9898 -0.0040 0.1425
vn -0.7495 -0.1256 0.6500
vn -0.0001 0.5884 -0.8086
vn -0.4722 0.4858 -0.7355
vn -0.2768 -0.1800 0.9439
vn 0.2768 -0.1880 0.9424
vn -0.8873 0.2195 -0.4056
vn -0.1345 0.9890 -0.0614
vn 0.0860 0.9873 -0.1338
vn 0.0965 -0.9918 0.0836
vn -0.1364 -0.9887 -0.0623
vn 0.0868 -0.9870 -0.1351
vn -0.0341 0.9926 0.1163
vn 0.1358 -0.9905 0.0195
vn -0.0345 -0.9925 0.1177
vn 0.1347 0.9907 0.0193
vn -0.1343 0.9907 0.0193
vn 0.2767 -0.1875 -0.9425
vn 0.2467 0.4830 -0.8402
vn 0.2767 0.1875 -0.9425
vn 0.2126 0.6563 -0.7239
vn 0.1858 0.7515 -0.6330
vn -0.9662 0.0926 -0.2408
vn -0.1144 0.9138 0.3897
vn 0.9515 0.0516 0.3033
vn 0.1144 -0.9138 -0.3897
vn -0.9640 0.1706 -0.2040
vn -0.9644 0.0516 -0.2593
vn 0.9650 -0.0611 0.2550
vn 0.8935 0.1899 0.4070
vn 0.3577 0.7951 -0.4898
vn 0.0699 -0.7950 0.6026
vn 0.1686 -0.8099 -0.5619
vn 0.4764 0.5062 0.7189
vn 0.8326 0.5379 -0.1322
vn 0.2485 -0.4894 0.8359
vn 0.6859 0.6568 0.3133
vn 0.4440 -0.4403 -0.7804
vn -0.2926 0.5392 -0.7897
vn 0.0094 -0.6333 0.7739
vn 0.0288 0.5016 -0.8646
vn 0.2203 -0.5457 -0.8085
vn 0.7871 0.5013 0.3595
vn 0.2178 -0.5194 -0.8263
vn -0.2317 0.7349 0.6373
vn 0.0100 -0.6352 0.7723
vn 0.8935 0.1875 0.4080
vn 0.1450 0.9875 0.0615
vn -0.0776 0.0178 0.9968
vn -0.0885 -0.0368 0.9954
vn -0.1514 -0.9875 0.0429
vn -0.1275 0.9796 -0.1556
vn 0.0094 0.9956 0.0931
vn -0.1452 0.9892 0.0209
vn -0.0094 -0.9956 -0.0931
vn 0.0940 0.9830 -0.1580
vn -0.1098 -0.9832 0.1458
vn -0.0097 0.9960 0.0894
vn 0.1265 0.9919 0.0074
vn -0.1664 0.9836 -0.0692
vn -0.0940 -0.9830 0.1580
vn -0.1391 -0.9878 0.0705
vn 0.0762 0.9947 0.0686
vn 0.1098 0.9832 -0.1458
vn -0.0276 0.9775 -0.2090
vn 0.1275 -0.9796 0.1556
vn 0.0797 -0.9937 -0.0785
vn 0.1391 0.9878 -0.0705
vn 0.1452 -0.9892 -0.0209
vn -0.1265 -0.9919 -0.0074
vn 0.0276 -0.9775 0.2090
vn 0.0097 -0.9960 -0.0894
vn -0.0797 0.9937 0.0785
vn 0.0435 0.9789 -0.1999
vn -0.0435 -0.9789 0.1999
vn 0.1664 -0.9836 0.0692
vn -0.0762 -0.9947 -0.0686
vn -0.9095 0.0355 0.4143
vn 0.5408 0.0546 0.8394
vn 0.7558 0.0401 0.6536
vn 0.5404 -0.0624 -0.8391
vn 0.3029 0.0641 0.9508
vn 0.9898 0.0027 0.1422
vn -0.3029 -0.0641 -0.9508
vn -0.9897 0.0171 0.1418
vn -0.5404 0.0624 0.8391
vn -0.0224 -0.0694 -0.9973
vn -0.9898 -0.0027 -0.1422
vn 0.1261 -0.9919 -0.0120
vn -0.1380 0.9883 -0.0653
vn 0.1059 -0.9849 0.1372
vn -0.1261 0.9919 0.0120
vn 0.0746 -0.9947 -0.0705
vn 0.0411 0.9806 -0.1916
vn -0.0411 -0.9806 0.1916
vn 0.1380 -0.9883 0.0653
vn -0.0746 0.9947 0.0705
vn 0.0219 -0.9812 0.1916
vn -0.0219 0.9812 -0.1916
vn -0.1059 0.9849 -0.1372
vn -0.5408 -0.0546 -0.8394
vn -0.2815 0.0688 0.9571
vn -0.7555 0.0510 0.6531
vn 0.9897 -0.0171 -0.1418
vn 0.9095 -0.0355 -0.4143
vn 0.7555 -0.0510 -0.6531
vn 0.2815 -0.0688 -0.9571
vn 0.9097 0.0223 0.4147
vn -0.7558 -0.0401 -0.6536
vn -0.9097 -0.0223 -0.4147
vn 0.0224 0.0694 0.9973
vn 0.1151 -0.9928 0.0341
vn -0.1236 -0.9919 0.0279
vn 0.0876 -0.9958 -0.0250
vn -0.1151 0.9928 -0.0341
vn 0.0946 0.9949 0.0362
vn -0.0636 0.9868 -0.1487
vn 0.0636 -0.9868 0.1487
vn -0.1133 -0.9888 0.0973
vn 0.0672 0.9864 -0.1501
vn -0.0876 0.9958 0.0250
vn 0.0328 -0.9977 -0.0598
vn 0.1063 -0.9894 0.0988
vn -0.0328 0.9977 0.0598
vn 0.1236 0.9919 -0.0279
vn -0.1063 0.9894 -0.0988
vn -0.0672 -0.9864 0.1501
vn 0.0581 0.9965 0.0597
vn -0.0581 -0.9965 -0.0597
vn -0.0946 -0.9949 -0.0362
vn 0.0036 0.9857 -0.1686
vn 0.1133 0.9888 -0.0973
vn -0.0036 -0.9857 0.1686
vn -0.2816 0.0441 0.9585
vn 0.9096 -0.0191 -0.4151
vn -0.9898 -0.0065 -0.1421
vn 0.2816 -0.0441 -0.9585
vn -0.7558 -0.0301 -0.6541
vn 0.9898 0.0065 0.1421
vn -0.9096 0.0191 0.4151
vn 0.5405 -0.0387 -0.8404
vn 0.7558 0.0301 0.6541
vn -0.5405 0.0387 0.8404
vn 0.7556 -0.0301 -0.6543
vn -0.7556 0.0301 0.6543
vn -0.3026 -0.0438 -0.9521
vn 0.0007 0.9985 -0.0546
vn -0.0007 -0.9985 0.0546
vn 0.0048 0.9990 -0.0453
vn -0.0048 -0.9990 0.0453
vn 0.0031 0.9988 -0.0493
vn -0.0031 -0.9988 0.0493
vn -0.0026 -0.9987 0.0501
vn 0.0026 0.9987 -0.0501
vn 0.0220 0.9983 -0.0546
vn -0.0220 -0.9983 0.0546
vn -0.0037 -0.9991 0.0428
vn 0.0037 0.9991 -0.0428
vn 0.0063 0.9988 -0.0490
vn -0.0063 -0.9988 0.0490
vn 0.0044 0.9988 -0.0480
vn -0.0044 -0.9988 0.0480
vn -0.0034 -0.9987 0.0515
vn 0.0034 0.9987 -0.0515
vn 0.0017 0.9989 -0.0476
vn -0.0017 -0.9989 0.0476
vn 0.0025 0.9986 -0.0534
vn -0.0025 -0.9986 0.0534
vn 0.5405 -0.0421 -0.8403
vn 0.2816 -0.0480 -0.9583
vn -0.5405 0.0421 0.8403
vn -0.7556 0.0327 0.6542
vn -0.9898 0.0071 0.1423
vn 0.7556 -0.0327 -0.6542
vn 0.9898 -0.0071 -0.1423
vn -0.2816 0.0480 0.9583
vn 0.9097 0.0208 0.4147
vn 0.0223 0.0500 0.9985
vn -0.9097 -0.0208 -0.4147
vn -0.0223 -0.0500 -0.9985
vn 0.0223 0.0460 0.9987
vn -0.0223 -0.0460 -0.9987
vn -0.5408 -0.0387 -0.8403
vn 0.5408 0.0387 0.8403
vn 0.9097 0.0191 0.4148
vn 0.3026 0.0438 0.9521
vn -0.9097 -0.0191 -0.4148
vn -0.9898 0.0066 0.1423
vn 0.9898 -0.0066 -0.1423
vn 0.9096 -0.0208 -0.4150
vn -0.9898 -0.0071 -0.1420
vn -0.9096 0.0208 0.4150
vn -0.5408 -0.0420 -0.8401
vn 0.9898 0.0071 0.1420
vn 0.5408 0.0420 0.8401
vn -0.7558 -0.0327 -0.6540
vn 0.7558 0.0327 0.6540
vn -0.3026 -0.0476 -0.9519
vn 0.3026 0.0476 0.9519
vn 0.8279 -0.3346 0.4501
vn 0.9968 0.0156 -0.0782
vn -0.7497 -0.6175 0.2378
vn -0.8455 0.5258 -0.0928
vn 0.4408 -0.8692 0.2241
vn -0.0000 0.9590 -0.2833
vn 0.3500 0.9076 -0.2319
vn -0.9108 -0.3599 -0.2021
vn 0.9124 -0.1136 0.3933
vn -0.7657 0.4403 -0.4689
vn 0.1203 -0.9042 0.4098
vn 0.0055 0.2767 0.9609
vn 0.8392 -0.5145 -0.1762
vn -0.5672 -0.8236 -0.0067
vn -0.0000 0.9434 -0.3317
vn 0.8802 0.3570 -0.3127
vn -0.0628 -0.9980 0.0017
vn -0.9838 0.0445 -0.1735
vn 0.8878 -0.4590 0.0338
vn -0.0158 0.9543 0.2985
vn -0.8817 -0.4466 -0.1523
vn 0.1443 0.8392 0.5244
vn 0.9234 0.3838 -0.0085
vn 0.0037 -0.9668 -0.2554
vn -0.8279 0.4473 0.3384
vn -0.3648 -0.1229 -0.9229
vn 0.8844 -0.4653 -0.0367
vn -0.9479 0.3178 -0.0227
vn 0.8419 0.4734 0.2591
vn -0.2154 -0.9123 -0.3483
vn -0.9004 -0.3552 -0.2511
vn 0.6054 0.7942 -0.0534
vn -0.8852 0.4636 0.0391
vn 0.9901 -0.1351 0.0378
vn 0.0824 0.9946 -0.0628
vn -0.8897 -0.4394 0.1241
vn -0.0159 -0.9907 0.1352
vn -0.4588 0.8769 0.1433
vn 0.3217 -0.7904 0.5214
vn -0.3839 0.5605 0.7338
vn 0.1397 -0.5176 0.8442
vn 0.4563 -0.8059 -0.3773
vn -0.3819 0.8595 -0.3398
vn 0.3718 -0.5279 -0.7636
vn -0.2068 0.6257 -0.7522
vn 0.8330 0.5395 -0.1226
vn 0.4550 0.5434 0.7055
vn 0.7656 0.5418 0.3469
vn 0.6359 0.5373 -0.5541
vn -0.0049 -0.9990 0.0453
vn 0.0049 0.9990 -0.0453
vt 0.727273 0.125000
vt 0.727273 0.250000
vt 0.636364 0.250000
vt 0.636364 0.125000
vt 0.636364 0.750000
vt 0.636364 0.625000
vt 0.727273 0.750000
vt 0.727273 0.875000
vt 0.727273 0.375000
vt 0.636364 0.375000
vt 0.727273 0.500000
vt 0.454545 0.125000
vt 0.636364 0.875000
vt 0.545455 0.375000
vt 0.545455 0.250000
vt 0.636364 0.500000
vt 0.545455 0.625000
vt 0.545455 0.500000
vt 0.545455 0.875000
vt 0.545455 0.750000
vt 0.545455 0.125000
vt 0.468251 0.625000
vt 0.454545 0.587572
vt 0.454545 0.547220
vt 0.468797 0.500000
vt 0.454545 0.875000
vt 0.454545 0.809603
vt 0.476004 0.750000
vt 0.454545 0.250000
vt 0.454545 0.125000
vt 0.454545 0.457756
vt 0.454545 0.375000
vt 0.454545 0.692066
vt 0.454545 0.669548
vt 0.363636 0.250000
vt 0.363636 0.125000
vt 0.436278 0.500000
vt 0.363636 0.500000
vt 0.363636 0.375000
vt 0.429191 0.750000
vt 0.363636 0.625000
vt 0.363636 0.750000
vt 0.272727 0.750000
vt 0.272727 0.625000
vt 0.272727 0.375000
vt 0.272727 0.250000
vt 0.272727 0.500000
vt 0.363636 0.875000
vt 0.272727 0.875000
vt 0.272727 0.125000
vt 0.181818 0.375000
vt 0.181818 0.250000
vt 0.244464 0.625000
vt 0.244760 0.569458
vt 0.224458 0.550418
vt 0.206859 0.588245
vt 0.219067 0.625000
vt 0.181818 0.625000
vt 0.181818 0.500000
vt 0.181818 0.875000
vt 0.181818 0.750000
vt 0.181818 0.125000
vt 0.211098 0.663146
vt 0.217220 0.696721
vt 0.236752 0.693483
vt 0.248501 0.669869
vt 0.090909 0.875000
vt 0.090909 0.750000
vt 0.090909 0.250000
vt 0.090909 0.125000
vt 0.090909 0.500000
vt 0.090909 0.375000
vt 0.090909 0.625000
vt 0.000000 0.250000
vt 0.000000 0.125000
vt 0.000000 0.500000
vt 0.000000 0.375000
vt 0.000000 0.750000
vt 0.000000 0.625000
vt 0.000000 0.875000
vt 1.000000 0.250000
vt 1.000000 0.375000
vt 0.909091 0.375000
vt 0.909091 0.250000
vt 1.000000 0.500000
vt 1.000000 0.625000
vt 0.909091 0.625000
vt 0.909091 0.500000
vt 1.000000 0.750000
vt 1.000000 0.875000
vt 0.909091 0.875000
vt 0.909091 0.750000
vt 1.000000 0.125000
vt 0.909091 0.125000
vt 0.818182 0.375000
vt 0.818182 0.250000
vt 0.818182 0.625000
vt 0.818182 0.500000
vt 0.818182 0.875000
vt 0.818182 0.750000
vt 0.818182 0.125000
vt 0.727273 0.625000
vt 0.758522 0.625000
vt 0.750785 0.656956
vt 0.758257 0.688292
vt 0.776267 0.685496
vt 0.781671 0.657882
vt 0.775539 0.625000
vt 0.778790 0.605109
vt 0.778352 0.557795
vt 0.754864 0.536722
vt 0.744440 0.573609
vt 0.727273 0.375000
vt 0.636364 0.500000
vt 0.636364 0.375000
vt 0.727273 0.625000
vt 0.727273 0.750000
vt 0.636364 0.625000
vt 0.727273 0.250000
vt 0.545455 0.750000
vt 0.545455 0.625000
vt 0.454545 0.375000
vt 0.454545 0.250000
vt 0.454545 0.625000
vt 0.454545 0.500000
vt 0.454545 0.750000
vt 0.407180 0.625000
vt 0.363636 0.583258
vt 0.363636 0.500000
vt 0.363636 0.673368
vt 0.307594 0.500000
vt 0.272727 0.452095
vt 0.181818 0.665124
vt 0.141056 0.625000
vt 0.331301 0.625000
vt 0.272727 0.540977
vt 0.181818 0.750000
vt 0.214222 0.625000
vt 0.181818 0.375000
vt 0.181818 0.250000
vt 0.237520 0.500000
vt 0.181818 0.500000
vt 0.090909 0.375000
vt 0.090909 0.250000
vt 0.181818 0.585520
vt 0.090909 0.500000
vt 0.000000 0.500000
vt 0.090909 0.750000
vt 1.000000 0.375000
vt 0.909091 0.500000
vt 0.909091 0.375000
vt 1.000000 0.625000
vt 1.000000 0.750000
vt 0.909091 0.750000
vt 0.909091 0.625000
vt 1.000000 0.250000
vt 0.909091 0.250000
vt 0.818182 0.375000
vt 0.818182 0.250000
vt 0.818182 0.625000
vt 0.818182 0.500000
vt 0.818182 0.750000
vt 0.363636 0.125000
vt 0.272727 0.125000
vt 0.181818 0.125000
vt 0.090909 0.125000
vt 1.000000 0.125000
vt 0.909091 0.125000
vt 0.818182 0.125000
vt 0.727273 0.125000
vt 0.636364 0.125000
vt 0.545455 0.125000
vt 0.272727 0.500000
vt 0.435764 0.625000
vt 0.000000 0.000000
vt 0.454545 0.750000
vt 0.454545 0.625000
vt 0.454545 0.500000
vt 0.181818 0.625000
s 0
usemtl Матеріал.007
f 76/1/1 75/2/1 6/3/1 7/4/1
f 75/2/4 74/9/4 5/10/4 6/3/4
f 6/3/7 5/10/7 12/14/7 13/15/7
f 4/16/8 3/6/8 10/17/8 11/18/8
f 2/5/9 1/13/9 8/19/9 9/20/9
f 7/4/10 6/3/10 13/15/10 14/21/10
f 5/10/11 4/16/11 11/18/11 12/14/11
f 3/6/12 2/5/12 9/20/12 10/17/12
f 11/18/13 10/17/13 375/22/13 374/23/13 378/24/13 380/25/13
f 9/20/14 8/19/14 15/26/14 371/27/14 373/28/14
f 14/21/15 13/15/15 19/29/15 20/30/15
f 12/14/16 11/18/16 380/25/16 381/31/16 18/32/16
f 10/17/17 9/20/17 373/28/17 372/33/17 376/34/17 375/22/17
f 13/15/18 12/14/18 18/32/18 19/29/18
f 20/30/19 19/29/19 26/35/19 27/36/19
f 18/32/20 381/31/20 379/37/20 24/38/20 25/39/20
f 375/22/21 376/34/21 16/34/21 1015/22/21
f 19/29/22 18/32/22 25/39/22 26/35/22
f 378/24/23 379/37/23 1018/37/23 1013/24/23
f 371/27/24 370/40/24 1009/40/24 1007/27/24
f 23/41/25 22/42/25 29/43/25 30/44/25
f 26/35/26 25/39/26 32/45/26 33/46/26
f 24/38/27 23/41/27 30/44/27 31/47/27
f 22/42/28 21/48/28 28/49/28 29/43/28
f 27/36/29 26/35/29 33/46/29 34/50/29
f 25/39/30 24/38/30 31/47/30 32/45/30
f 33/46/31 32/45/31 39/51/31 40/52/31
f 31/47/32 30/44/32 955/53/32 934/53/32 938/54/32 937/55/32 936/56/32 935/57/32 956/57/32 37/58/32 38/59/32
f 29/43/33 28/49/33 35/60/33 36/61/33
f 34/50/34 33/46/34 40/52/34 41/62/34
f 32/45/35 31/47/35 38/59/35 39/51/35
f 30/44/36 29/43/36 36/61/36 37/58/36 956/57/36 957/63/36 958/64/36 959/65/36 960/66/36 955/53/36
f 36/61/37 35/60/37 42/67/37 43/68/37
f 41/62/38 40/52/38 47/69/38 48/70/38
f 39/51/39 38/59/39 45/71/39 46/72/39
f 37/58/40 36/61/40 43/68/40 44/73/40
f 40/52/41 39/51/41 46/72/41 47/69/41
f 38/59/42 37/58/42 44/73/42 45/71/42
f 48/70/43 47/69/43 54/74/43 55/75/43
f 46/72/44 45/71/44 52/76/44 53/77/44
f 44/73/45 43/68/45 50/78/45 51/79/45
f 47/69/46 46/72/46 53/77/46 54/74/46
f 45/71/47 44/73/47 51/79/47 52/76/47
f 43/68/48 42/67/48 49/80/48 50/78/48
f 54/81/49 53/82/49 60/83/49 61/84/49
f 52/85/50 51/86/50 58/87/50 59/88/50
f 50/89/51 49/90/51 56/91/51 57/92/51
f 55/93/52 54/81/52 61/84/52 62/94/52
f 53/82/53 52/85/53 59/88/53 60/83/53
f 51/86/54 50/89/54 57/92/54 58/87/54
f 61/84/55 60/83/55 67/95/55 68/96/55
f 59/88/56 58/87/56 65/97/56 66/98/56
f 57/92/57 56/91/57 63/99/57 64/100/57
f 62/94/58 61/84/58 68/96/58 69/101/58
f 60/83/59 59/88/59 66/98/59 67/95/59
f 58/87/60 57/92/60 64/100/60 65/97/60
f 69/101/61 68/96/61 75/2/61 76/1/61
f 67/95/62 66/98/62 73/11/62 74/9/62
f 65/97/63 64/100/63 71/7/63 72/102/63 928/103/63 961/104/63 962/105/63 963/106/63 964/107/63 929/108/63
f 68/96/64 67/95/64 74/9/64 75/2/64
f 66/98/65 65/97/65 929/108/65 933/109/65 932/110/65 931/111/65 930/112/65 928/103/65 72/102/65 73/11/65
f 64/100/66 63/99/66 70/8/66 71/7/66
f 151/113/67 150/11/67 79/114/67 80/115/67
f 149/116/68 148/117/68 77/5/68 78/118/68
f 152/119/69 151/113/69 80/115/69 81/3/69
f 150/11/70 149/116/70 78/118/70 79/114/70
f 80/115/71 79/114/71 86/18/71 87/14/71
f 78/118/72 77/5/72 84/120/72 85/121/72
f 81/3/73 80/115/73 87/14/73 88/15/73
f 79/114/74 78/118/74 85/121/74 86/18/74
f 88/15/75 87/14/75 94/122/75 95/123/75
f 86/18/76 85/121/76 92/124/76 93/125/76
f 87/14/77 86/18/77 93/125/77 94/122/77
f 85/121/78 84/120/78 91/126/78 92/124/78
f 93/125/79 92/124/79 367/127/79 369/128/79 100/129/79
f 94/122/80 93/125/80 100/129/80 101/39/80
f 92/124/81 91/126/81 98/42/81 366/130/81 367/127/81
f 95/123/82 94/122/82 101/39/82 102/35/82
f 101/39/83 100/129/83 361/131/83 358/132/83 108/45/83
f 365/133/84 362/134/84 1024/134/84 1023/133/84
f 102/35/85 101/39/85 108/45/85 109/46/85
f 100/129/86 369/128/86 368/135/86 106/44/86 360/136/86 361/131/86
f 106/44/87 105/43/87 113/137/87 365/133/87 363/138/87
f 109/46/88 108/45/88 116/139/88 117/140/88
f 108/45/90 358/132/90 359/141/90 115/142/90 116/139/90
f 117/140/91 116/139/91 123/143/91 124/144/91
f 115/142/92 364/145/92 362/134/92 121/73/92 122/146/92
f 116/139/93 115/142/93 122/146/93 123/143/93
f 367/127/84 366/130/84 17/130/84 1021/127/84
f 123/143/94 122/146/94 129/147/94 130/77/94
f 121/73/95 120/148/95 127/78/95 128/79/95
f 124/144/96 123/143/96 130/77/96 131/74/96
f 122/146/97 121/73/97 128/79/97 129/147/97
f 130/149/98 129/85/98 136/150/98 137/151/98
f 128/152/99 127/153/99 134/154/99 135/155/99
f 131/156/100 130/149/100 137/151/100 138/157/100
f 129/85/101 128/152/101 135/155/101 136/150/101
f 138/157/102 137/151/102 144/158/102 145/159/102
f 136/150/47 135/155/47 142/160/47 143/161/47
f 137/151/44 136/150/44 143/161/44 144/158/44
f 135/155/103 134/154/103 141/162/103 142/160/103
f 145/159/104 144/158/104 151/113/104 152/119/104
f 143/161/105 142/160/105 149/116/105 150/11/105
f 144/158/106 143/161/106 150/11/106 151/113/106
f 142/160/107 141/162/107 148/117/107 149/116/107
f 103/163/108 110/164/108 15/26/108 8/19/108
f 110/164/109 118/165/109 21/48/109 15/26/109
f 118/165/110 125/166/110 28/49/110 21/48/110
f 125/166/111 132/75/111 35/60/111 28/49/111
f 132/167/112 139/168/112 42/67/112 35/60/112
f 139/168/113 146/169/113 49/80/113 42/67/113
f 146/169/114 153/170/114 56/91/114 49/90/114
f 153/170/115 82/171/115 63/99/115 56/91/115
f 82/171/116 89/172/116 70/8/116 63/99/116
f 96/12/118 103/163/118 8/19/118 1/13/118
f 335/75/84 345/75/84 154/75/84 164/75/84
f 165/156/84 164/167/84 154/167/84 155/156/84
f 166/166/84 167/144/84 157/144/84 156/166/84
f 138/157/84 145/159/84 198/159/84 196/157/84
f 139/168/84 132/167/84 195/167/84 197/168/84
f 82/171/84 153/170/84 201/170/84 181/171/84
f 102/35/142 109/46/142 188/46/142 186/35/142
f 146/169/84 139/168/84 197/168/84 199/169/84
f 110/164/84 103/163/84 187/163/84 189/164/84
f 95/123/143 102/35/143 186/35/143 184/123/143
f 124/144/144 131/74/144 194/74/144 192/144/144
f 117/140/145 124/144/145 192/144/145 190/140/145
f 103/163/84 96/12/84 185/12/84 187/163/84
f 132/75/84 125/166/84 193/166/84 195/75/84
f 145/159/84 152/119/84 200/119/84 198/159/84
f 125/166/84 118/165/84 191/165/84 193/166/84
f 88/15/146 95/123/146 184/123/146 182/15/146
f 81/3/147 88/15/147 182/15/147 180/3/147
f 96/12/84 89/172/84 183/172/84 185/12/84
f 153/170/84 146/169/84 199/169/84 201/170/84
f 109/46/148 117/140/148 190/140/148 188/46/148
f 89/172/84 82/171/84 181/171/84 183/172/84
f 118/165/84 110/164/84 189/164/84 191/165/84
f 131/156/84 138/157/84 196/157/84 194/156/84
f 152/119/84 81/3/84 180/3/84 200/119/84
f 187/163/84 185/12/84 207/12/84 209/163/84
f 190/140/84 192/144/84 214/144/84 212/140/84
f 195/75/84 193/166/84 215/166/84 217/75/84
f 198/159/84 200/119/84 222/119/84 220/159/84
f 193/166/84 191/165/84 213/165/84 215/166/84
f 182/15/84 184/123/84 206/123/84 204/15/84
f 180/3/84 182/15/84 204/15/84 202/3/84
f 185/12/84 183/172/84 205/172/84 207/12/84
f 201/170/84 199/169/84 221/169/84 223/170/84
f 188/46/84 190/140/84 212/140/84 210/46/84
f 183/172/84 181/171/84 203/171/84 205/172/84
f 202/3/84 204/15/84 226/15/84 224/3/84
f 222/119/84 202/3/84 224/3/84 244/119/84
f 215/166/84 213/165/84 235/165/84 237/166/84
f 205/172/84 203/171/84 225/171/84 227/172/84
f 216/156/84 218/157/84 240/157/84 238/156/84
f 206/123/84 208/35/84 230/35/84 228/123/84
f 203/171/84 223/170/84 245/170/84 225/171/84
f 219/168/84 217/167/84 239/167/84 241/168/84
f 209/163/84 207/12/84 229/12/84 231/163/84
f 223/170/84 221/169/84 243/169/84 245/170/84
f 210/46/84 212/140/84 234/140/84 232/46/84
f 192/144/84 194/74/84 216/74/84 214/144/84
f 184/123/84 186/35/84 208/35/84 206/123/84
f 189/164/84 187/163/84 209/163/84 211/164/84
f 199/169/84 197/168/84 219/168/84 221/169/84
f 186/35/84 188/46/84 210/46/84 208/35/84
f 181/171/84 201/170/84 223/170/84 203/171/84
f 197/168/84 195/167/84 217/167/84 219/168/84
f 196/157/84 198/159/84 220/159/84 218/157/84
f 200/119/84 180/3/84 202/3/84 222/119/84
f 194/156/84 196/157/84 218/157/84 216/156/84
f 191/165/84 189/164/84 211/164/84 213/165/84
f 224/3/84 226/15/84 248/15/84 246/3/84
f 244/119/84 224/3/84 246/3/84 266/119/84
f 237/166/84 235/165/84 257/165/84 259/166/84
f 227/172/84 225/171/84 247/171/84 249/172/84
f 238/156/84 240/157/84 262/157/84 260/156/84
f 228/123/84 230/35/84 252/35/84 250/123/84
f 225/171/84 245/170/84 267/170/84 247/171/84
f 241/168/84 239/167/84 261/167/84 263/168/84
f 231/163/84 229/12/84 251/12/84 253/163/84
f 245/170/84 243/169/84 265/169/84 267/170/84
f 232/46/84 234/140/84 256/140/84 254/46/84
f 212/140/84 214/144/84 236/144/84 234/140/84
f 211/164/84 209/163/84 231/163/84 233/164/84
f 221/169/84 219/168/84 241/168/84 243/169/84
f 208/35/84 210/46/84 232/46/84 230/35/84
f 218/157/84 220/159/84 242/159/84 240/157/84
f 207/12/84 205/172/84 227/172/84 229/12/84
f 217/75/84 215/166/84 237/166/84 239/75/84
f 204/15/84 206/123/84 228/123/84 226/15/84
f 214/144/84 216/74/84 238/74/84 236/144/84
f 213/165/84 211/164/84 233/164/84 235/165/84
f 220/159/84 222/119/84 244/119/84 242/159/84
f 256/140/84 258/144/84 280/144/84 278/140/84
f 246/3/84 248/15/84 270/15/84 268/3/84
f 266/119/84 246/3/84 268/3/84 288/119/84
f 259/166/84 257/165/84 279/165/84 281/166/84
f 249/172/84 247/171/84 269/171/84 271/172/84
f 260/156/84 262/157/84 284/157/84 282/156/84
f 250/123/84 252/35/84 274/35/84 272/123/84
f 247/171/84 267/170/84 289/170/84 269/171/84
f 263/168/84 261/167/84 283/167/84 285/168/84
f 253/163/84 251/12/84 273/12/84 275/163/84
f 267/170/84 265/169/84 287/169/84 289/170/84
f 234/140/84 236/144/84 258/144/84 256/140/84
f 233/164/84 231/163/84 253/163/84 255/164/84
f 243/169/84 241/168/84 263/168/84 265/169/84
f 230/35/84 232/46/84 254/46/84 252/35/84
f 240/157/84 242/159/84 264/159/84 262/157/84
f 229/12/84 227/172/84 249/172/84 251/12/84
f 239/75/84 237/166/84 259/166/84 261/75/84
f 226/15/84 228/123/84 250/123/84 248/15/84
f 236/144/84 238/74/84 260/74/84 258/144/84
f 235/165/84 233/164/84 255/164/84 257/165/84
f 242/159/84 244/119/84 266/119/84 264/159/84
f 271/172/84 269/171/84 295/171/84 297/172/84
f 282/156/84 284/157/84 310/157/84 308/156/84
f 272/123/84 274/35/84 300/35/84 298/123/84
f 293/75/84 291/166/84 317/166/84 319/75/84
f 269/171/84 289/170/84 315/170/84 295/171/84
f 285/168/84 283/167/84 309/167/84 311/168/84
f 275/163/84 273/12/84 299/12/84 301/163/84
f 289/170/84 287/169/84 313/169/84 315/170/84
f 276/46/84 278/140/84 304/140/84 302/46/84
f 286/159/84 288/119/84 314/119/84 312/159/84
f 279/165/84 277/164/84 303/164/84 305/165/84
f 255/164/84 253/163/84 275/163/84 277/164/84
f 265/169/84 263/168/84 285/168/84 287/169/84
f 252/35/84 254/46/84 276/46/84 274/35/84
f 262/157/84 264/159/84 286/159/84 284/157/84
f 251/12/84 249/172/84 271/172/84 273/12/84
f 261/75/84 259/166/84 281/166/84 283/75/84
f 248/15/84 250/123/84 272/123/84 270/15/84
f 258/144/84 260/74/84 282/74/84 280/144/84
f 257/165/84 255/164/84 277/164/84 279/165/84
f 264/159/84 266/119/84 288/119/84 286/159/84
f 254/46/84 256/140/84 278/140/84 276/46/84
f 283/75/84 293/75/84 319/75/84 309/75/84
f 280/144/84 282/74/84 292/74/84 290/144/84
f 270/15/84 272/123/84 298/123/84 296/15/84
f 283/75/84 281/166/84 291/166/84 293/75/84
f 298/123/84 300/35/84 326/35/84 324/123/84
f 309/75/84 319/75/84 345/75/84 335/75/84
f 301/163/84 299/12/84 325/12/84 327/163/84
f 314/119/84 294/3/84 320/3/84 340/119/84
f 302/46/84 304/140/84 330/140/84 328/46/84
f 318/74/84 308/74/84 334/74/84 344/74/84
f 308/156/84 310/157/84 336/157/84 334/156/84
f 295/171/84 315/170/84 341/170/84 321/171/84
f 305/165/84 303/164/84 329/164/84 331/165/84
f 317/166/84 307/166/84 333/166/84 343/166/84
f 311/168/84 309/167/84 335/167/84 337/168/84
f 296/15/84 298/123/84 324/123/84 322/15/84
f 315/170/84 313/169/84 339/169/84 341/170/84
f 281/166/84 279/165/84 305/165/84 307/166/84
f 288/119/84 268/3/84 294/3/84 314/119/84
f 290/144/84 292/74/84 318/74/84 316/144/84
f 268/3/84 270/15/84 296/15/84 294/3/84
f 278/140/84 280/144/84 306/144/84 304/140/84
f 280/144/84 290/144/84 316/144/84 306/144/84
f 277/164/84 275/163/84 301/163/84 303/164/84
f 287/169/84 285/168/84 311/168/84 313/169/84
f 291/166/84 281/166/84 307/166/84 317/166/84
f 274/35/84 276/46/84 302/46/84 300/35/84
f 284/157/84 286/159/84 312/159/84 310/157/84
f 273/12/84 271/172/84 297/172/84 299/12/84
f 292/74/84 282/74/84 308/74/84 318/74/84
f 344/74/84 334/74/84 165/74/84 155/74/84
f 343/166/84 333/166/84 166/166/84 156/166/84
f 332/144/84 342/144/84 157/144/84 167/144/84
f 325/12/156 323/172/156 176/172/156 174/12/156
f 313/169/84 311/168/84 337/168/84 339/169/84
f 297/172/84 295/171/84 321/171/84 323/172/84
f 307/166/84 305/165/84 331/165/84 333/166/84
f 310/157/84 312/159/84 338/159/84 336/157/84
f 294/3/84 296/15/84 322/15/84 320/3/84
f 304/140/84 306/144/84 332/144/84 330/140/84
f 319/75/84 317/166/84 343/166/84 345/75/84
f 303/164/84 301/163/84 327/163/84 329/164/84
f 316/144/84 318/74/84 344/74/84 342/144/84
f 300/35/84 302/46/84 328/46/84 326/35/84
f 312/159/84 314/119/84 340/119/84 338/159/84
f 299/12/84 297/172/84 323/172/84 325/12/84
f 306/144/84 316/144/84 342/144/84 332/144/84
f 89/172/165 96/12/165 357/12/165 356/172/165
f 73/11/169 72/102/169 353/102/169 354/11/169
f 359/141/171 360/136/171 106/44/171 363/138/171 364/145/171 115/142/171
f 369/128/84 367/127/84 1021/127/84 1027/128/84
f 362/134/84 364/145/84 1026/145/84 1024/134/84
f 362/134/175 365/133/175 113/137/175 120/148/175 121/73/175
f 364/145/84 363/138/84 1025/138/84 1026/145/84
f 368/135/84 369/128/84 1027/128/84 1022/135/84
f 363/138/84 365/133/84 1023/133/84 1025/138/84
f 366/130/84 368/135/84 1022/135/84 17/130/84
f 368/135/176 366/130/176 98/42/176 105/43/176 106/44/176
f 370/40/178 371/27/178 15/26/178 21/48/178 22/42/178
f 373/28/180 371/27/180 1007/27/180 1011/28/180
f 380/25/182 378/24/182 1013/24/182 1019/25/182
f 377/174/184 376/34/184 372/33/184 370/40/184 22/42/184 23/41/184
f 376/34/186 377/174/186 1016/174/186 16/34/186
f 379/37/188 378/24/188 374/23/188 377/174/188 23/41/188 24/38/188
f 126/175/84 119/175/84 410/175/84 412/175/84
f 98/42/84 91/126/84 402/126/84 403/42/84
f 105/43/84 98/42/84 403/42/84 404/43/84
f 133/175/84 126/175/84 412/175/84 413/175/84
f 412/175/84 410/175/84 393/175/84 414/175/84
f 413/175/84 412/175/84 414/175/84 415/175/84
f 404/43/84 403/42/84 400/42/84 399/43/84
f 403/42/84 402/126/84 401/126/84 400/42/84
f 83/175/193 147/175/193 425/175/193 426/175/193
f 402/126/84 91/126/84 418/126/84 472/126/84
f 401/126/197 402/126/197 472/126/197 461/126/197
f 400/42/198 401/126/198 461/126/198 459/42/198
f 393/175/200 392/175/200 451/175/200 449/175/200
f 413/175/202 415/175/202 446/175/202 476/175/202
f 399/43/203 400/42/203 459/42/203 456/43/203
f 415/175/205 414/175/205 448/175/205 446/175/205
f 147/175/206 140/175/206 435/175/206 425/175/206
f 77/5/207 148/117/207 436/117/207 416/5/207
f 414/175/209 393/175/209 449/175/209 448/175/209
f 133/175/84 413/175/84 476/175/84 437/175/84
f 398/137/211 399/43/211 456/43/211 423/137/211
f 84/120/212 77/5/212 416/5/212 417/120/212
f 140/175/215 133/175/215 437/175/215 435/175/215
f 91/126/216 84/120/216 417/120/216 418/126/216
f 436/117/84 434/162/84 466/162/84 470/117/84
f 417/120/84 416/5/84 469/5/84 471/120/84
f 429/175/84 426/175/84 464/175/84 474/175/84
f 425/175/84 435/175/84 475/175/84 465/175/84
f 426/175/84 425/175/84 465/175/84 464/175/84
f 416/5/84 436/117/84 470/117/84 469/5/84
f 418/126/84 417/120/84 471/120/84 472/126/84
f 435/175/84 437/175/84 476/175/84 475/175/84
f 474/175/231 464/175/231 441/175/231 454/175/231
f 469/5/232 470/117/232 443/117/232 442/5/232
f 475/175/235 476/175/235 446/175/235 447/175/235
f 472/126/236 471/120/236 462/120/236 461/126/236
f 470/117/237 466/162/237 422/162/237 443/117/237
f 471/120/239 469/5/239 442/5/239 462/120/239
f 465/175/240 475/175/240 447/175/240 438/175/240
f 464/175/241 465/175/241 438/175/241 441/175/241
f 933/109/341 929/108/341 950/108/341 954/109/341
f 942/54/342 943/53/342 946/53/342 948/54/342
f 935/57/84 936/56/84 940/56/84 939/57/84
f 936/56/84 937/55/84 941/55/84 940/56/84
f 937/55/84 938/54/84 942/54/84 941/55/84
f 938/54/84 934/53/84 943/53/84 942/54/84
f 934/53/84 935/57/84 939/57/84 943/53/84
f 944/57/32 945/56/32 947/55/32 948/54/32 946/53/32
f 940/56/343 941/55/343 947/55/343 945/56/343
f 939/57/344 940/56/344 945/56/344 944/57/344
f 941/55/345 942/54/345 948/54/345 947/55/345
f 943/53/346 939/57/346 944/57/346 946/53/346
f 949/103/65 951/112/65 952/111/65 953/110/65 954/109/65 950/108/65
f 931/111/347 932/110/347 953/110/347 952/111/347
f 928/103/348 930/112/348 951/112/348 949/103/348
f 932/110/349 933/109/349 954/109/349 953/110/349
f 930/112/350 931/111/350 952/111/350 951/112/350
f 929/108/351 928/103/351 949/103/351 950/108/351
f 956/57/84 935/57/84 993/57/84 994/57/84
f 964/107/84 963/106/84 977/106/84 978/107/84
f 958/64/353 957/63/353 995/63/353 996/64/353
f 960/66/354 959/65/354 997/65/354 998/66/354
f 935/57/355 934/53/355 992/53/355 993/57/355
f 957/63/356 956/57/356 994/57/356 995/63/356
f 959/65/357 958/64/357 996/64/357 997/65/357
f 934/53/84 955/53/84 991/53/84 992/53/84
f 955/53/358 960/66/358 998/66/358 991/53/358
f 978/107/359 977/106/359 983/106/359 984/107/359
f 962/105/84 961/104/84 975/104/84 976/105/84
f 929/108/84 964/107/84 978/107/84 974/108/84
f 928/103/84 929/108/84 974/108/84 973/103/84
f 963/106/84 962/105/84 976/105/84 977/106/84
f 961/104/84 928/103/84 973/103/84 975/104/84
f 976/105/361 975/104/361 981/104/361 982/105/361
f 973/103/362 974/108/362 980/108/362 979/103/362
f 974/108/363 978/107/363 984/107/363 980/108/363
f 977/106/364 976/105/364 982/105/364 983/106/364
f 975/104/365 973/103/365 979/103/365 981/104/365
f 996/64/373 995/63/373 1003/63/373 1004/64/373
f 1023/133/378 1024/134/378 1032/134/378 1030/133/378
f 1022/135/379 1027/128/379 1035/128/379 1029/135/379
f 17/130/380 1022/135/380 1029/135/380 114/130/380
f 1021/127/383 17/130/383 114/130/383 1028/127/383
f 1025/138/385 1023/133/385 1030/133/385 1033/138/385
usemtl Матеріал.009
f 370/40/177 372/33/177 1010/33/177 1009/40/177
f 372/33/179 373/28/179 1011/28/179 1010/33/179
f 377/174/181 374/23/181 1017/23/181 1016/174/181
f 381/31/183 380/25/183 1019/25/183 1020/31/183
f 374/23/185 375/22/185 1015/22/185 1017/23/185
f 379/37/187 381/31/187 1020/31/187 1018/37/187
f 111/175/84 104/175/84 406/175/84 408/175/84
f 120/148/84 113/137/84 405/137/84 407/148/84
f 127/78/84 120/148/84 407/148/84 409/78/84
f 119/175/84 112/175/84 411/175/84 410/175/84
f 113/137/84 105/43/84 404/43/84 405/137/84
f 112/175/84 111/175/84 408/175/84 411/175/84
f 408/175/84 406/175/84 397/175/84 395/175/84
f 407/148/84 405/137/84 398/137/84 396/148/84
f 411/175/84 408/175/84 395/175/84 392/175/84
f 410/175/84 411/175/84 392/175/84 393/175/84
f 405/137/84 404/43/84 399/43/84 398/137/84
f 409/78/84 407/148/84 396/148/84 394/78/84
f 406/175/84 104/175/84 431/175/84 463/175/84
f 395/175/194 397/175/194 453/175/194 450/175/194
f 97/175/195 90/175/195 429/175/195 430/175/195
f 394/78/196 396/148/196 428/148/196 452/78/196
f 409/78/199 394/78/199 452/78/199 468/78/199
f 90/175/201 83/175/201 426/175/201 429/175/201
f 392/175/204 395/175/204 450/175/204 451/175/204
f 134/154/208 127/153/208 432/153/208 433/154/208
f 141/162/210 134/154/210 433/154/210 434/162/210
f 127/78/84 409/78/84 468/78/84 432/78/84
f 397/175/213 406/175/213 463/175/213 453/175/213
f 104/175/214 97/175/214 430/175/214 431/175/214
f 148/117/217 141/162/217 434/162/217 436/117/217
f 396/148/218 398/137/218 423/137/218 428/148/218
f 422/162/219 419/154/219 420/154/219 421/162/219
f 428/148/220 423/137/220 424/137/220 427/148/220
f 441/175/221 438/175/221 439/175/221 440/175/221
f 453/175/222 444/175/222 445/175/222 455/175/222
f 438/175/223 447/175/223 457/175/223 439/175/223
f 454/175/224 441/175/224 440/175/224 458/175/224
f 462/120/225 442/5/225 460/5/225 477/120/225
f 448/175/226 449/175/226 483/175/226 485/175/226
f 419/154/227 452/153/227 481/153/227 420/154/227
f 450/175/228 453/175/228 455/175/228 482/175/228
f 443/117/229 422/162/229 421/162/229 487/117/229
f 433/154/84 432/153/84 468/153/84 467/154/84
f 431/175/84 430/175/84 473/175/84 463/175/84
f 434/162/84 433/154/84 467/154/84 466/162/84
f 430/175/84 429/175/84 474/175/84 473/175/84
f 466/162/230 467/154/230 419/154/230 422/162/230
f 473/175/233 474/175/233 454/175/233 444/175/233
f 467/154/234 468/153/234 452/153/234 419/154/234
f 463/175/238 473/175/238 444/175/238 453/175/238
f 451/175/242 450/175/242 482/175/242 484/175/242
f 447/175/243 446/175/243 486/175/243 457/175/243
f 446/175/244 448/175/244 485/175/244 486/175/244
f 456/43/245 459/42/245 479/42/245 480/43/245
f 444/175/246 454/175/246 458/175/246 445/175/246
f 459/42/247 461/126/247 478/126/247 479/42/247
f 461/126/248 462/120/248 477/120/248 478/126/248
f 423/137/249 456/43/249 480/43/249 424/137/249
f 442/5/250 443/117/250 487/117/250 460/5/250
f 449/175/251 451/175/251 484/175/251 483/175/251
f 452/78/252 428/148/252 427/148/252 481/78/252
f 485/175/253 483/175/253 509/175/253 511/175/253
f 458/175/254 440/175/254 493/175/254 497/175/254
f 486/175/255 485/175/255 511/175/255 512/175/255
f 480/43/256 479/42/256 501/42/256 503/43/256
f 460/5/257 487/117/257 513/117/257 498/5/257
f 427/148/258 424/137/258 490/137/258 491/148/258
f 484/175/259 482/175/259 508/175/259 510/175/259
f 445/175/260 458/175/260 497/175/260 494/175/260
f 420/154/261 481/153/261 507/153/261 488/154/261
f 479/42/262 478/126/262 500/126/262 501/42/262
f 457/175/263 486/175/263 512/175/263 496/175/263
f 483/175/264 484/175/264 510/175/264 509/175/264
f 478/126/265 477/120/265 499/120/265 500/126/265
f 487/117/266 421/162/266 489/162/266 513/117/266
f 424/137/267 480/43/267 503/43/267 490/137/267
f 455/175/268 445/175/268 494/175/268 495/175/268
f 477/120/269 460/5/269 498/5/269 499/120/269
f 439/175/270 457/175/270 496/175/270 492/175/270
f 440/175/271 439/175/271 492/175/271 493/175/271
f 481/78/272 427/148/272 491/148/272 507/78/272
f 421/162/273 420/154/273 488/154/273 489/162/273
f 482/175/274 455/175/274 495/175/274 508/175/274
f 534/120/275 535/126/275 667/126/275 666/120/275
f 636/175/276 637/175/276 769/175/276 768/175/276
f 587/126/84 584/126/84 716/126/84 719/126/84
f 533/120/84 534/120/84 666/120/84 665/120/84
f 662/175/277 663/175/277 795/175/277 794/175/277
f 584/126/278 585/120/278 717/120/278 716/126/278
f 535/126/84 532/126/84 664/126/84 667/126/84
f 661/175/84 662/175/84 794/175/84 793/175/84
f 610/154/276 611/162/276 743/162/276 742/154/276
f 532/126/278 533/120/278 665/120/278 664/126/278
f 663/175/84 660/175/84 792/175/84 795/175/84
f 609/154/84 610/154/84 742/154/84 741/154/84
f 558/175/279 559/175/279 691/175/279 690/175/279
f 660/175/280 661/175/280 793/175/280 792/175/280
f 611/162/84 608/162/84 740/162/84 743/162/84
f 557/175/84 558/175/84 690/175/84 689/175/84
f 608/162/281 609/154/281 741/154/281 740/162/281
f 559/175/84 556/175/84 688/175/84 691/175/84
f 634/153/282 635/154/282 767/154/282 766/153/282
f 556/175/283 557/175/283 689/175/283 688/175/283
f 633/153/84 634/153/84 766/153/84 765/153/84
f 582/153/282 583/154/282 715/154/282 714/153/282
f 635/154/84 632/154/84 764/154/84 767/154/84
f 581/153/84 582/153/84 714/153/84 713/153/84
f 632/154/284 633/153/284 765/153/284 764/154/284
f 583/154/84 580/154/84 712/154/84 715/154/84
f 658/175/285 659/175/285 791/175/285 790/175/285
f 580/154/284 581/153/284 713/153/284 712/154/284
f 657/175/84 658/175/84 790/175/84 789/175/84
f 606/126/286 607/42/286 739/42/286 738/126/286
f 659/175/84 656/175/84 788/175/84 791/175/84
f 605/126/84 606/126/84 738/126/84 737/126/84
f 554/175/287 555/175/287 687/175/287 686/175/287
f 500/126/288 499/120/288 533/120/288 532/126/288
f 499/120/84 522/120/84 534/120/84 533/120/84
f 522/120/289 523/126/289 535/126/289 534/120/289
f 523/126/84 500/126/84 532/126/84 535/126/84
f 513/117/290 489/162/290 537/162/290 536/117/290
f 489/162/84 515/162/84 538/162/84 537/162/84
f 515/162/291 531/117/291 539/117/291 538/162/291
f 531/117/84 513/117/84 536/117/84 539/117/84
f 490/137/292 503/43/292 541/43/292 540/137/292
f 503/43/84 525/43/84 542/43/84 541/43/84
f 525/43/293 526/137/293 543/137/293 542/43/293
f 526/137/84 490/137/84 540/137/84 543/137/84
f 495/175/294 494/175/294 545/175/294 544/175/294
f 494/175/84 528/175/84 546/175/84 545/175/84
f 528/175/295 518/175/295 547/175/295 546/175/295
f 518/175/84 495/175/84 544/175/84 547/175/84
f 499/120/296 498/5/296 549/5/296 548/120/296
f 498/5/84 521/5/84 550/5/84 549/5/84
f 521/5/297 522/120/297 551/120/297 550/5/297
f 522/120/84 499/120/84 548/120/84 551/120/84
f 492/175/297 496/175/297 553/175/297 552/175/297
f 496/175/84 502/175/84 554/175/84 553/175/84
f 502/175/296 505/175/296 555/175/296 554/175/296
f 505/175/84 492/175/84 552/175/84 555/175/84
f 493/175/298 492/175/298 557/175/298 556/175/298
f 492/175/84 505/175/84 558/175/84 557/175/84
f 505/175/299 504/175/299 559/175/299 558/175/299
f 504/175/84 493/175/84 556/175/84 559/175/84
f 507/78/300 491/148/300 561/148/300 560/78/300
f 491/148/84 514/148/84 562/148/84 561/148/84
f 514/148/301 506/78/301 563/78/301 562/148/301
f 506/78/84 507/78/84 560/78/84 563/78/84
f 489/162/302 488/154/302 565/154/302 564/162/302
f 488/154/84 516/154/84 566/154/84 565/154/84
f 516/154/303 515/162/303 567/162/303 566/154/303
f 515/162/84 489/162/84 564/162/84 567/162/84
f 508/175/301 495/175/301 569/175/301 568/175/301
f 495/175/84 518/175/84 570/175/84 569/175/84
f 518/175/300 517/175/300 571/175/300 570/175/300
f 517/175/84 508/175/84 568/175/84 571/175/84
f 511/175/304 509/175/304 573/175/304 572/175/304
f 509/175/84 520/175/84 574/175/84 573/175/84
f 520/175/305 519/175/305 575/175/305 574/175/305
f 519/175/84 511/175/84 572/175/84 575/175/84
f 525/43/305 524/42/305 577/42/305 576/43/305
f 524/42/84 519/42/84 578/42/84 577/42/84
f 519/42/304 520/43/304 579/43/304 578/42/304
f 520/43/84 525/43/84 576/43/84 579/43/84
f 516/154/295 506/153/295 581/153/295 580/154/295
f 506/153/84 518/153/84 582/153/84 581/153/84
f 518/153/294 528/154/294 583/154/294 582/153/294
f 528/154/84 516/154/84 580/154/84 583/154/84
f 523/126/288 522/120/288 585/120/288 584/126/288
f 522/120/84 502/120/84 586/120/84 585/120/84
f 502/120/289 530/126/289 587/126/289 586/120/289
f 530/126/84 523/126/84 584/126/84 587/126/84
f 506/78/300 514/148/300 589/148/300 588/78/300
f 514/148/84 517/148/84 590/148/84 589/148/84
f 517/148/301 518/78/301 591/78/301 590/148/301
f 518/78/84 506/78/84 588/78/84 591/78/84
f 526/137/292 525/43/292 593/43/292 592/137/292
f 525/43/84 520/43/84 594/43/84 593/43/84
f 520/43/293 529/137/293 595/137/293 594/43/293
f 529/137/84 526/137/84 592/137/84 595/137/84
f 521/5/299 531/117/299 597/117/299 596/5/299
f 531/117/84 504/117/84 598/117/84 597/117/84
f 504/117/298 505/5/298 599/5/298 598/117/298
f 505/5/84 521/5/84 596/5/84 599/5/84
f 514/148/306 526/137/306 601/137/306 600/148/306
f 526/137/84 529/137/84 602/137/84 601/137/84
f 529/137/307 517/148/307 603/148/307 602/137/307
f 517/148/84 514/148/84 600/148/84 603/148/84
f 524/42/308 523/126/308 605/126/308 604/42/308
f 523/126/84 530/126/84 606/126/84 605/126/84
f 530/126/309 519/42/309 607/42/309 606/126/309
f 519/42/84 524/42/84 604/42/84 607/42/84
f 515/162/302 516/154/302 609/154/302 608/162/302
f 516/154/84 528/154/84 610/154/84 609/154/84
f 528/154/303 527/162/303 611/162/303 610/154/303
f 527/162/84 515/162/84 608/162/84 611/162/84
f 531/117/290 515/162/290 613/162/290 612/117/290
f 515/162/84 527/162/84 614/162/84 613/162/84
f 527/162/291 504/117/291 615/117/291 614/162/291
f 504/117/84 531/117/84 612/117/84 615/117/84
f 522/120/296 521/5/296 617/5/296 616/120/296
f 521/5/84 505/5/84 618/5/84 617/5/84
f 505/5/297 502/120/297 619/120/297 618/5/297
f 502/120/84 522/120/84 616/120/84 619/120/84
f 509/175/293 510/175/293 621/175/293 620/175/293
f 510/175/84 529/175/84 622/175/84 621/175/84
f 529/175/292 520/175/292 623/175/292 622/175/292
f 520/175/84 509/175/84 620/175/84 623/175/84
f 496/175/289 512/175/289 625/175/289 624/175/289
f 512/175/84 530/175/84 626/175/84 625/175/84
f 530/175/288 502/175/288 627/175/288 626/175/288
f 502/175/84 496/175/84 624/175/84 627/175/84
f 501/42/308 500/126/308 629/126/308 628/42/308
f 500/126/84 523/126/84 630/126/84 629/126/84
f 523/126/309 524/42/309 631/42/309 630/126/309
f 524/42/84 501/42/84 628/42/84 631/42/84
f 488/154/295 507/153/295 633/153/295 632/154/295
f 507/153/84 506/153/84 634/153/84 633/153/84
f 506/153/294 516/154/294 635/154/294 634/153/294
f 516/154/84 488/154/84 632/154/84 635/154/84
f 494/175/303 497/175/303 637/175/303 636/175/303
f 497/175/84 527/175/84 638/175/84 637/175/84
f 527/175/302 528/175/302 639/175/302 638/175/302
f 528/175/84 494/175/84 636/175/84 639/175/84
f 510/175/307 508/175/307 641/175/307 640/175/307
f 508/175/84 517/175/84 642/175/84 641/175/84
f 517/175/306 529/175/306 643/175/306 642/175/306
f 529/175/84 510/175/84 640/175/84 643/175/84
f 491/148/306 490/137/306 645/137/306 644/148/306
f 490/137/84 526/137/84 646/137/84 645/137/84
f 526/137/307 514/148/307 647/148/307 646/137/307
f 514/148/84 491/148/84 644/148/84 647/148/84
f 498/5/299 513/117/299 649/117/299 648/5/299
f 513/117/84 531/117/84 650/117/84 649/117/84
f 531/117/298 521/5/298 651/5/298 650/117/298
f 521/5/84 498/5/84 648/5/84 651/5/84
f 503/43/305 501/42/305 653/42/305 652/43/305
f 501/42/84 524/42/84 654/42/84 653/42/84
f 524/42/304 525/43/304 655/43/304 654/42/304
f 525/43/84 503/43/84 652/43/84 655/43/84
f 512/175/309 511/175/309 657/175/309 656/175/309
f 511/175/84 519/175/84 658/175/84 657/175/84
f 519/175/308 530/175/308 659/175/308 658/175/308
f 530/175/84 512/175/84 656/175/84 659/175/84
f 497/175/291 493/175/291 661/175/291 660/175/291
f 493/175/84 504/175/84 662/175/84 661/175/84
f 504/175/290 527/175/290 663/175/290 662/175/290
f 527/175/84 497/175/84 660/175/84 663/175/84
f 766/153/310 767/154/310 899/154/310 898/153/310
f 664/126/311 665/120/311 797/120/311 796/126/311
f 714/153/310 715/154/310 847/154/310 846/153/310
f 765/153/84 766/153/84 898/153/84 897/153/84
f 713/153/84 714/153/84 846/153/84 845/153/84
f 767/154/84 764/154/84 896/154/84 899/154/84
f 715/154/84 712/154/84 844/154/84 847/154/84
f 764/154/312 765/153/312 897/153/312 896/154/312
f 712/154/312 713/153/312 845/153/312 844/154/312
f 762/126/313 763/42/313 895/42/313 894/126/313
f 710/42/314 711/43/314 843/43/314 842/42/314
f 761/126/84 762/126/84 894/126/84 893/126/84
f 709/42/84 710/42/84 842/42/84 841/42/84
f 763/42/84 760/42/84 892/42/84 895/42/84
f 711/43/84 708/43/84 840/43/84 843/43/84
f 760/42/315 761/126/315 893/126/315 892/42/315
f 708/43/316 709/42/316 841/42/316 840/43/316
f 758/175/311 759/175/311 891/175/311 890/175/311
f 706/175/316 707/175/316 839/175/316 838/175/316
f 757/175/84 758/175/84 890/175/84 889/175/84
f 705/175/84 706/175/84 838/175/84 837/175/84
f 759/175/84 756/175/84 888/175/84 891/175/84
f 707/175/84 704/175/84 836/175/84 839/175/84
f 756/175/317 757/175/317 889/175/317 888/175/317
f 704/175/314 705/175/314 837/175/314 836/175/314
f 754/175/318 755/175/318 887/175/318 886/175/318
f 702/175/319 703/175/319 835/175/319 834/175/319
f 753/175/84 754/175/84 886/175/84 885/175/84
f 701/175/84 702/175/84 834/175/84 833/175/84
f 755/175/84 752/175/84 884/175/84 887/175/84
f 703/175/84 700/175/84 832/175/84 835/175/84
f 752/175/320 753/175/320 885/175/320 884/175/320
f 700/175/321 701/175/321 833/175/321 832/175/321
f 585/120/84 586/120/84 718/120/84 717/120/84
f 639/175/84 636/175/84 768/175/84 771/175/84
f 586/120/275 587/126/275 719/126/275 718/120/275
f 637/175/84 638/175/84 770/175/84 769/175/84
f 560/78/322 561/148/322 693/148/322 692/78/322
f 638/175/281 639/175/281 771/175/281 770/175/281
f 563/78/84 560/78/84 692/78/84 695/78/84
f 612/117/277 613/162/277 745/162/277 744/117/277
f 561/148/84 562/148/84 694/148/84 693/148/84
f 615/117/84 612/117/84 744/117/84 747/117/84
f 562/148/323 563/78/323 695/78/323 694/148/323
f 613/162/84 614/162/84 746/162/84 745/162/84
f 536/117/277 537/162/277 669/162/277 668/117/277
f 614/162/280 615/117/280 747/117/280 746/162/280
f 539/117/84 536/117/84 668/117/84 671/117/84
f 588/78/322 589/148/322 721/148/322 720/78/322
f 537/162/84 538/162/84 670/162/84 669/162/84
f 591/78/84 588/78/84 720/78/84 723/78/84
f 640/175/324 641/175/324 773/175/324 772/175/324
f 538/162/280 539/117/280 671/117/280 670/162/280
f 589/148/84 590/148/84 722/148/84 721/148/84
f 643/175/84 640/175/84 772/175/84 775/175/84
f 590/148/323 591/78/323 723/78/323 722/148/323
f 641/175/84 642/175/84 774/175/84 773/175/84
f 564/162/281 565/154/281 697/154/281 696/162/281
f 642/175/325 643/175/325 775/175/325 774/175/325
f 567/162/84 564/162/84 696/162/84 699/162/84
f 616/120/287 617/5/287 749/5/287 748/120/287
f 565/154/84 566/154/84 698/154/84 697/154/84
f 619/120/84 616/120/84 748/120/84 751/120/84
f 566/154/276 567/162/276 699/162/276 698/154/276
f 617/5/84 618/5/84 750/5/84 749/5/84
f 540/137/326 541/43/326 673/43/326 672/137/326
f 618/5/327 619/120/327 751/120/327 750/5/327
f 543/137/84 540/137/84 672/137/84 675/137/84
f 592/137/326 593/43/326 725/43/326 724/137/326
f 541/43/84 542/43/84 674/43/84 673/43/84
f 595/137/84 592/137/84 724/137/84 727/137/84
f 644/148/325 645/137/325 777/137/325 776/148/325
f 542/43/328 543/137/328 675/137/328 674/43/328
f 593/43/84 594/43/84 726/43/84 725/43/84
f 647/148/84 644/148/84 776/148/84 779/148/84
f 594/43/328 595/137/328 727/137/328 726/43/328
f 645/137/84 646/137/84 778/137/84 777/137/84
f 568/175/323 569/175/323 701/175/323 700/175/323
f 646/137/324 647/148/324 779/148/324 778/137/324
f 571/175/84 568/175/84 700/175/84 703/175/84
f 620/175/328 621/175/328 753/175/328 752/175/328
f 569/175/84 570/175/84 702/175/84 701/175/84
f 623/175/84 620/175/84 752/175/84 755/175/84
f 570/175/322 571/175/322 703/175/322 702/175/322
f 621/175/84 622/175/84 754/175/84 753/175/84
f 544/175/282 545/175/282 677/175/282 676/175/282
f 622/175/326 623/175/326 755/175/326 754/175/326
f 547/175/84 544/175/84 676/175/84 679/175/84
f 596/5/279 597/117/279 729/117/279 728/5/279
f 545/175/84 546/175/84 678/175/84 677/175/84
f 599/5/84 596/5/84 728/5/84 731/5/84
f 648/5/279 649/117/279 781/117/279 780/5/279
f 546/175/284 547/175/284 679/175/284 678/175/284
f 597/117/84 598/117/84 730/117/84 729/117/84
f 651/5/84 648/5/84 780/5/84 783/5/84
f 598/117/283 599/5/283 731/5/283 730/117/283
f 649/117/84 650/117/84 782/117/84 781/117/84
f 572/175/329 573/175/329 705/175/329 704/175/329
f 650/117/283 651/5/283 783/5/283 782/117/283
f 575/175/84 572/175/84 704/175/84 707/175/84
f 624/175/275 625/175/275 757/175/275 756/175/275
f 573/175/84 574/175/84 706/175/84 705/175/84
f 627/175/84 624/175/84 756/175/84 759/175/84
f 574/175/330 575/175/330 707/175/330 706/175/330
f 625/175/84 626/175/84 758/175/84 757/175/84
f 548/120/287 549/5/287 681/5/287 680/120/287
f 626/175/278 627/175/278 759/175/278 758/175/278
f 551/120/84 548/120/84 680/120/84 683/120/84
f 600/148/325 601/137/325 733/137/325 732/148/325
f 549/5/84 550/5/84 682/5/84 681/5/84
f 603/148/84 600/148/84 732/148/84 735/148/84
f 652/43/330 653/42/330 785/42/330 784/43/330
f 550/5/327 551/120/327 683/120/327 682/5/327
f 601/137/84 602/137/84 734/137/84 733/137/84
f 655/43/84 652/43/84 784/43/84 787/43/84
f 602/137/324 603/148/324 735/148/324 734/137/324
f 653/42/84 654/42/84 786/42/84 785/42/84
f 576/43/330 577/42/330 709/42/330 708/43/330
f 654/42/329 655/43/329 787/43/329 786/42/329
f 579/43/84 576/43/84 708/43/84 711/43/84
f 628/42/285 629/126/285 761/126/285 760/42/285
f 577/42/84 578/42/84 710/42/84 709/42/84
f 631/42/84 628/42/84 760/42/84 763/42/84
f 578/42/329 579/43/329 711/43/329 710/42/329
f 629/126/84 630/126/84 762/126/84 761/126/84
f 552/175/327 553/175/327 685/175/327 684/175/327
f 630/126/286 631/42/286 763/42/286 762/126/286
f 555/175/84 552/175/84 684/175/84 687/175/84
f 604/42/285 605/126/285 737/126/285 736/42/285
f 553/175/84 554/175/84 686/175/84 685/175/84
f 607/42/84 604/42/84 736/42/84 739/42/84
f 656/175/286 657/175/286 789/175/286 788/175/286
f 912/5/299 913/117/299 1153/117/299 1152/5/299
f 860/5/299 861/117/299 1101/117/299 1100/5/299
f 816/175/297 817/175/297 1057/175/297 1056/175/297
f 910/137/307 911/148/307 1151/148/307 1150/137/307
f 858/43/293 859/137/293 1099/137/293 1098/43/293
f 814/5/297 815/120/297 1055/120/297 1054/5/297
f 909/137/84 910/137/84 1150/137/84 1149/137/84
f 857/43/84 858/43/84 1098/43/84 1097/43/84
f 813/5/84 814/5/84 1054/5/84 1053/5/84
f 911/148/84 908/148/84 1148/148/84 1151/148/84
f 859/137/84 856/137/84 1096/137/84 1099/137/84
f 815/120/84 812/120/84 1052/120/84 1055/120/84
f 908/148/306 909/137/306 1149/137/306 1148/148/306
f 856/137/292 857/43/292 1097/43/292 1096/137/292
f 812/120/296 813/5/296 1053/5/296 1052/120/296
f 906/175/306 907/175/306 1147/175/306 1146/175/306
f 854/148/301 855/78/301 1095/78/301 1094/148/301
f 810/175/295 811/175/295 1051/175/295 1050/175/295
f 905/175/84 906/175/84 1146/175/84 1145/175/84
f 809/175/84 810/175/84 1050/175/84 1049/175/84
f 907/175/84 904/175/84 1144/175/84 1147/175/84
f 811/175/84 808/175/84 1048/175/84 1051/175/84
f 904/175/307 905/175/307 1145/175/307 1144/175/307
f 808/175/294 809/175/294 1049/175/294 1048/175/294
f 902/175/302 903/175/302 1143/175/302 1142/175/302
f 806/43/293 807/137/293 1047/137/293 1046/43/293
f 901/175/84 902/175/84 1142/175/84 1141/175/84
f 805/43/84 806/43/84 1046/43/84 1045/43/84
f 903/175/84 900/175/84 1140/175/84 1143/175/84
f 807/137/84 804/137/84 1044/137/84 1047/137/84
f 900/175/303 901/175/303 1141/175/303 1140/175/303
f 804/137/292 805/43/292 1045/43/292 1044/137/292
f 898/153/294 899/154/294 1139/154/294 1138/153/294
f 716/126/311 717/120/311 849/120/311 848/126/311
f 667/126/84 664/126/84 796/126/84 799/126/84
f 768/175/331 769/175/331 901/175/331 900/175/331
f 719/126/84 716/126/84 848/126/84 851/126/84
f 665/120/84 666/120/84 798/120/84 797/120/84
f 771/175/84 768/175/84 900/175/84 903/175/84
f 717/120/84 718/120/84 850/120/84 849/120/84
f 666/120/317 667/126/317 799/126/317 798/120/317
f 769/175/84 770/175/84 902/175/84 901/175/84
f 718/120/317 719/126/317 851/126/317 850/120/317
f 668/117/332 669/162/332 801/162/332 800/117/332
f 770/175/333 771/175/333 903/175/333 902/175/333
f 720/78/319 721/148/319 853/148/319 852/78/319
f 671/117/84 668/117/84 800/117/84 803/117/84
f 772/175/334 773/175/334 905/175/334 904/175/334
f 723/78/84 720/78/84 852/78/84 855/78/84
f 669/162/84 670/162/84 802/162/84 801/162/84
f 775/175/84 772/175/84 904/175/84 907/175/84
f 721/148/84 722/148/84 854/148/84 853/148/84
f 670/162/335 671/117/335 803/117/335 802/162/335
f 773/175/84 774/175/84 906/175/84 905/175/84
f 722/148/321 723/78/321 855/78/321 854/148/321
f 672/137/318 673/43/318 805/43/318 804/137/318
f 774/175/336 775/175/336 907/175/336 906/175/336
f 724/137/318 725/43/318 857/43/318 856/137/318
f 675/137/84 672/137/84 804/137/84 807/137/84
f 776/148/336 777/137/336 909/137/336 908/148/336
f 727/137/84 724/137/84 856/137/84 859/137/84
f 673/43/84 674/43/84 806/43/84 805/43/84
f 779/148/84 776/148/84 908/148/84 911/148/84
f 725/43/84 726/43/84 858/43/84 857/43/84
f 674/43/320 675/137/320 807/137/320 806/43/320
f 777/137/84 778/137/84 910/137/84 909/137/84
f 726/43/320 727/137/320 859/137/320 858/43/320
f 676/175/310 677/175/310 809/175/310 808/175/310
f 778/137/334 779/148/334 911/148/334 910/137/334
f 728/5/337 729/117/337 861/117/337 860/5/337
f 679/175/84 676/175/84 808/175/84 811/175/84
f 780/5/337 781/117/337 913/117/337 912/5/337
f 731/5/84 728/5/84 860/5/84 863/5/84
f 677/175/84 678/175/84 810/175/84 809/175/84
f 783/5/84 780/5/84 912/5/84 915/5/84
f 729/117/84 730/117/84 862/117/84 861/117/84
f 678/175/312 679/175/312 811/175/312 810/175/312
f 781/117/84 782/117/84 914/117/84 913/117/84
f 730/117/338 731/5/338 863/5/338 862/117/338
f 680/120/339 681/5/339 813/5/339 812/120/339
f 782/117/338 783/5/338 915/5/338 914/117/338
f 732/148/336 733/137/336 865/137/336 864/148/336
f 683/120/84 680/120/84 812/120/84 815/120/84
f 784/43/316 785/42/316 917/42/316 916/43/316
f 735/148/84 732/148/84 864/148/84 867/148/84
f 681/5/84 682/5/84 814/5/84 813/5/84
f 787/43/84 784/43/84 916/43/84 919/43/84
f 733/137/84 734/137/84 866/137/84 865/137/84
f 682/5/340 683/120/340 815/120/340 814/5/340
f 785/42/84 786/42/84 918/42/84 917/42/84
f 734/137/334 735/148/334 867/148/334 866/137/334
f 684/175/340 685/175/340 817/175/340 816/175/340
f 786/42/314 787/43/314 919/43/314 918/42/314
f 736/42/315 737/126/315 869/126/315 868/42/315
f 687/175/84 684/175/84 816/175/84 819/175/84
f 788/175/313 789/175/313 921/175/313 920/175/313
f 739/42/84 736/42/84 868/42/84 871/42/84
f 685/175/84 686/175/84 818/175/84 817/175/84
f 791/175/84 788/175/84 920/175/84 923/175/84
f 737/126/84 738/126/84 870/126/84 869/126/84
f 686/175/339 687/175/339 819/175/339 818/175/339
f 789/175/84 790/175/84 922/175/84 921/175/84
f 738/126/313 739/42/313 871/42/313 870/126/313
f 688/175/338 689/175/338 821/175/338 820/175/338
f 790/175/315 791/175/315 923/175/315 922/175/315
f 740/162/333 741/154/333 873/154/333 872/162/333
f 691/175/84 688/175/84 820/175/84 823/175/84
f 792/175/335 793/175/335 925/175/335 924/175/335
f 743/162/84 740/162/84 872/162/84 875/162/84
f 689/175/84 690/175/84 822/175/84 821/175/84
f 795/175/84 792/175/84 924/175/84 927/175/84
f 741/154/84 742/154/84 874/154/84 873/154/84
f 690/175/337 691/175/337 823/175/337 822/175/337
f 793/175/84 794/175/84 926/175/84 925/175/84
f 742/154/331 743/162/331 875/162/331 874/154/331
f 692/78/319 693/148/319 825/148/319 824/78/319
f 794/175/332 795/175/332 927/175/332 926/175/332
f 744/117/332 745/162/332 877/162/332 876/117/332
f 695/78/84 692/78/84 824/78/84 827/78/84
f 747/117/84 744/117/84 876/117/84 879/117/84
f 693/148/84 694/148/84 826/148/84 825/148/84
f 745/162/84 746/162/84 878/162/84 877/162/84
f 694/148/321 695/78/321 827/78/321 826/148/321
f 746/162/335 747/117/335 879/117/335 878/162/335
f 696/162/333 697/154/333 829/154/333 828/162/333
f 748/120/339 749/5/339 881/5/339 880/120/339
f 699/162/84 696/162/84 828/162/84 831/162/84
f 751/120/84 748/120/84 880/120/84 883/120/84
f 697/154/84 698/154/84 830/154/84 829/154/84
f 749/5/84 750/5/84 882/5/84 881/5/84
f 698/154/331 699/162/331 831/162/331 830/154/331
f 750/5/340 751/120/340 883/120/340 882/5/340
f 1008/176/178 1007/27/178 1009/40/178
f 1010/33/17 1011/28/17 1008/176/17
f 1011/28/14 1007/27/14 1008/176/14
f 1009/40/184 1010/33/184 1008/176/184
f 1012/177/184 16/34/184 1016/174/184
f 1014/178/188 1013/24/188 1018/37/188
f 1015/22/17 16/34/17 1012/177/17
f 1017/23/13 1015/22/13 1012/177/13
f 1016/174/188 1017/23/188 1012/177/188
f 1019/25/13 1013/24/13 1014/178/13
f 1018/37/20 1020/31/20 1014/178/20
f 1020/31/16 1019/25/16 1014/178/16
f 1024/134/381 1026/145/381 1034/145/381 1032/134/381
f 1026/145/382 1025/138/382 1033/138/382 1034/145/382
f 1027/128/384 1021/127/384 1028/127/384 1035/128/384
f 99/41/386 114/130/386 1029/135/386
f 1031/179/387 1030/133/387 1032/134/387
f 1033/138/388 1030/133/388 1031/179/388
f 1032/134/92 1034/145/92 1031/179/92
f 1034/145/171 1033/138/171 1031/179/171
f 1028/127/389 114/130/389 99/41/389
f 1029/135/86 1035/128/86 99/41/86
f 1035/128/79 1028/127/79 99/41/79
f 1036/126/84 1037/120/84 1038/120/84 1039/126/84
f 1040/117/84 1041/162/84 1042/162/84 1043/117/84
f 1044/137/84 1045/43/84 1046/43/84 1047/137/84
f 1048/175/84 1049/175/84 1050/175/84 1051/175/84
f 1052/120/84 1053/5/84 1054/5/84 1055/120/84
f 1056/175/84 1057/175/84 1058/175/84 1059/175/84
f 1060/175/84 1061/175/84 1062/175/84 1063/175/84
f 1064/78/84 1065/148/84 1066/148/84 1067/78/84
f 1068/162/84 1069/154/84 1070/154/84 1071/162/84
f 1072/175/84 1073/175/84 1074/175/84 1075/175/84
f 1076/175/84 1077/175/84 1078/175/84 1079/175/84
f 1080/43/84 1081/42/84 1082/42/84 1083/43/84
f 1084/154/84 1085/153/84 1086/153/84 1087/154/84
f 1088/126/84 1089/120/84 1090/120/84 1091/126/84
f 1092/78/84 1093/148/84 1094/148/84 1095/78/84
f 1096/137/84 1097/43/84 1098/43/84 1099/137/84
f 1100/5/84 1101/117/84 1102/117/84 1103/5/84
f 1104/148/84 1105/137/84 1106/137/84 1107/148/84
f 1108/42/84 1109/126/84 1110/126/84 1111/42/84
f 1112/162/84 1113/154/84 1114/154/84 1115/162/84
f 1116/117/84 1117/162/84 1118/162/84 1119/117/84
f 1120/120/84 1121/5/84 1122/5/84 1123/120/84
f 1124/175/84 1125/175/84 1126/175/84 1127/175/84
f 1128/175/84 1129/175/84 1130/175/84 1131/175/84
f 1132/42/84 1133/126/84 1134/126/84 1135/42/84
f 1136/154/84 1137/153/84 1138/153/84 1139/154/84
f 1140/175/84 1141/175/84 1142/175/84 1143/175/84
f 1144/175/84 1145/175/84 1146/175/84 1147/175/84
f 1148/148/84 1149/137/84 1150/137/84 1151/148/84
f 1152/5/84 1153/117/84 1154/117/84 1155/5/84
f 1156/43/84 1157/42/84 1158/42/84 1159/43/84
f 1160/175/84 1161/175/84 1162/175/84 1163/175/84
f 1164/175/84 1165/175/84 1166/175/84 1167/175/84
f 819/175/84 816/175/84 1056/175/84 1059/175/84
f 863/5/84 860/5/84 1100/5/84 1103/5/84
f 915/5/84 912/5/84 1152/5/84 1155/5/84
f 817/175/84 818/175/84 1058/175/84 1057/175/84
f 861/117/84 862/117/84 1102/117/84 1101/117/84
f 913/117/84 914/117/84 1154/117/84 1153/117/84
f 818/175/296 819/175/296 1059/175/296 1058/175/296
f 862/117/298 863/5/298 1103/5/298 1102/117/298
f 914/117/298 915/5/298 1155/5/298 1154/117/298
f 820/175/298 821/175/298 1061/175/298 1060/175/298
f 864/148/306 865/137/306 1105/137/306 1104/148/306
f 916/43/305 917/42/305 1157/42/305 1156/43/305
f 823/175/84 820/175/84 1060/175/84 1063/175/84
f 867/148/84 864/148/84 1104/148/84 1107/148/84
f 919/43/84 916/43/84 1156/43/84 1159/43/84
f 821/175/84 822/175/84 1062/175/84 1061/175/84
f 865/137/84 866/137/84 1106/137/84 1105/137/84
f 917/42/84 918/42/84 1158/42/84 1157/42/84
f 822/175/299 823/175/299 1063/175/299 1062/175/299
f 866/137/307 867/148/307 1107/148/307 1106/137/307
f 918/42/304 919/43/304 1159/43/304 1158/42/304
f 824/78/300 825/148/300 1065/148/300 1064/78/300
f 868/42/308 869/126/308 1109/126/308 1108/42/308
f 920/175/309 921/175/309 1161/175/309 1160/175/309
f 827/78/84 824/78/84 1064/78/84 1067/78/84
f 871/42/84 868/42/84 1108/42/84 1111/42/84
f 923/175/84 920/175/84 1160/175/84 1163/175/84
f 825/148/84 826/148/84 1066/148/84 1065/148/84
f 869/126/84 870/126/84 1110/126/84 1109/126/84
f 921/175/84 922/175/84 1162/175/84 1161/175/84
f 826/148/301 827/78/301 1067/78/301 1066/148/301
f 870/126/309 871/42/309 1111/42/309 1110/126/309
f 922/175/308 923/175/308 1163/175/308 1162/175/308
f 828/162/302 829/154/302 1069/154/302 1068/162/302
f 872/162/302 873/154/302 1113/154/302 1112/162/302
f 924/175/390 925/175/390 1165/175/390 1164/175/390
f 831/162/84 828/162/84 1068/162/84 1071/162/84
f 875/162/84 872/162/84 1112/162/84 1115/162/84
f 927/175/84 924/175/84 1164/175/84 1167/175/84
f 829/154/84 830/154/84 1070/154/84 1069/154/84
f 873/154/84 874/154/84 1114/154/84 1113/154/84
f 925/175/84 926/175/84 1166/175/84 1165/175/84
f 830/154/303 831/162/303 1071/162/303 1070/154/303
f 874/154/303 875/162/303 1115/162/303 1114/154/303
f 926/175/391 927/175/391 1167/175/391 1166/175/391
f 832/175/301 833/175/301 1073/175/301 1072/175/301
f 876/117/391 877/162/391 1117/162/391 1116/117/391
f 835/175/84 832/175/84 1072/175/84 1075/175/84
f 879/117/84 876/117/84 1116/117/84 1119/117/84
f 833/175/84 834/175/84 1074/175/84 1073/175/84
f 877/162/84 878/162/84 1118/162/84 1117/162/84
f 834/175/300 835/175/300 1075/175/300 1074/175/300
f 878/162/390 879/117/390 1119/117/390 1118/162/390
f 836/175/304 837/175/304 1077/175/304 1076/175/304
f 880/120/296 881/5/296 1121/5/296 1120/120/296
f 839/175/84 836/175/84 1076/175/84 1079/175/84
f 883/120/84 880/120/84 1120/120/84 1123/120/84
f 837/175/84 838/175/84 1078/175/84 1077/175/84
f 881/5/84 882/5/84 1122/5/84 1121/5/84
f 838/175/305 839/175/305 1079/175/305 1078/175/305
f 882/5/297 883/120/297 1123/120/297 1122/5/297
f 840/43/305 841/42/305 1081/42/305 1080/43/305
f 884/175/293 885/175/293 1125/175/293 1124/175/293
f 843/43/84 840/43/84 1080/43/84 1083/43/84
f 887/175/84 884/175/84 1124/175/84 1127/175/84
f 841/42/84 842/42/84 1082/42/84 1081/42/84
f 885/175/84 886/175/84 1126/175/84 1125/175/84
f 842/42/304 843/43/304 1083/43/304 1082/42/304
f 886/175/292 887/175/292 1127/175/292 1126/175/292
f 844/154/295 845/153/295 1085/153/295 1084/154/295
f 888/175/289 889/175/289 1129/175/289 1128/175/289
f 847/154/84 844/154/84 1084/154/84 1087/154/84
f 891/175/84 888/175/84 1128/175/84 1131/175/84
f 845/153/84 846/153/84 1086/153/84 1085/153/84
f 889/175/84 890/175/84 1130/175/84 1129/175/84
f 846/153/294 847/154/294 1087/154/294 1086/153/294
f 890/175/288 891/175/288 1131/175/288 1130/175/288
f 796/126/288 797/120/288 1037/120/288 1036/126/288
f 848/126/288 849/120/288 1089/120/288 1088/126/288
f 892/42/308 893/126/308 1133/126/308 1132/42/308
f 799/126/84 796/126/84 1036/126/84 1039/126/84
f 851/126/84 848/126/84 1088/126/84 1091/126/84
f 895/42/84 892/42/84 1132/42/84 1135/42/84
f 797/120/84 798/120/84 1038/120/84 1037/120/84
f 849/120/84 850/120/84 1090/120/84 1089/120/84
f 893/126/84 894/126/84 1134/126/84 1133/126/84
f 798/120/289 799/126/289 1039/126/289 1038/120/289
f 850/120/289 851/126/289 1091/126/289 1090/120/289
f 894/126/309 895/42/309 1135/42/309 1134/126/309
f 800/117/391 801/162/391 1041/162/391 1040/117/391
f 852/78/300 853/148/300 1093/148/300 1092/78/300
f 896/154/295 897/153/295 1137/153/295 1136/154/295
f 803/117/84 800/117/84 1040/117/84 1043/117/84
f 855/78/84 852/78/84 1092/78/84 1095/78/84
f 899/154/84 896/154/84 1136/154/84 1139/154/84
f 801/162/84 802/162/84 1042/162/84 1041/162/84
f 853/148/84 854/148/84 1094/148/84 1093/148/84
f 897/153/84 898/153/84 1138/153/84 1137/153/84
f 802/162/390 803/117/390 1043/117/390 1042/162/390
usemtl Матеріал.008
f 2/5/2 3/6/2 348/6/2 347/5/2
f 71/7/3 70/8/3 351/8/3 352/7/3
f 74/9/5 73/11/5 354/11/5 355/9/5
f 96/12/6 1/13/6 346/13/6 357/12/6
f 1/13/117 2/5/117 347/5/117 346/13/117
f 342/144/119 344/74/119 155/74/119 157/144/119
f 329/164/120 327/163/120 172/163/120 170/164/120
f 345/75/121 343/166/121 156/166/121 154/75/121
f 330/140/122 332/144/122 167/144/122 169/140/122
f 320/3/123 322/15/123 177/15/123 179/3/123
f 336/157/124 338/159/124 161/159/124 163/157/124
f 333/166/125 331/165/125 168/165/125 166/166/125
f 323/172/126 321/171/126 178/171/126 176/172/126
f 339/169/127 337/168/127 162/168/127 160/169/127
f 324/123/128 326/35/128 173/35/128 175/123/128
f 327/163/129 325/12/129 174/12/129 172/163/129
f 340/119/130 320/3/130 179/3/130 159/119/130
f 156/166/131 157/144/131 155/74/131 154/75/131
f 160/169/132 161/159/132 159/119/132 158/170/132
f 162/168/133 163/157/133 161/159/133 160/169/133
f 164/167/134 165/156/134 163/157/134 162/168/134
f 168/165/135 169/140/135 167/144/135 166/166/135
f 170/164/136 171/46/136 169/140/136 168/165/136
f 172/163/137 173/35/137 171/46/137 170/164/137
f 174/12/138 175/123/138 173/35/138 172/163/138
f 176/172/139 177/15/139 175/123/139 174/12/139
f 178/171/140 179/3/140 177/15/140 176/172/140
f 158/170/141 159/119/141 179/3/141 178/171/141
f 328/46/149 330/140/149 169/140/149 171/46/149
f 334/156/150 336/157/150 163/157/150 165/156/150
f 321/171/151 341/170/151 158/170/151 178/171/151
f 331/165/152 329/164/152 170/164/152 168/165/152
f 337/168/153 335/167/153 164/167/153 162/168/153
f 322/15/154 324/123/154 175/123/154 177/15/154
f 341/170/155 339/169/155 160/169/155 158/170/155
f 338/159/157 340/119/157 159/119/157 161/159/157
f 326/35/158 328/46/158 171/46/158 173/35/158
f 355/9/159 354/11/159 349/16/159 350/10/159
f 353/102/160 352/7/160 347/5/160 348/6/160
f 354/11/161 353/102/161 348/6/161 349/16/161
f 352/7/162 351/8/162 346/13/162 347/5/162
f 356/172/163 357/12/163 346/13/163 351/8/163
f 72/102/164 71/7/164 352/7/164 353/102/164
f 3/6/166 4/16/166 349/16/166 348/6/166
f 5/10/167 74/9/167 355/9/167 350/10/167
f 70/8/168 89/172/168 356/172/168 351/8/168
f 4/16/170 5/10/170 350/10/170 349/16/170
usemtl Матеріал.010
f 972/53/352 965/66/352 966/65/352 967/64/352 968/63/352 969/57/352 970/57/352 971/53/352
f 983/106/360 982/105/360 988/105/360 989/106/360
f 986/108/366 990/107/366 989/106/366 988/105/366 987/104/366 985/103/366
f 981/104/367 979/103/367 985/103/367 987/104/367
f 984/107/368 983/106/368 989/106/368 990/107/368
f 982/105/369 981/104/369 987/104/369 988/105/369
f 979/103/370 980/108/370 986/108/370 985/103/370
f 980/108/371 984/107/371 990/107/371 986/108/371
f 1004/64/84 1003/63/84 968/63/84 967/64/84
f 998/66/372 997/65/372 1005/65/372 1006/66/372
f 994/57/84 993/57/84 1001/57/84 1002/57/84
f 991/53/374 998/66/374 1006/66/374 999/53/374
f 992/53/84 991/53/84 999/53/84 1000/53/84
f 997/65/375 996/64/375 1004/64/375 1005/65/375
f 995/63/376 994/57/376 1002/57/376 1003/63/376
f 993/57/377 992/53/377 1000/53/377 1001/57/377
f 1002/57/84 1001/57/84 970/57/84 969/57/84
f 1000/53/84 999/53/84 972/53/84 971/53/84
f 999/53/84 1006/66/84 965/66/84 972/53/84
f 1005/65/84 1004/64/84 967/64/84 966/65/84
f 1003/63/84 1002/57/84 969/57/84 968/63/84
f 1001/57/84 1000/53/84 971/53/84 970/57/84
f 1006/66/84 1005/65/84 966/65/84 965/66/84
usemtl Матеріал.011
f 360/136/89 359/141/89 385/141/89 382/136/89
f 383/173/171 382/136/171 385/141/171
f 361/131/172 360/136/172 382/136/172 384/131/172
f 359/141/173 358/132/173 386/132/173 385/141/173
f 358/132/174 361/131/174 384/131/174 386/132/174
f 385/141/90 386/132/90 383/173/90
f 386/132/83 384/131/83 383/173/83
f 384/131/86 382/136/86 383/173/86
f 385/141/189 383/173/189 388/173/189 390/141/189
f 383/173/190 382/136/190 387/136/190 388/173/190
f 386/132/191 383/173/191 388/173/191 391/132/191
f 384/131/192 383/173/192 388/173/192 389/131/192
l 383 107
