# Blender 4.3.2
# www.blender.org
mtllib text.mtl
o Текст.002
v 3.018315 -0.000000 0.200000
v 3.018315 1.282051 0.200000
v 3.219780 1.282051 0.200000
v 3.219780 -0.000000 0.200000
v 2.719780 -0.000000 0.200000
v 2.523809 0.510989 0.200000
v 2.461538 0.393773 0.200000
v 2.461538 -0.000000 0.200000
v 2.260073 -0.000000 0.200000
v 2.260073 1.282051 0.200000
v 2.461538 1.282051 0.200000
v 2.461538 0.723443 0.200000
v 2.728938 1.282051 0.200000
v 2.926740 1.282051 0.200000
v 2.646520 0.710623 0.200000
v 2.926740 -0.000000 0.200000
v 1.908425 -0.000000 0.200000
v 1.657509 0.928571 0.200000
v 1.657509 -0.000000 0.200000
v 1.476190 -0.000000 0.200000
v 1.476190 1.282051 0.200000
v 1.728938 1.282051 0.200000
v 1.935897 0.514652 0.200000
v 1.935897 1.282051 0.200000
v 2.115385 1.282051 0.200000
v 2.115385 -0.000000 0.200000
v 1.179487 1.282051 0.200000
v 1.384615 -0.000000 0.200000
v 1.181319 -0.000000 0.200000
v 1.146520 0.232601 0.200000
v 0.899267 0.232601 0.200000
v 0.864469 -0.000000 0.200000
v 0.679487 -0.000000 0.200000
v 0.884615 1.282051 0.200000
v 1.021978 1.054945 0.200000
v 0.924908 0.406593 0.200000
v 1.119048 0.406593 0.200000
v 0.018315 1.098901 0.200000
v 0.018315 1.282051 0.200000
v 0.641026 1.282051 0.200000
v 0.641026 1.098901 0.200000
v 0.430403 1.098901 0.200000
v 0.430403 -0.000000 0.200000
v 0.228938 -0.000000 0.200000
v 0.228938 1.098901 0.200000
v 3.018315 0.000000 -0.200000
v 3.018315 1.282051 -0.200000
v 3.219780 1.282051 -0.200000
v 3.219780 0.000000 -0.200000
v 2.719780 0.000000 -0.200000
v 2.523809 0.510989 -0.200000
v 2.461538 0.393773 -0.200000
v 2.461538 0.000000 -0.200000
v 2.260073 0.000000 -0.200000
v 2.260073 1.282051 -0.200000
v 2.461538 1.282051 -0.200000
v 2.461538 0.723443 -0.200000
v 2.728938 1.282051 -0.200000
v 2.926740 1.282051 -0.200000
v 2.646520 0.710623 -0.200000
v 2.926740 0.000000 -0.200000
v 1.908425 0.000000 -0.200000
v 1.657509 0.928571 -0.200000
v 1.657509 0.000000 -0.200000
v 1.476190 0.000000 -0.200000
v 1.476190 1.282051 -0.200000
v 1.728938 1.282051 -0.200000
v 1.935897 0.514652 -0.200000
v 1.935897 1.282051 -0.200000
v 2.115385 1.282051 -0.200000
v 2.115385 0.000000 -0.200000
v 1.179487 1.282051 -0.200000
v 1.384615 0.000000 -0.200000
v 1.181319 0.000000 -0.200000
v 1.146520 0.232601 -0.200000
v 0.899267 0.232601 -0.200000
v 0.864469 0.000000 -0.200000
v 0.679487 0.000000 -0.200000
v 0.884615 1.282051 -0.200000
v 1.021978 1.054945 -0.200000
v 0.924908 0.406593 -0.200000
v 1.119048 0.406593 -0.200000
v 0.018315 1.098901 -0.200000
v 0.018315 1.282051 -0.200000
v 0.641026 1.282051 -0.200000
v 0.641026 1.098901 -0.200000
v 0.430403 1.098901 -0.200000
v 0.430403 0.000000 -0.200000
v 0.228938 0.000000 -0.200000
v 0.228938 1.098901 -0.200000
v 0.018315 1.098901 -0.200000
v 0.018315 1.098901 0.200000
v 0.018315 1.282051 -0.200000
v 0.018315 1.282051 0.200000
v 0.641026 1.282051 -0.200000
v 0.641026 1.282051 0.200000
v 0.641026 1.098901 -0.200000
v 0.641026 1.098901 0.200000
v 0.430403 1.098901 -0.200000
v 0.430403 1.098901 0.200000
v 0.430403 0.000000 -0.200000
v 0.430403 -0.000000 0.200000
v 0.228938 0.000000 -0.200000
v 0.228938 -0.000000 0.200000
v 0.228938 1.098901 -0.200000
v 0.228938 1.098901 0.200000
v 1.179487 1.282051 -0.200000
v 1.179487 1.282051 0.200000
v 1.384615 0.000000 -0.200000
v 1.384615 -0.000000 0.200000
v 1.181319 0.000000 -0.200000
v 1.181319 -0.000000 0.200000
v 1.146520 0.232601 -0.200000
v 1.146520 0.232601 0.200000
v 0.899267 0.232601 -0.200000
v 0.899267 0.232601 0.200000
v 0.864469 0.000000 -0.200000
v 0.864469 -0.000000 0.200000
v 0.679487 0.000000 -0.200000
v 0.679487 -0.000000 0.200000
v 0.884615 1.282051 -0.200000
v 0.884615 1.282051 0.200000
v 1.021978 1.054945 -0.200000
v 1.021978 1.054945 0.200000
v 0.924908 0.406593 -0.200000
v 0.924908 0.406593 0.200000
v 1.119048 0.406593 -0.200000
v 1.119048 0.406593 0.200000
v 1.908425 0.000000 -0.200000
v 1.908425 -0.000000 0.200000
v 1.657509 0.928571 -0.200000
v 1.657509 0.928571 0.200000
v 1.657509 0.000000 -0.200000
v 1.657509 -0.000000 0.200000
v 1.476190 0.000000 -0.200000
v 1.476190 -0.000000 0.200000
v 1.476190 1.282051 -0.200000
v 1.476190 1.282051 0.200000
v 1.728938 1.282051 -0.200000
v 1.728938 1.282051 0.200000
v 1.935897 0.514652 -0.200000
v 1.935897 0.514652 0.200000
v 1.935897 1.282051 -0.200000
v 1.935897 1.282051 0.200000
v 2.115385 1.282051 -0.200000
v 2.115385 1.282051 0.200000
v 2.115385 0.000000 -0.200000
v 2.115385 -0.000000 0.200000
v 2.719780 0.000000 -0.200000
v 2.719780 -0.000000 0.200000
v 2.523809 0.510989 -0.200000
v 2.523809 0.510989 0.200000
v 2.461538 0.393773 -0.200000
v 2.461538 0.393773 0.200000
v 2.461538 0.000000 -0.200000
v 2.461538 -0.000000 0.200000
v 2.260073 0.000000 -0.200000
v 2.260073 -0.000000 0.200000
v 2.260073 1.282051 -0.200000
v 2.260073 1.282051 0.200000
v 2.461538 1.282051 -0.200000
v 2.461538 1.282051 0.200000
v 2.461538 0.723443 -0.200000
v 2.461538 0.723443 0.200000
v 2.728938 1.282051 -0.200000
v 2.728938 1.282051 0.200000
v 2.926740 1.282051 -0.200000
v 2.926740 1.282051 0.200000
v 2.646520 0.710623 -0.200000
v 2.646520 0.710623 0.200000
v 2.926740 0.000000 -0.200000
v 2.926740 -0.000000 0.200000
v 3.018315 0.000000 -0.200000
v 3.018315 -0.000000 0.200000
v 3.018315 1.282051 -0.200000
v 3.018315 1.282051 0.200000
v 3.219780 1.282051 -0.200000
v 3.219780 1.282051 0.200000
v 3.219780 0.000000 -0.200000
v 3.219780 -0.000000 0.200000
vn -0.0000 -0.0000 1.0000
vn -0.0000 -0.0000 -1.0000
vn -0.7071 -0.7071 -0.0000
vn -0.7071 0.7071 -0.0000
vn 0.7071 0.7071 -0.0000
vn 0.7071 -0.7071 -0.0000
vn 0.6488 0.7609 -0.0000
vn 0.7609 -0.6488 -0.0000
vn -0.6527 -0.7576 -0.0000
vn 0.6527 -0.7576 -0.0000
vn -0.7609 -0.6488 -0.0000
vn -0.6488 0.7609 -0.0000
vn -0.0000 -1.0000 -0.0000
vn 0.7577 0.6527 -0.0000
vn -0.7577 0.6527 -0.0000
vn -0.6079 -0.7940 -0.0000
vn 0.1316 -0.9913 -0.0000
vn 0.6081 0.7938 -0.0000
vn -0.1313 0.9913 -0.0000
vn -0.5665 -0.8240 -0.0000
vn -0.0610 -0.9981 -0.0000
vn 0.9703 -0.2417 -0.0000
vn 0.2214 0.9752 -0.0000
vn -0.5330 0.8461 -0.0000
vn 0.8486 0.5290 -0.0000
vn 0.9992 -0.0401 -0.0000
vn 0.8267 -0.5627 -0.0000
vt 0.000000 0.000000
vt 0.666667 0.000000
vt 0.333333 0.000000
vt 1.000000 0.000000
vt 0.363636 0.000000
vt 0.545455 0.000000
vt 0.454545 0.000000
vt 0.636364 0.000000
vt 0.818182 0.000000
vt 0.727273 0.000000
vt 0.909091 0.000000
vt 0.181818 0.000000
vt 0.090909 0.000000
vt 0.272727 0.000000
vt 0.111111 0.000000
vt 0.444444 0.000000
vt 0.555556 0.000000
vt 0.888889 0.000000
vt 0.777778 0.000000
vt 0.222222 0.000000
vt 0.600000 0.000000
vt 0.800000 0.000000
vt 0.700000 0.000000
vt 0.100000 0.000000
vt 0.900000 0.000000
vt 0.400000 0.000000
vt 0.300000 0.000000
vt 0.500000 0.000000
vt 0.200000 0.000000
vt 0.285714 0.000000
vt 0.142857 0.000000
vt 0.428571 0.000000
vt 0.857143 0.000000
vt 0.571429 0.000000
vt 0.714286 0.000000
vt 0.000000 1.000000
vt 0.125000 1.000000
vt 0.125000 0.000000
vt 0.250000 1.000000
vt 0.250000 0.000000
vt 0.375000 1.000000
vt 0.375000 0.000000
vt 0.500000 1.000000
vt 0.625000 1.000000
vt 0.625000 0.000000
vt 0.750000 1.000000
vt 0.750000 0.000000
vt 0.875000 1.000000
vt 0.875000 0.000000
vt 1.000000 1.000000
vt 0.333333 1.000000
vt 0.666667 1.000000
vt 0.100000 1.000000
vt 0.200000 1.000000
vt 0.300000 1.000000
vt 0.400000 1.000000
vt 0.600000 1.000000
vt 0.700000 1.000000
vt 0.800000 1.000000
vt 0.900000 1.000000
vt 0.083333 1.000000
vt 0.083333 0.000000
vt 0.166667 1.000000
vt 0.166667 0.000000
vt 0.416667 1.000000
vt 0.416667 0.000000
vt 0.583333 1.000000
vt 0.583333 0.000000
vt 0.833333 1.000000
vt 0.833333 0.000000
vt 0.916667 1.000000
vt 0.916667 0.000000
s 0
usemtl Матеріал.002
f 1/1/1 3/2/1 2/3/1
f 1/1/1 4/4/1 3/2/1
f 9/5/1 11/6/1 10/7/1
f 9/5/1 12/8/1 11/6/1
f 12/8/1 14/9/1 13/10/1
f 12/8/1 15/11/1 14/9/1
f 9/5/1 7/12/1 12/8/1
f 7/12/1 6/13/1 12/8/1
f 6/13/1 15/11/1 12/8/1
f 6/13/1 16/4/1 15/11/1
f 5/1/1 16/4/1 6/13/1
f 9/5/1 8/14/1 7/12/1
f 20/3/1 18/15/1 21/16/1
f 18/15/1 22/17/1 21/16/1
f 18/15/1 23/2/1 22/17/1
f 23/2/1 25/18/1 24/19/1
f 23/2/1 26/4/1 25/18/1
f 20/3/1 19/20/1 18/15/1
f 17/1/1 23/2/1 18/15/1
f 17/1/1 26/4/1 23/2/1
f 33/21/1 35/22/1 34/23/1
f 35/22/1 27/1/1 34/23/1
f 35/22/1 28/24/1 27/1/1
f 33/21/1 36/25/1 35/22/1
f 37/4/1 28/24/1 35/22/1
f 33/21/1 31/26/1 36/25/1
f 31/26/1 37/4/1 36/25/1
f 31/26/1 30/27/1 37/4/1
f 30/27/1 28/24/1 37/4/1
f 33/21/1 32/28/1 31/26/1
f 29/29/1 28/24/1 30/27/1
f 38/1/1 40/30/1 39/31/1
f 38/1/1 41/32/1 40/30/1
f 45/4/1 41/32/1 38/1/1
f 44/33/1 42/34/1 45/4/1
f 42/34/2 41/32/2 45/4/2
f 44/33/1 43/35/1 42/34/1
f 46/1/2 47/3/2 48/2/2
f 46/1/2 48/2/2 49/4/2
f 54/5/2 55/7/2 56/6/2
f 54/5/2 56/6/2 57/8/2
f 57/8/2 58/10/2 59/9/2
f 57/8/2 59/9/2 60/11/2
f 54/5/2 57/8/2 52/12/2
f 52/12/2 57/8/2 51/13/2
f 51/13/2 57/8/2 60/11/2
f 51/13/2 60/11/2 61/4/2
f 50/1/2 51/13/2 61/4/2
f 54/5/2 52/12/2 53/14/2
f 65/3/2 66/16/2 63/15/2
f 63/15/2 66/16/2 67/17/2
f 63/15/2 67/17/2 68/2/2
f 68/2/2 69/19/2 70/18/2
f 68/2/2 70/18/2 71/4/2
f 65/3/2 63/15/2 64/20/2
f 62/1/2 63/15/2 68/2/2
f 62/1/2 68/2/2 71/4/2
f 78/21/2 79/23/2 80/22/2
f 80/22/2 79/23/2 72/1/2
f 80/22/2 72/1/2 73/24/2
f 78/21/2 80/22/2 81/25/2
f 82/4/2 80/22/2 73/24/2
f 78/21/2 81/25/2 76/26/2
f 76/26/2 81/25/2 82/4/2
f 76/26/2 82/4/2 75/27/2
f 75/27/2 82/4/2 73/24/2
f 78/21/2 76/26/2 77/28/2
f 74/29/2 75/27/2 73/24/2
f 83/1/2 84/31/2 85/30/2
f 83/1/2 85/30/2 86/32/2
f 90/4/1 83/1/1 86/32/1
f 89/33/2 90/4/2 87/34/2
f 87/34/1 90/4/1 86/32/1
f 89/33/2 87/34/2 88/35/2
s 1
f 92/36/3 94/37/4 93/38/4 91/1/3
f 94/37/4 96/39/5 95/40/5 93/38/4
f 96/39/5 98/41/6 97/42/6 95/40/5
f 98/41/6 100/43/6 99/28/6 97/42/6
f 100/43/6 102/44/6 101/45/6 99/28/6
f 102/44/6 104/46/3 103/47/3 101/45/6
f 104/46/3 106/48/3 105/49/3 103/47/3
f 106/48/3 92/50/3 91/4/3 105/49/3
f 108/36/7 110/37/8 109/38/8 107/1/7
f 110/37/8 112/39/9 111/40/9 109/38/8
f 112/39/9 114/41/9 113/42/9 111/40/9
f 114/41/9 116/43/10 115/28/10 113/42/9
f 116/43/10 118/44/10 117/45/10 115/28/10
f 118/44/10 120/46/11 119/47/11 117/45/10
f 120/46/11 122/48/12 121/49/12 119/47/11
f 122/48/12 108/50/7 107/4/7 121/49/12
f 124/36/13 126/51/14 125/3/14 123/1/13
f 126/51/14 128/52/15 127/2/15 125/3/14
f 128/52/15 124/50/13 123/4/13 127/2/15
f 130/36/16 132/53/17 131/24/17 129/1/16
f 132/53/17 134/54/6 133/29/6 131/24/17
f 134/54/6 136/55/3 135/27/3 133/29/6
f 136/55/3 138/56/4 137/26/4 135/27/3
f 138/56/4 140/43/18 139/28/18 137/26/4
f 140/43/18 142/57/19 141/21/19 139/28/18
f 142/57/19 144/58/4 143/23/4 141/21/19
f 144/58/4 146/59/5 145/22/5 143/23/4
f 146/59/5 148/60/6 147/25/6 145/22/5
f 148/60/6 130/50/16 129/4/16 147/25/6
f 150/36/20 152/61/21 151/62/21 149/1/20
f 152/61/21 154/63/22 153/64/22 151/62/21
f 154/63/22 156/39/6 155/40/6 153/64/22
f 156/39/6 158/51/3 157/3/3 155/40/6
f 158/51/3 160/65/4 159/66/4 157/3/3
f 160/65/4 162/43/5 161/28/5 159/66/4
f 162/43/5 164/67/23 163/68/23 161/28/5
f 164/67/23 166/52/24 165/2/24 163/68/23
f 166/52/24 168/46/25 167/47/25 165/2/24
f 168/46/25 170/69/26 169/70/26 167/47/25
f 170/69/26 172/71/27 171/72/27 169/70/26
f 172/71/27 150/50/20 149/4/20 171/72/27
f 174/36/3 176/39/4 175/40/4 173/1/3
f 176/39/4 178/43/5 177/28/5 175/40/4
f 178/43/5 180/46/6 179/47/6 177/28/5
f 180/46/6 174/50/3 173/4/3 179/47/6
o Текст.003
v 4.198535 -0.000000 0.200000
v 4.198535 1.282051 0.200000
v 4.517216 1.282051 0.200000
v 4.542011 1.281492 0.200000
v 4.565726 1.279813 0.200000
v 4.588359 1.277015 0.200000
v 4.609911 1.273098 0.200000
v 4.630382 1.268061 0.200000
v 4.649771 1.261905 0.200000
v 4.668080 1.254630 0.200000
v 4.685308 1.246236 0.200000
v 4.701454 1.236722 0.200000
v 4.716519 1.226089 0.200000
v 4.730504 1.214337 0.200000
v 4.743407 1.201465 0.200000
v 4.755254 1.187513 0.200000
v 4.766071 1.172517 0.200000
v 4.775859 1.156479 0.200000
v 4.784616 1.139398 0.200000
v 4.792342 1.121273 0.200000
v 4.799039 1.102106 0.200000
v 4.804705 1.081896 0.200000
v 4.809341 1.060643 0.200000
v 4.812947 1.038347 0.200000
v 4.815522 1.015008 0.200000
v 4.817068 0.990626 0.200000
v 4.817583 0.965201 0.200000
v 4.817583 0.316850 0.200000
v 4.817068 0.291425 0.200000
v 4.815522 0.267043 0.200000
v 4.812947 0.243704 0.200000
v 4.809341 0.221408 0.200000
v 4.804705 0.200155 0.200000
v 4.799039 0.179945 0.200000
v 4.792342 0.160778 0.200000
v 4.784616 0.142654 0.200000
v 4.775859 0.125572 0.200000
v 4.766071 0.109534 0.200000
v 4.755254 0.094539 0.200000
v 4.743407 0.080586 0.200000
v 4.730504 0.067715 0.200000
v 4.716519 0.055963 0.200000
v 4.701454 0.045330 0.200000
v 4.685308 0.035816 0.200000
v 4.668080 0.027422 0.200000
v 4.649771 0.020147 0.200000
v 4.630382 0.013991 0.200000
v 4.609910 0.008954 0.200000
v 4.588359 0.005037 0.200000
v 4.565725 0.002238 0.200000
v 4.542011 0.000560 0.200000
v 4.517216 -0.000000 0.200000
v 4.513553 1.098901 0.200000
v 4.400000 1.098901 0.200000
v 4.400000 0.183150 0.200000
v 4.513553 0.183150 0.200000
v 4.521350 0.183341 0.200000
v 4.528867 0.183913 0.200000
v 4.536104 0.184867 0.200000
v 4.543061 0.186203 0.200000
v 4.549738 0.187920 0.200000
v 4.556136 0.190018 0.200000
v 4.562253 0.192498 0.200000
v 4.568091 0.195360 0.200000
v 4.573649 0.198603 0.200000
v 4.578928 0.202228 0.200000
v 4.583926 0.206235 0.200000
v 4.588645 0.210623 0.200000
v 4.593033 0.215494 0.200000
v 4.597039 0.220950 0.200000
v 4.600664 0.226992 0.200000
v 4.603908 0.233618 0.200000
v 4.606769 0.240830 0.200000
v 4.609249 0.248626 0.200000
v 4.611348 0.257008 0.200000
v 4.613065 0.265975 0.200000
v 4.614400 0.275527 0.200000
v 4.615355 0.285663 0.200000
v 4.615927 0.296385 0.200000
v 4.616117 0.307692 0.200000
v 4.616117 0.974359 0.200000
v 4.615927 0.985666 0.200000
v 4.615355 0.996388 0.200000
v 4.614400 1.006525 0.200000
v 4.613065 1.016077 0.200000
v 4.611348 1.025043 0.200000
v 4.609249 1.033425 0.200000
v 4.606769 1.041222 0.200000
v 4.603908 1.048433 0.200000
v 4.600664 1.055060 0.200000
v 4.597039 1.061101 0.200000
v 4.593033 1.066557 0.200000
v 4.588645 1.071429 0.200000
v 4.583926 1.075817 0.200000
v 4.578928 1.079823 0.200000
v 4.573649 1.083448 0.200000
v 4.568091 1.086691 0.200000
v 4.562253 1.089553 0.200000
v 4.556136 1.092033 0.200000
v 4.549738 1.094132 0.200000
v 4.543061 1.095849 0.200000
v 4.536104 1.097184 0.200000
v 4.528867 1.098138 0.200000
v 4.521350 1.098710 0.200000
v 3.861539 0.895604 0.200000
v 3.861539 0.967033 0.200000
v 3.861341 0.980992 0.200000
v 3.860750 0.994175 0.200000
v 3.859764 1.006582 0.200000
v 3.858384 1.018213 0.200000
v 3.856610 1.029069 0.200000
v 3.854441 1.039148 0.200000
v 3.851879 1.048452 0.200000
v 3.848922 1.056980 0.200000
v 3.845570 1.064732 0.200000
v 3.841825 1.071708 0.200000
v 3.837685 1.077909 0.200000
v 3.833150 1.083333 0.200000
v 3.828285 1.088160 0.200000
v 3.823153 1.092567 0.200000
v 3.817754 1.096555 0.200000
v 3.812088 1.100122 0.200000
v 3.806155 1.103270 0.200000
v 3.799954 1.105998 0.200000
v 3.793487 1.108307 0.200000
v 3.786752 1.110195 0.200000
v 3.779751 1.111664 0.200000
v 3.772482 1.112714 0.200000
v 3.764946 1.113343 0.200000
v 3.757143 1.113553 0.200000
v 3.749340 1.113356 0.200000
v 3.741804 1.112765 0.200000
v 3.734535 1.111779 0.200000
v 3.727534 1.110399 0.200000
v 3.720799 1.108625 0.200000
v 3.714332 1.106456 0.200000
v 3.708131 1.103893 0.200000
v 3.702198 1.100936 0.200000
v 3.696532 1.097585 0.200000
v 3.691133 1.093839 0.200000
v 3.686001 1.089699 0.200000
v 3.681136 1.085165 0.200000
v 3.676601 1.080147 0.200000
v 3.672462 1.074557 0.200000
v 3.668716 1.068395 0.200000
v 3.665364 1.061661 0.200000
v 3.662407 1.054354 0.200000
v 3.659844 1.046474 0.200000
v 3.657676 1.038023 0.200000
v 3.655902 1.028999 0.200000
v 3.654522 1.019403 0.200000
v 3.653536 1.009234 0.200000
v 3.652945 0.998493 0.200000
v 3.652747 0.987180 0.200000
v 3.652747 0.904762 0.200000
v 3.462271 0.904762 0.200000
v 3.462271 0.974359 0.200000
v 3.462799 0.999803 0.200000
v 3.464382 1.024242 0.200000
v 3.467022 1.047676 0.200000
v 3.470716 1.070106 0.200000
v 3.475467 1.091531 0.200000
v 3.481273 1.111951 0.200000
v 3.488135 1.131366 0.200000
v 3.496052 1.149776 0.200000
v 3.505025 1.167182 0.200000
v 3.515054 1.183583 0.200000
v 3.526139 1.198979 0.200000
v 3.538279 1.213370 0.200000
v 3.551449 1.226680 0.200000
v 3.565624 1.238833 0.200000
v 3.580804 1.249828 0.200000
v 3.596988 1.259666 0.200000
v 3.614178 1.268347 0.200000
v 3.632372 1.275870 0.200000
v 3.651571 1.282236 0.200000
v 3.671775 1.287444 0.200000
v 3.692983 1.291495 0.200000
v 3.715196 1.294389 0.200000
v 3.738415 1.296125 0.200000
v 3.762637 1.296703 0.200000
v 3.786860 1.296125 0.200000
v 3.810078 1.294388 0.200000
v 3.832292 1.291495 0.200000
v 3.853500 1.287444 0.200000
v 3.873704 1.282236 0.200000
v 3.892903 1.275870 0.200000
v 3.911097 1.268347 0.200000
v 3.928287 1.259666 0.200000
v 3.944471 1.249828 0.200000
v 3.959651 1.238833 0.200000
v 3.973826 1.226680 0.200000
v 3.986996 1.213370 0.200000
v 3.999136 1.198979 0.200000
v 4.010221 1.183583 0.200000
v 4.020249 1.167182 0.200000
v 4.029222 1.149776 0.200000
v 4.037140 1.131366 0.200000
v 4.044002 1.111951 0.200000
v 4.049808 1.091531 0.200000
v 4.054559 1.070106 0.200000
v 4.058253 1.047676 0.200000
v 4.060893 1.024242 0.200000
v 4.062476 0.999803 0.200000
v 4.063004 0.974359 0.200000
v 4.063004 0.941392 0.200000
v 4.062025 0.908221 0.200000
v 4.059086 0.877086 0.200000
v 4.054190 0.847985 0.200000
v 4.047334 0.820920 0.200000
v 4.038520 0.795889 0.200000
v 4.027747 0.772894 0.200000
v 4.015016 0.751933 0.200000
v 4.000326 0.733008 0.200000
v 3.983677 0.716117 0.200000
v 3.965069 0.701262 0.200000
v 3.944503 0.688441 0.200000
v 3.921978 0.677656 0.200000
v 3.934487 0.671913 0.200000
v 3.946373 0.665675 0.200000
v 3.957635 0.658940 0.200000
v 3.968275 0.651709 0.200000
v 3.978291 0.643983 0.200000
v 3.987683 0.635760 0.200000
v 3.996453 0.627041 0.200000
v 4.004599 0.617826 0.200000
v 4.012122 0.608116 0.200000
v 4.019022 0.597909 0.200000
v 4.025299 0.587206 0.200000
v 4.030952 0.576007 0.200000
v 4.036072 0.564351 0.200000
v 4.040746 0.552274 0.200000
v 4.044975 0.539778 0.200000
v 4.048759 0.526862 0.200000
v 4.052097 0.513526 0.200000
v 4.054991 0.499771 0.200000
v 4.057439 0.485596 0.200000
v 4.059443 0.471001 0.200000
v 4.061001 0.455987 0.200000
v 4.062113 0.440552 0.200000
v 4.062781 0.424699 0.200000
v 4.063004 0.408425 0.200000
v 4.063004 0.307692 0.200000
v 4.062476 0.282248 0.200000
v 4.060893 0.257809 0.200000
v 4.058253 0.234375 0.200000
v 4.054559 0.211945 0.200000
v 4.049808 0.190521 0.200000
v 4.044002 0.170101 0.200000
v 4.037140 0.150686 0.200000
v 4.029222 0.132275 0.200000
v 4.020249 0.114870 0.200000
v 4.010221 0.098469 0.200000
v 3.999136 0.083073 0.200000
v 3.986996 0.068681 0.200000
v 3.973826 0.055371 0.200000
v 3.959651 0.043218 0.200000
v 3.944471 0.032223 0.200000
v 3.928287 0.022385 0.200000
v 3.911097 0.013704 0.200000
v 3.892903 0.006181 0.200000
v 3.873704 -0.000184 0.200000
v 3.853500 -0.005393 0.200000
v 3.832292 -0.009444 0.200000
v 3.810079 -0.012337 0.200000
v 3.786860 -0.014073 0.200000
v 3.762637 -0.014652 0.200000
v 3.738415 -0.014073 0.200000
v 3.715197 -0.012337 0.200000
v 3.692983 -0.009444 0.200000
v 3.671775 -0.005393 0.200000
v 3.651571 -0.000184 0.200000
v 3.632372 0.006181 0.200000
v 3.614178 0.013704 0.200000
v 3.596988 0.022385 0.200000
v 3.580804 0.032223 0.200000
v 3.565624 0.043218 0.200000
v 3.551449 0.055371 0.200000
v 3.538279 0.068681 0.200000
v 3.526138 0.083073 0.200000
v 3.515054 0.098469 0.200000
v 3.505025 0.114870 0.200000
v 3.496052 0.132275 0.200000
v 3.488135 0.150686 0.200000
v 3.481273 0.170101 0.200000
v 3.475467 0.190521 0.200000
v 3.470716 0.211945 0.200000
v 3.467021 0.234375 0.200000
v 3.464382 0.257809 0.200000
v 3.462799 0.282248 0.200000
v 3.462271 0.307692 0.200000
v 3.462271 0.413919 0.200000
v 3.652747 0.413919 0.200000
v 3.652747 0.294872 0.200000
v 3.652945 0.283558 0.200000
v 3.653536 0.272817 0.200000
v 3.654522 0.262649 0.200000
v 3.655902 0.253053 0.200000
v 3.657676 0.244029 0.200000
v 3.659844 0.235577 0.200000
v 3.662407 0.227698 0.200000
v 3.665364 0.220391 0.200000
v 3.668716 0.213656 0.200000
v 3.672462 0.207494 0.200000
v 3.676601 0.201904 0.200000
v 3.681136 0.196886 0.200000
v 3.686001 0.192352 0.200000
v 3.691133 0.188212 0.200000
v 3.696532 0.184467 0.200000
v 3.702198 0.181115 0.200000
v 3.708131 0.178158 0.200000
v 3.714332 0.175595 0.200000
v 3.720799 0.173427 0.200000
v 3.727534 0.171652 0.200000
v 3.734535 0.170272 0.200000
v 3.741804 0.169287 0.200000
v 3.749340 0.168695 0.200000
v 3.757143 0.168498 0.200000
v 3.764946 0.168702 0.200000
v 3.772482 0.169312 0.200000
v 3.779751 0.170330 0.200000
v 3.786752 0.171754 0.200000
v 3.793487 0.173586 0.200000
v 3.799954 0.175824 0.200000
v 3.806155 0.178470 0.200000
v 3.812088 0.181522 0.200000
v 3.817754 0.184982 0.200000
v 3.823153 0.188848 0.200000
v 3.828285 0.193122 0.200000
v 3.833150 0.197802 0.200000
v 3.837685 0.203080 0.200000
v 3.841825 0.209147 0.200000
v 3.845570 0.216003 0.200000
v 3.848922 0.223647 0.200000
v 3.851879 0.232079 0.200000
v 3.854441 0.241300 0.200000
v 3.856610 0.251310 0.200000
v 3.858384 0.262108 0.200000
v 3.859764 0.273695 0.200000
v 3.860750 0.286070 0.200000
v 3.861341 0.299234 0.200000
v 3.861539 0.313187 0.200000
v 3.861539 0.413919 0.200000
v 3.861322 0.428508 0.200000
v 3.860674 0.442359 0.200000
v 3.859593 0.455472 0.200000
v 3.858079 0.467847 0.200000
v 3.856133 0.479485 0.200000
v 3.853755 0.490385 0.200000
v 3.850944 0.500547 0.200000
v 3.847701 0.509971 0.200000
v 3.844025 0.518658 0.200000
v 3.839917 0.526608 0.200000
v 3.835376 0.533819 0.200000
v 3.830403 0.540293 0.200000
v 3.824947 0.546144 0.200000
v 3.818956 0.551486 0.200000
v 3.812431 0.556319 0.200000
v 3.805372 0.560643 0.200000
v 3.797779 0.564459 0.200000
v 3.789652 0.567766 0.200000
v 3.780991 0.570564 0.200000
v 3.771795 0.572853 0.200000
v 3.762065 0.574634 0.200000
v 3.751801 0.575906 0.200000
v 3.741003 0.576669 0.200000
v 3.729671 0.576923 0.200000
v 3.661905 0.576923 0.200000
v 3.661905 0.760073 0.200000
v 3.740659 0.760073 0.200000
v 3.749950 0.760277 0.200000
v 3.758898 0.760887 0.200000
v 3.767502 0.761905 0.200000
v 3.775763 0.763329 0.200000
v 3.783681 0.765161 0.200000
v 3.791255 0.767399 0.200000
v 3.798485 0.770045 0.200000
v 3.805372 0.773097 0.200000
v 3.811916 0.776557 0.200000
v 3.818117 0.780423 0.200000
v 3.823974 0.784697 0.200000
v 3.829487 0.789377 0.200000
v 3.834607 0.794592 0.200000
v 3.839281 0.800468 0.200000
v 3.843510 0.807005 0.200000
v 3.847293 0.814204 0.200000
v 3.850632 0.822064 0.200000
v 3.853526 0.830586 0.200000
v 3.855974 0.839769 0.200000
v 3.857977 0.849613 0.200000
v 3.859535 0.860119 0.200000
v 3.860648 0.871286 0.200000
v 3.861316 0.883114 0.200000
v 4.198535 0.000000 -0.200000
v 4.198535 1.282051 -0.200000
v 4.517216 1.282051 -0.200000
v 4.542011 1.281492 -0.200000
v 4.565726 1.279813 -0.200000
v 4.588359 1.277015 -0.200000
v 4.609911 1.273098 -0.200000
v 4.630382 1.268061 -0.200000
v 4.649771 1.261905 -0.200000
v 4.668080 1.254630 -0.200000
v 4.685308 1.246236 -0.200000
v 4.701454 1.236722 -0.200000
v 4.716519 1.226089 -0.200000
v 4.730504 1.214337 -0.200000
v 4.743407 1.201465 -0.200000
v 4.755254 1.187513 -0.200000
v 4.766071 1.172517 -0.200000
v 4.775859 1.156479 -0.200000
v 4.784616 1.139398 -0.200000
v 4.792342 1.121273 -0.200000
v 4.799039 1.102106 -0.200000
v 4.804705 1.081896 -0.200000
v 4.809341 1.060643 -0.200000
v 4.812947 1.038347 -0.200000
v 4.815522 1.015008 -0.200000
v 4.817068 0.990626 -0.200000
v 4.817583 0.965201 -0.200000
v 4.817583 0.316850 -0.200000
v 4.817068 0.291425 -0.200000
v 4.815522 0.267043 -0.200000
v 4.812947 0.243704 -0.200000
v 4.809341 0.221408 -0.200000
v 4.804705 0.200155 -0.200000
v 4.799039 0.179945 -0.200000
v 4.792342 0.160778 -0.200000
v 4.784616 0.142654 -0.200000
v 4.775859 0.125572 -0.200000
v 4.766071 0.109534 -0.200000
v 4.755254 0.094539 -0.200000
v 4.743407 0.080586 -0.200000
v 4.730504 0.067715 -0.200000
v 4.716519 0.055963 -0.200000
v 4.701454 0.045330 -0.200000
v 4.685308 0.035816 -0.200000
v 4.668080 0.027422 -0.200000
v 4.649771 0.020147 -0.200000
v 4.630382 0.013991 -0.200000
v 4.609910 0.008954 -0.200000
v 4.588359 0.005037 -0.200000
v 4.565725 0.002239 -0.200000
v 4.542011 0.000560 -0.200000
v 4.517216 0.000000 -0.200000
v 4.513553 1.098901 -0.200000
v 4.400000 1.098901 -0.200000
v 4.400000 0.183150 -0.200000
v 4.513553 0.183150 -0.200000
v 4.521350 0.183341 -0.200000
v 4.528867 0.183913 -0.200000
v 4.536104 0.184867 -0.200000
v 4.543061 0.186203 -0.200000
v 4.549738 0.187920 -0.200000
v 4.556136 0.190018 -0.200000
v 4.562253 0.192498 -0.200000
v 4.568091 0.195360 -0.200000
v 4.573649 0.198603 -0.200000
v 4.578928 0.202228 -0.200000
v 4.583926 0.206235 -0.200000
v 4.588645 0.210623 -0.200000
v 4.593033 0.215494 -0.200000
v 4.597039 0.220950 -0.200000
v 4.600664 0.226992 -0.200000
v 4.603908 0.233618 -0.200000
v 4.606769 0.240830 -0.200000
v 4.609249 0.248626 -0.200000
v 4.611348 0.257008 -0.200000
v 4.613065 0.265975 -0.200000
v 4.614400 0.275527 -0.200000
v 4.615355 0.285663 -0.200000
v 4.615927 0.296385 -0.200000
v 4.616117 0.307692 -0.200000
v 4.616117 0.974359 -0.200000
v 4.615927 0.985666 -0.200000
v 4.615355 0.996388 -0.200000
v 4.614400 1.006525 -0.200000
v 4.613065 1.016077 -0.200000
v 4.611348 1.025043 -0.200000
v 4.609249 1.033425 -0.200000
v 4.606769 1.041222 -0.200000
v 4.603908 1.048433 -0.200000
v 4.600664 1.055060 -0.200000
v 4.597039 1.061101 -0.200000
v 4.593033 1.066557 -0.200000
v 4.588645 1.071429 -0.200000
v 4.583926 1.075817 -0.200000
v 4.578928 1.079823 -0.200000
v 4.573649 1.083448 -0.200000
v 4.568091 1.086691 -0.200000
v 4.562253 1.089553 -0.200000
v 4.556136 1.092033 -0.200000
v 4.549738 1.094132 -0.200000
v 4.543061 1.095849 -0.200000
v 4.536104 1.097184 -0.200000
v 4.528867 1.098138 -0.200000
v 4.521350 1.098710 -0.200000
v 3.861539 0.895604 -0.200000
v 3.861539 0.967033 -0.200000
v 3.861341 0.980992 -0.200000
v 3.860750 0.994175 -0.200000
v 3.859764 1.006582 -0.200000
v 3.858384 1.018213 -0.200000
v 3.856610 1.029069 -0.200000
v 3.854441 1.039148 -0.200000
v 3.851879 1.048452 -0.200000
v 3.848922 1.056980 -0.200000
v 3.845570 1.064732 -0.200000
v 3.841825 1.071708 -0.200000
v 3.837685 1.077909 -0.200000
v 3.833150 1.083333 -0.200000
v 3.828285 1.088160 -0.200000
v 3.823153 1.092567 -0.200000
v 3.817754 1.096555 -0.200000
v 3.812088 1.100122 -0.200000
v 3.806155 1.103270 -0.200000
v 3.799954 1.105998 -0.200000
v 3.793487 1.108307 -0.200000
v 3.786752 1.110195 -0.200000
v 3.779751 1.111664 -0.200000
v 3.772482 1.112714 -0.200000
v 3.764946 1.113343 -0.200000
v 3.757143 1.113553 -0.200000
v 3.749340 1.113356 -0.200000
v 3.741804 1.112765 -0.200000
v 3.734535 1.111779 -0.200000
v 3.727534 1.110399 -0.200000
v 3.720799 1.108625 -0.200000
v 3.714332 1.106456 -0.200000
v 3.708131 1.103893 -0.200000
v 3.702198 1.100936 -0.200000
v 3.696532 1.097585 -0.200000
v 3.691133 1.093839 -0.200000
v 3.686001 1.089699 -0.200000
v 3.681136 1.085165 -0.200000
v 3.676601 1.080147 -0.200000
v 3.672462 1.074557 -0.200000
v 3.668716 1.068395 -0.200000
v 3.665364 1.061661 -0.200000
v 3.662407 1.054354 -0.200000
v 3.659844 1.046474 -0.200000
v 3.657676 1.038023 -0.200000
v 3.655902 1.028999 -0.200000
v 3.654522 1.019403 -0.200000
v 3.653536 1.009234 -0.200000
v 3.652945 0.998493 -0.200000
v 3.652747 0.987180 -0.200000
v 3.652747 0.904762 -0.200000
v 3.462271 0.904762 -0.200000
v 3.462271 0.974359 -0.200000
v 3.462799 0.999803 -0.200000
v 3.464382 1.024242 -0.200000
v 3.467022 1.047676 -0.200000
v 3.470716 1.070106 -0.200000
v 3.475467 1.091531 -0.200000
v 3.481273 1.111951 -0.200000
v 3.488135 1.131366 -0.200000
v 3.496052 1.149776 -0.200000
v 3.505025 1.167182 -0.200000
v 3.515054 1.183583 -0.200000
v 3.526139 1.198979 -0.200000
v 3.538279 1.213370 -0.200000
v 3.551449 1.226680 -0.200000
v 3.565624 1.238833 -0.200000
v 3.580804 1.249828 -0.200000
v 3.596988 1.259666 -0.200000
v 3.614178 1.268347 -0.200000
v 3.632372 1.275870 -0.200000
v 3.651571 1.282236 -0.200000
v 3.671775 1.287444 -0.200000
v 3.692983 1.291495 -0.200000
v 3.715196 1.294389 -0.200000
v 3.738415 1.296125 -0.200000
v 3.762637 1.296703 -0.200000
v 3.786860 1.296125 -0.200000
v 3.810078 1.294388 -0.200000
v 3.832292 1.291495 -0.200000
v 3.853500 1.287444 -0.200000
v 3.873704 1.282236 -0.200000
v 3.892903 1.275870 -0.200000
v 3.911097 1.268347 -0.200000
v 3.928287 1.259666 -0.200000
v 3.944471 1.249828 -0.200000
v 3.959651 1.238833 -0.200000
v 3.973826 1.226680 -0.200000
v 3.986996 1.213370 -0.200000
v 3.999136 1.198979 -0.200000
v 4.010221 1.183583 -0.200000
v 4.020249 1.167182 -0.200000
v 4.029222 1.149776 -0.200000
v 4.037140 1.131366 -0.200000
v 4.044002 1.111951 -0.200000
v 4.049808 1.091531 -0.200000
v 4.054559 1.070106 -0.200000
v 4.058253 1.047676 -0.200000
v 4.060893 1.024242 -0.200000
v 4.062476 0.999803 -0.200000
v 4.063004 0.974359 -0.200000
v 4.063004 0.941392 -0.200000
v 4.062025 0.908221 -0.200000
v 4.059086 0.877086 -0.200000
v 4.054190 0.847985 -0.200000
v 4.047334 0.820920 -0.200000
v 4.038520 0.795889 -0.200000
v 4.027747 0.772894 -0.200000
v 4.015016 0.751933 -0.200000
v 4.000326 0.733008 -0.200000
v 3.983677 0.716117 -0.200000
v 3.965069 0.701262 -0.200000
v 3.944503 0.688441 -0.200000
v 3.921978 0.677656 -0.200000
v 3.934487 0.671913 -0.200000
v 3.946373 0.665675 -0.200000
v 3.957635 0.658940 -0.200000
v 3.968275 0.651709 -0.200000
v 3.978291 0.643983 -0.200000
v 3.987683 0.635760 -0.200000
v 3.996453 0.627041 -0.200000
v 4.004599 0.617826 -0.200000
v 4.012122 0.608116 -0.200000
v 4.019022 0.597909 -0.200000
v 4.025299 0.587206 -0.200000
v 4.030952 0.576007 -0.200000
v 4.036072 0.564351 -0.200000
v 4.040746 0.552274 -0.200000
v 4.044975 0.539778 -0.200000
v 4.048759 0.526862 -0.200000
v 4.052097 0.513526 -0.200000
v 4.054991 0.499771 -0.200000
v 4.057439 0.485596 -0.200000
v 4.059443 0.471001 -0.200000
v 4.061001 0.455987 -0.200000
v 4.062113 0.440552 -0.200000
v 4.062781 0.424699 -0.200000
v 4.063004 0.408425 -0.200000
v 4.063004 0.307692 -0.200000
v 4.062476 0.282248 -0.200000
v 4.060893 0.257809 -0.200000
v 4.058253 0.234375 -0.200000
v 4.054559 0.211945 -0.200000
v 4.049808 0.190521 -0.200000
v 4.044002 0.170101 -0.200000
v 4.037140 0.150686 -0.200000
v 4.029222 0.132275 -0.200000
v 4.020249 0.114870 -0.200000
v 4.010221 0.098469 -0.200000
v 3.999136 0.083073 -0.200000
v 3.986996 0.068681 -0.200000
v 3.973826 0.055371 -0.200000
v 3.959651 0.043218 -0.200000
v 3.944471 0.032223 -0.200000
v 3.928287 0.022385 -0.200000
v 3.911097 0.013704 -0.200000
v 3.892903 0.006181 -0.200000
v 3.873704 -0.000184 -0.200000
v 3.853500 -0.005393 -0.200000
v 3.832292 -0.009444 -0.200000
v 3.810079 -0.012337 -0.200000
v 3.786860 -0.014073 -0.200000
v 3.762637 -0.014652 -0.200000
v 3.738415 -0.014073 -0.200000
v 3.715197 -0.012337 -0.200000
v 3.692983 -0.009444 -0.200000
v 3.671775 -0.005393 -0.200000
v 3.651571 -0.000184 -0.200000
v 3.632372 0.006181 -0.200000
v 3.614178 0.013704 -0.200000
v 3.596988 0.022385 -0.200000
v 3.580804 0.032223 -0.200000
v 3.565624 0.043218 -0.200000
v 3.551449 0.055371 -0.200000
v 3.538279 0.068681 -0.200000
v 3.526138 0.083073 -0.200000
v 3.515054 0.098469 -0.200000
v 3.505025 0.114870 -0.200000
v 3.496052 0.132275 -0.200000
v 3.488135 0.150686 -0.200000
v 3.481273 0.170101 -0.200000
v 3.475467 0.190521 -0.200000
v 3.470716 0.211945 -0.200000
v 3.467021 0.234375 -0.200000
v 3.464382 0.257809 -0.200000
v 3.462799 0.282248 -0.200000
v 3.462271 0.307692 -0.200000
v 3.462271 0.413919 -0.200000
v 3.652747 0.413919 -0.200000
v 3.652747 0.294872 -0.200000
v 3.652945 0.283558 -0.200000
v 3.653536 0.272817 -0.200000
v 3.654522 0.262649 -0.200000
v 3.655902 0.253053 -0.200000
v 3.657676 0.244029 -0.200000
v 3.659844 0.235577 -0.200000
v 3.662407 0.227698 -0.200000
v 3.665364 0.220391 -0.200000
v 3.668716 0.213656 -0.200000
v 3.672462 0.207494 -0.200000
v 3.676601 0.201904 -0.200000
v 3.681136 0.196886 -0.200000
v 3.686001 0.192352 -0.200000
v 3.691133 0.188212 -0.200000
v 3.696532 0.184467 -0.200000
v 3.702198 0.181115 -0.200000
v 3.708131 0.178158 -0.200000
v 3.714332 0.175595 -0.200000
v 3.720799 0.173427 -0.200000
v 3.727534 0.171652 -0.200000
v 3.734535 0.170272 -0.200000
v 3.741804 0.169287 -0.200000
v 3.749340 0.168695 -0.200000
v 3.757143 0.168498 -0.200000
v 3.764946 0.168702 -0.200000
v 3.772482 0.169312 -0.200000
v 3.779751 0.170330 -0.200000
v 3.786752 0.171754 -0.200000
v 3.793487 0.173586 -0.200000
v 3.799954 0.175824 -0.200000
v 3.806155 0.178470 -0.200000
v 3.812088 0.181522 -0.200000
v 3.817754 0.184982 -0.200000
v 3.823153 0.188848 -0.200000
v 3.828285 0.193122 -0.200000
v 3.833150 0.197802 -0.200000
v 3.837685 0.203081 -0.200000
v 3.841825 0.209147 -0.200000
v 3.845570 0.216003 -0.200000
v 3.848922 0.223647 -0.200000
v 3.851879 0.232079 -0.200000
v 3.854441 0.241300 -0.200000
v 3.856610 0.251310 -0.200000
v 3.858384 0.262108 -0.200000
v 3.859764 0.273695 -0.200000
v 3.860750 0.286070 -0.200000
v 3.861341 0.299234 -0.200000
v 3.861539 0.313187 -0.200000
v 3.861539 0.413919 -0.200000
v 3.861322 0.428508 -0.200000
v 3.860674 0.442359 -0.200000
v 3.859593 0.455472 -0.200000
v 3.858079 0.467847 -0.200000
v 3.856133 0.479485 -0.200000
v 3.853755 0.490385 -0.200000
v 3.850944 0.500547 -0.200000
v 3.847701 0.509971 -0.200000
v 3.844025 0.518658 -0.200000
v 3.839917 0.526608 -0.200000
v 3.835376 0.533819 -0.200000
v 3.830403 0.540293 -0.200000
v 3.824947 0.546144 -0.200000
v 3.818956 0.551486 -0.200000
v 3.812431 0.556319 -0.200000
v 3.805372 0.560643 -0.200000
v 3.797779 0.564459 -0.200000
v 3.789652 0.567766 -0.200000
v 3.780991 0.570564 -0.200000
v 3.771795 0.572853 -0.200000
v 3.762065 0.574634 -0.200000
v 3.751801 0.575906 -0.200000
v 3.741003 0.576669 -0.200000
v 3.729671 0.576923 -0.200000
v 3.661905 0.576923 -0.200000
v 3.661905 0.760073 -0.200000
v 3.740659 0.760073 -0.200000
v 3.749950 0.760277 -0.200000
v 3.758898 0.760887 -0.200000
v 3.767502 0.761905 -0.200000
v 3.775763 0.763329 -0.200000
v 3.783681 0.765161 -0.200000
v 3.791255 0.767399 -0.200000
v 3.798485 0.770045 -0.200000
v 3.805372 0.773097 -0.200000
v 3.811916 0.776557 -0.200000
v 3.818117 0.780423 -0.200000
v 3.823974 0.784697 -0.200000
v 3.829487 0.789377 -0.200000
v 3.834607 0.794592 -0.200000
v 3.839281 0.800468 -0.200000
v 3.843510 0.807005 -0.200000
v 3.847293 0.814204 -0.200000
v 3.850632 0.822064 -0.200000
v 3.853526 0.830586 -0.200000
v 3.855974 0.839769 -0.200000
v 3.857977 0.849613 -0.200000
v 3.859535 0.860119 -0.200000
v 3.860648 0.871286 -0.200000
v 3.861316 0.883114 -0.200000
v 3.861539 0.895604 -0.200000
v 3.861539 0.895604 0.200000
v 3.861539 0.967033 -0.200000
v 3.861539 0.967033 0.200000
v 3.861341 0.980992 -0.200000
v 3.861341 0.980992 0.200000
v 3.860750 0.994175 -0.200000
v 3.860750 0.994175 0.200000
v 3.859764 1.006582 -0.200000
v 3.859764 1.006582 0.200000
v 3.858384 1.018213 -0.200000
v 3.858384 1.018213 0.200000
v 3.856610 1.029069 -0.200000
v 3.856610 1.029069 0.200000
v 3.854441 1.039148 -0.200000
v 3.854441 1.039148 0.200000
v 3.851879 1.048452 -0.200000
v 3.851879 1.048452 0.200000
v 3.848922 1.056980 -0.200000
v 3.848922 1.056980 0.200000
v 3.845570 1.064732 -0.200000
v 3.845570 1.064732 0.200000
v 3.841825 1.071708 -0.200000
v 3.841825 1.071708 0.200000
v 3.837685 1.077909 -0.200000
v 3.837685 1.077909 0.200000
v 3.833150 1.083333 -0.200000
v 3.833150 1.083333 0.200000
v 3.828285 1.088160 -0.200000
v 3.828285 1.088160 0.200000
v 3.823153 1.092567 -0.200000
v 3.823153 1.092567 0.200000
v 3.817754 1.096555 -0.200000
v 3.817754 1.096555 0.200000
v 3.812088 1.100122 -0.200000
v 3.812088 1.100122 0.200000
v 3.806155 1.103270 -0.200000
v 3.806155 1.103270 0.200000
v 3.799954 1.105998 -0.200000
v 3.799954 1.105998 0.200000
v 3.793487 1.108307 -0.200000
v 3.793487 1.108307 0.200000
v 3.786752 1.110195 -0.200000
v 3.786752 1.110195 0.200000
v 3.779751 1.111664 -0.200000
v 3.779751 1.111664 0.200000
v 3.772482 1.112714 -0.200000
v 3.772482 1.112714 0.200000
v 3.764946 1.113343 -0.200000
v 3.764946 1.113343 0.200000
v 3.757143 1.113553 -0.200000
v 3.757143 1.113553 0.200000
v 3.749340 1.113356 -0.200000
v 3.749340 1.113356 0.200000
v 3.741804 1.112765 -0.200000
v 3.741804 1.112765 0.200000
v 3.734535 1.111779 -0.200000
v 3.734535 1.111779 0.200000
v 3.727534 1.110399 -0.200000
v 3.727534 1.110399 0.200000
v 3.720799 1.108625 -0.200000
v 3.720799 1.108625 0.200000
v 3.714332 1.106456 -0.200000
v 3.714332 1.106456 0.200000
v 3.708131 1.103893 -0.200000
v 3.708131 1.103893 0.200000
v 3.702198 1.100936 -0.200000
v 3.702198 1.100936 0.200000
v 3.696532 1.097585 -0.200000
v 3.696532 1.097585 0.200000
v 3.691133 1.093839 -0.200000
v 3.691133 1.093839 0.200000
v 3.686001 1.089699 -0.200000
v 3.686001 1.089699 0.200000
v 3.681136 1.085165 -0.200000
v 3.681136 1.085165 0.200000
v 3.676601 1.080147 -0.200000
v 3.676601 1.080147 0.200000
v 3.672462 1.074557 -0.200000
v 3.672462 1.074557 0.200000
v 3.668716 1.068395 -0.200000
v 3.668716 1.068395 0.200000
v 3.665364 1.061661 -0.200000
v 3.665364 1.061661 0.200000
v 3.662407 1.054354 -0.200000
v 3.662407 1.054354 0.200000
v 3.659844 1.046474 -0.200000
v 3.659844 1.046474 0.200000
v 3.657676 1.038023 -0.200000
v 3.657676 1.038023 0.200000
v 3.655902 1.028999 -0.200000
v 3.655902 1.028999 0.200000
v 3.654522 1.019403 -0.200000
v 3.654522 1.019403 0.200000
v 3.653536 1.009234 -0.200000
v 3.653536 1.009234 0.200000
v 3.652945 0.998493 -0.200000
v 3.652945 0.998493 0.200000
v 3.652747 0.987180 -0.200000
v 3.652747 0.987180 0.200000
v 3.652747 0.904762 -0.200000
v 3.652747 0.904762 0.200000
v 3.462271 0.904762 -0.200000
v 3.462271 0.904762 0.200000
v 3.462271 0.974359 -0.200000
v 3.462271 0.974359 0.200000
v 3.462799 0.999803 -0.200000
v 3.462799 0.999803 0.200000
v 3.464382 1.024242 -0.200000
v 3.464382 1.024242 0.200000
v 3.467022 1.047676 -0.200000
v 3.467022 1.047676 0.200000
v 3.470716 1.070106 -0.200000
v 3.470716 1.070106 0.200000
v 3.475467 1.091531 -0.200000
v 3.475467 1.091531 0.200000
v 3.481273 1.111951 -0.200000
v 3.481273 1.111951 0.200000
v 3.488135 1.131366 -0.200000
v 3.488135 1.131366 0.200000
v 3.496052 1.149776 -0.200000
v 3.496052 1.149776 0.200000
v 3.505025 1.167182 -0.200000
v 3.505025 1.167182 0.200000
v 3.515054 1.183583 -0.200000
v 3.515054 1.183583 0.200000
v 3.526139 1.198979 -0.200000
v 3.526139 1.198979 0.200000
v 3.538279 1.213370 -0.200000
v 3.538279 1.213370 0.200000
v 3.551449 1.226680 -0.200000
v 3.551449 1.226680 0.200000
v 3.565624 1.238833 -0.200000
v 3.565624 1.238833 0.200000
v 3.580804 1.249828 -0.200000
v 3.580804 1.249828 0.200000
v 3.596988 1.259666 -0.200000
v 3.596988 1.259666 0.200000
v 3.614178 1.268347 -0.200000
v 3.614178 1.268347 0.200000
v 3.632372 1.275870 -0.200000
v 3.632372 1.275870 0.200000
v 3.651571 1.282236 -0.200000
v 3.651571 1.282236 0.200000
v 3.671775 1.287444 -0.200000
v 3.671775 1.287444 0.200000
v 3.692983 1.291495 -0.200000
v 3.692983 1.291495 0.200000
v 3.715196 1.294389 -0.200000
v 3.715196 1.294389 0.200000
v 3.738415 1.296125 -0.200000
v 3.738415 1.296125 0.200000
v 3.762637 1.296703 -0.200000
v 3.762637 1.296703 0.200000
v 3.786860 1.296125 -0.200000
v 3.786860 1.296125 0.200000
v 3.810078 1.294388 -0.200000
v 3.810078 1.294388 0.200000
v 3.832292 1.291495 -0.200000
v 3.832292 1.291495 0.200000
v 3.853500 1.287444 -0.200000
v 3.853500 1.287444 0.200000
v 3.873704 1.282236 -0.200000
v 3.873704 1.282236 0.200000
v 3.892903 1.275870 -0.200000
v 3.892903 1.275870 0.200000
v 3.911097 1.268347 -0.200000
v 3.911097 1.268347 0.200000
v 3.928287 1.259666 -0.200000
v 3.928287 1.259666 0.200000
v 3.944471 1.249828 -0.200000
v 3.944471 1.249828 0.200000
v 3.959651 1.238833 -0.200000
v 3.959651 1.238833 0.200000
v 3.973826 1.226680 -0.200000
v 3.973826 1.226680 0.200000
v 3.986996 1.213370 -0.200000
v 3.986996 1.213370 0.200000
v 3.999136 1.198979 -0.200000
v 3.999136 1.198979 0.200000
v 4.010221 1.183583 -0.200000
v 4.010221 1.183583 0.200000
v 4.020249 1.167182 -0.200000
v 4.020249 1.167182 0.200000
v 4.029222 1.149776 -0.200000
v 4.029222 1.149776 0.200000
v 4.037140 1.131366 -0.200000
v 4.037140 1.131366 0.200000
v 4.044002 1.111951 -0.200000
v 4.044002 1.111951 0.200000
v 4.049808 1.091531 -0.200000
v 4.049808 1.091531 0.200000
v 4.054559 1.070106 -0.200000
v 4.054559 1.070106 0.200000
v 4.058253 1.047676 -0.200000
v 4.058253 1.047676 0.200000
v 4.060893 1.024242 -0.200000
v 4.060893 1.024242 0.200000
v 4.062476 0.999803 -0.200000
v 4.062476 0.999803 0.200000
v 4.063004 0.974359 -0.200000
v 4.063004 0.974359 0.200000
v 4.063004 0.941392 -0.200000
v 4.063004 0.941392 0.200000
v 4.062025 0.908221 -0.200000
v 4.062025 0.908221 0.200000
v 4.059086 0.877086 -0.200000
v 4.059086 0.877086 0.200000
v 4.054190 0.847985 -0.200000
v 4.054190 0.847985 0.200000
v 4.047334 0.820920 -0.200000
v 4.047334 0.820920 0.200000
v 4.038520 0.795889 -0.200000
v 4.038520 0.795889 0.200000
v 4.027747 0.772894 -0.200000
v 4.027747 0.772894 0.200000
v 4.015016 0.751933 -0.200000
v 4.015016 0.751933 0.200000
v 4.000326 0.733008 -0.200000
v 4.000326 0.733008 0.200000
v 3.983677 0.716117 -0.200000
v 3.983677 0.716117 0.200000
v 3.965069 0.701262 -0.200000
v 3.965069 0.701262 0.200000
v 3.944503 0.688441 -0.200000
v 3.944503 0.688441 0.200000
v 3.921978 0.677656 -0.200000
v 3.921978 0.677656 0.200000
v 3.934487 0.671913 -0.200000
v 3.934487 0.671913 0.200000
v 3.946373 0.665675 -0.200000
v 3.946373 0.665675 0.200000
v 3.957635 0.658940 -0.200000
v 3.957635 0.658940 0.200000
v 3.968275 0.651709 -0.200000
v 3.968275 0.651709 0.200000
v 3.978291 0.643983 -0.200000
v 3.978291 0.643983 0.200000
v 3.987683 0.635760 -0.200000
v 3.987683 0.635760 0.200000
v 3.996453 0.627041 -0.200000
v 3.996453 0.627041 0.200000
v 4.004599 0.617826 -0.200000
v 4.004599 0.617826 0.200000
v 4.012122 0.608116 -0.200000
v 4.012122 0.608116 0.200000
v 4.019022 0.597909 -0.200000
v 4.019022 0.597909 0.200000
v 4.025299 0.587206 -0.200000
v 4.025299 0.587206 0.200000
v 4.030952 0.576007 -0.200000
v 4.030952 0.576007 0.200000
v 4.036072 0.564351 -0.200000
v 4.036072 0.564351 0.200000
v 4.040746 0.552274 -0.200000
v 4.040746 0.552274 0.200000
v 4.044975 0.539778 -0.200000
v 4.044975 0.539778 0.200000
v 4.048759 0.526862 -0.200000
v 4.048759 0.526862 0.200000
v 4.052097 0.513526 -0.200000
v 4.052097 0.513526 0.200000
v 4.054991 0.499771 -0.200000
v 4.054991 0.499771 0.200000
v 4.057439 0.485596 -0.200000
v 4.057439 0.485596 0.200000
v 4.059443 0.471001 -0.200000
v 4.059443 0.471001 0.200000
v 4.061001 0.455987 -0.200000
v 4.061001 0.455987 0.200000
v 4.062113 0.440552 -0.200000
v 4.062113 0.440552 0.200000
v 4.062781 0.424699 -0.200000
v 4.062781 0.424699 0.200000
v 4.063004 0.408425 -0.200000
v 4.063004 0.408425 0.200000
v 4.063004 0.307692 -0.200000
v 4.063004 0.307692 0.200000
v 4.062476 0.282248 -0.200000
v 4.062476 0.282248 0.200000
v 4.060893 0.257809 -0.200000
v 4.060893 0.257809 0.200000
v 4.058253 0.234375 -0.200000
v 4.058253 0.234375 0.200000
v 4.054559 0.211945 -0.200000
v 4.054559 0.211945 0.200000
v 4.049808 0.190521 -0.200000
v 4.049808 0.190521 0.200000
v 4.044002 0.170101 -0.200000
v 4.044002 0.170101 0.200000
v 4.037140 0.150686 -0.200000
v 4.037140 0.150686 0.200000
v 4.029222 0.132275 -0.200000
v 4.029222 0.132275 0.200000
v 4.020249 0.114870 -0.200000
v 4.020249 0.114870 0.200000
v 4.010221 0.098469 -0.200000
v 4.010221 0.098469 0.200000
v 3.999136 0.083073 -0.200000
v 3.999136 0.083073 0.200000
v 3.986996 0.068681 -0.200000
v 3.986996 0.068681 0.200000
v 3.973826 0.055371 -0.200000
v 3.973826 0.055371 0.200000
v 3.959651 0.043218 -0.200000
v 3.959651 0.043218 0.200000
v 3.944471 0.032223 -0.200000
v 3.944471 0.032223 0.200000
v 3.928287 0.022385 -0.200000
v 3.928287 0.022385 0.200000
v 3.911097 0.013704 -0.200000
v 3.911097 0.013704 0.200000
v 3.892903 0.006181 -0.200000
v 3.892903 0.006181 0.200000
v 3.873704 -0.000184 -0.200000
v 3.873704 -0.000184 0.200000
v 3.853500 -0.005393 -0.200000
v 3.853500 -0.005393 0.200000
v 3.832292 -0.009444 -0.200000
v 3.832292 -0.009444 0.200000
v 3.810079 -0.012337 -0.200000
v 3.810079 -0.012337 0.200000
v 3.786860 -0.014073 -0.200000
v 3.786860 -0.014073 0.200000
v 3.762637 -0.014652 -0.200000
v 3.762637 -0.014652 0.200000
v 3.738415 -0.014073 -0.200000
v 3.738415 -0.014073 0.200000
v 3.715197 -0.012337 -0.200000
v 3.715197 -0.012337 0.200000
v 3.692983 -0.009444 -0.200000
v 3.692983 -0.009444 0.200000
v 3.671775 -0.005393 -0.200000
v 3.671775 -0.005393 0.200000
v 3.651571 -0.000184 -0.200000
v 3.651571 -0.000184 0.200000
v 3.632372 0.006181 -0.200000
v 3.632372 0.006181 0.200000
v 3.614178 0.013704 -0.200000
v 3.614178 0.013704 0.200000
v 3.596988 0.022385 -0.200000
v 3.596988 0.022385 0.200000
v 3.580804 0.032223 -0.200000
v 3.580804 0.032223 0.200000
v 3.565624 0.043218 -0.200000
v 3.565624 0.043218 0.200000
v 3.551449 0.055371 -0.200000
v 3.551449 0.055371 0.200000
v 3.538279 0.068681 -0.200000
v 3.538279 0.068681 0.200000
v 3.526138 0.083073 -0.200000
v 3.526138 0.083073 0.200000
v 3.515054 0.098469 -0.200000
v 3.515054 0.098469 0.200000
v 3.505025 0.114870 -0.200000
v 3.505025 0.114870 0.200000
v 3.496052 0.132275 -0.200000
v 3.496052 0.132275 0.200000
v 3.488135 0.150686 -0.200000
v 3.488135 0.150686 0.200000
v 3.481273 0.170101 -0.200000
v 3.481273 0.170101 0.200000
v 3.475467 0.190521 -0.200000
v 3.475467 0.190521 0.200000
v 3.470716 0.211945 -0.200000
v 3.470716 0.211945 0.200000
v 3.467021 0.234375 -0.200000
v 3.467021 0.234375 0.200000
v 3.464382 0.257809 -0.200000
v 3.464382 0.257809 0.200000
v 3.462799 0.282248 -0.200000
v 3.462799 0.282248 0.200000
v 3.462271 0.307692 -0.200000
v 3.462271 0.307692 0.200000
v 3.462271 0.413919 -0.200000
v 3.462271 0.413919 0.200000
v 3.652747 0.413919 -0.200000
v 3.652747 0.413919 0.200000
v 3.652747 0.294872 -0.200000
v 3.652747 0.294872 0.200000
v 3.652945 0.283558 -0.200000
v 3.652945 0.283558 0.200000
v 3.653536 0.272817 -0.200000
v 3.653536 0.272817 0.200000
v 3.654522 0.262649 -0.200000
v 3.654522 0.262649 0.200000
v 3.655902 0.253053 -0.200000
v 3.655902 0.253053 0.200000
v 3.657676 0.244029 -0.200000
v 3.657676 0.244029 0.200000
v 3.659844 0.235577 -0.200000
v 3.659844 0.235577 0.200000
v 3.662407 0.227698 -0.200000
v 3.662407 0.227698 0.200000
v 3.665364 0.220391 -0.200000
v 3.665364 0.220391 0.200000
v 3.668716 0.213656 -0.200000
v 3.668716 0.213656 0.200000
v 3.672462 0.207494 -0.200000
v 3.672462 0.207494 0.200000
v 3.676601 0.201904 -0.200000
v 3.676601 0.201904 0.200000
v 3.681136 0.196886 -0.200000
v 3.681136 0.196886 0.200000
v 3.686001 0.192352 -0.200000
v 3.686001 0.192352 0.200000
v 3.691133 0.188212 -0.200000
v 3.691133 0.188212 0.200000
v 3.696532 0.184467 -0.200000
v 3.696532 0.184467 0.200000
v 3.702198 0.181115 -0.200000
v 3.702198 0.181115 0.200000
v 3.708131 0.178158 -0.200000
v 3.708131 0.178158 0.200000
v 3.714332 0.175595 -0.200000
v 3.714332 0.175595 0.200000
v 3.720799 0.173427 -0.200000
v 3.720799 0.173427 0.200000
v 3.727534 0.171652 -0.200000
v 3.727534 0.171652 0.200000
v 3.734535 0.170272 -0.200000
v 3.734535 0.170272 0.200000
v 3.741804 0.169287 -0.200000
v 3.741804 0.169287 0.200000
v 3.749340 0.168695 -0.200000
v 3.749340 0.168695 0.200000
v 3.757143 0.168498 -0.200000
v 3.757143 0.168498 0.200000
v 3.764946 0.168702 -0.200000
v 3.764946 0.168702 0.200000
v 3.772482 0.169312 -0.200000
v 3.772482 0.169312 0.200000
v 3.779751 0.170330 -0.200000
v 3.779751 0.170330 0.200000
v 3.786752 0.171754 -0.200000
v 3.786752 0.171754 0.200000
v 3.793487 0.173586 -0.200000
v 3.793487 0.173586 0.200000
v 3.799954 0.175824 -0.200000
v 3.799954 0.175824 0.200000
v 3.806155 0.178470 -0.200000
v 3.806155 0.178470 0.200000
v 3.812088 0.181522 -0.200000
v 3.812088 0.181522 0.200000
v 3.817754 0.184982 -0.200000
v 3.817754 0.184982 0.200000
v 3.823153 0.188848 -0.200000
v 3.823153 0.188848 0.200000
v 3.828285 0.193122 -0.200000
v 3.828285 0.193122 0.200000
v 3.833150 0.197802 -0.200000
v 3.833150 0.197802 0.200000
v 3.837685 0.203081 -0.200000
v 3.837685 0.203080 0.200000
v 3.841825 0.209147 -0.200000
v 3.841825 0.209147 0.200000
v 3.845570 0.216003 -0.200000
v 3.845570 0.216003 0.200000
v 3.848922 0.223647 -0.200000
v 3.848922 0.223647 0.200000
v 3.851879 0.232079 -0.200000
v 3.851879 0.232079 0.200000
v 3.854441 0.241300 -0.200000
v 3.854441 0.241300 0.200000
v 3.856610 0.251310 -0.200000
v 3.856610 0.251310 0.200000
v 3.858384 0.262108 -0.200000
v 3.858384 0.262108 0.200000
v 3.859764 0.273695 -0.200000
v 3.859764 0.273695 0.200000
v 3.860750 0.286070 -0.200000
v 3.860750 0.286070 0.200000
v 3.861341 0.299234 -0.200000
v 3.861341 0.299234 0.200000
v 3.861539 0.313187 -0.200000
v 3.861539 0.313187 0.200000
v 3.861539 0.413919 -0.200000
v 3.861539 0.413919 0.200000
v 3.861322 0.428508 -0.200000
v 3.861322 0.428508 0.200000
v 3.860674 0.442359 -0.200000
v 3.860674 0.442359 0.200000
v 3.859593 0.455472 -0.200000
v 3.859593 0.455472 0.200000
v 3.858079 0.467847 -0.200000
v 3.858079 0.467847 0.200000
v 3.856133 0.479485 -0.200000
v 3.856133 0.479485 0.200000
v 3.853755 0.490385 -0.200000
v 3.853755 0.490385 0.200000
v 3.850944 0.500547 -0.200000
v 3.850944 0.500547 0.200000
v 3.847701 0.509971 -0.200000
v 3.847701 0.509971 0.200000
v 3.844025 0.518658 -0.200000
v 3.844025 0.518658 0.200000
v 3.839917 0.526608 -0.200000
v 3.839917 0.526608 0.200000
v 3.835376 0.533819 -0.200000
v 3.835376 0.533819 0.200000
v 3.830403 0.540293 -0.200000
v 3.830403 0.540293 0.200000
v 3.824947 0.546144 -0.200000
v 3.824947 0.546144 0.200000
v 3.818956 0.551486 -0.200000
v 3.818956 0.551486 0.200000
v 3.812431 0.556319 -0.200000
v 3.812431 0.556319 0.200000
v 3.805372 0.560643 -0.200000
v 3.805372 0.560643 0.200000
v 3.797779 0.564459 -0.200000
v 3.797779 0.564459 0.200000
v 3.789652 0.567766 -0.200000
v 3.789652 0.567766 0.200000
v 3.780991 0.570564 -0.200000
v 3.780991 0.570564 0.200000
v 3.771795 0.572853 -0.200000
v 3.771795 0.572853 0.200000
v 3.762065 0.574634 -0.200000
v 3.762065 0.574634 0.200000
v 3.751801 0.575906 -0.200000
v 3.751801 0.575906 0.200000
v 3.741003 0.576669 -0.200000
v 3.741003 0.576669 0.200000
v 3.729671 0.576923 -0.200000
v 3.729671 0.576923 0.200000
v 3.661905 0.576923 -0.200000
v 3.661905 0.576923 0.200000
v 3.661905 0.760073 -0.200000
v 3.661905 0.760073 0.200000
v 3.740659 0.760073 -0.200000
v 3.740659 0.760073 0.200000
v 3.749950 0.760277 -0.200000
v 3.749950 0.760277 0.200000
v 3.758898 0.760887 -0.200000
v 3.758898 0.760887 0.200000
v 3.767502 0.761905 -0.200000
v 3.767502 0.761905 0.200000
v 3.775763 0.763329 -0.200000
v 3.775763 0.763329 0.200000
v 3.783681 0.765161 -0.200000
v 3.783681 0.765161 0.200000
v 3.791255 0.767399 -0.200000
v 3.791255 0.767399 0.200000
v 3.798485 0.770045 -0.200000
v 3.798485 0.770045 0.200000
v 3.805372 0.773097 -0.200000
v 3.805372 0.773097 0.200000
v 3.811916 0.776557 -0.200000
v 3.811916 0.776557 0.200000
v 3.818117 0.780423 -0.200000
v 3.818117 0.780423 0.200000
v 3.823974 0.784697 -0.200000
v 3.823974 0.784697 0.200000
v 3.829487 0.789377 -0.200000
v 3.829487 0.789377 0.200000
v 3.834607 0.794592 -0.200000
v 3.834607 0.794592 0.200000
v 3.839281 0.800468 -0.200000
v 3.839281 0.800468 0.200000
v 3.843510 0.807005 -0.200000
v 3.843510 0.807005 0.200000
v 3.847293 0.814204 -0.200000
v 3.847293 0.814204 0.200000
v 3.850632 0.822064 -0.200000
v 3.850632 0.822064 0.200000
v 3.853526 0.830586 -0.200000
v 3.853526 0.830586 0.200000
v 3.855974 0.839769 -0.200000
v 3.855974 0.839769 0.200000
v 3.857977 0.849613 -0.200000
v 3.857977 0.849613 0.200000
v 3.859535 0.860119 -0.200000
v 3.859535 0.860119 0.200000
v 3.860648 0.871286 -0.200000
v 3.860648 0.871286 0.200000
v 3.861316 0.883114 -0.200000
v 3.861316 0.883114 0.200000
v 4.198535 0.000000 -0.200000
v 4.198535 -0.000000 0.200000
v 4.198535 1.282051 -0.200000
v 4.198535 1.282051 0.200000
v 4.517216 1.282051 -0.200000
v 4.517216 1.282051 0.200000
v 4.542011 1.281492 -0.200000
v 4.542011 1.281492 0.200000
v 4.565726 1.279813 -0.200000
v 4.565726 1.279813 0.200000
v 4.588359 1.277015 -0.200000
v 4.588359 1.277015 0.200000
v 4.609911 1.273098 -0.200000
v 4.609911 1.273098 0.200000
v 4.630382 1.268061 -0.200000
v 4.630382 1.268061 0.200000
v 4.649771 1.261905 -0.200000
v 4.649771 1.261905 0.200000
v 4.668080 1.254630 -0.200000
v 4.668080 1.254630 0.200000
v 4.685308 1.246236 -0.200000
v 4.685308 1.246236 0.200000
v 4.701454 1.236722 -0.200000
v 4.701454 1.236722 0.200000
v 4.716519 1.226089 -0.200000
v 4.716519 1.226089 0.200000
v 4.730504 1.214337 -0.200000
v 4.730504 1.214337 0.200000
v 4.743407 1.201465 -0.200000
v 4.743407 1.201465 0.200000
v 4.755254 1.187513 -0.200000
v 4.755254 1.187513 0.200000
v 4.766071 1.172517 -0.200000
v 4.766071 1.172517 0.200000
v 4.775859 1.156479 -0.200000
v 4.775859 1.156479 0.200000
v 4.784616 1.139398 -0.200000
v 4.784616 1.139398 0.200000
v 4.792342 1.121273 -0.200000
v 4.792342 1.121273 0.200000
v 4.799039 1.102106 -0.200000
v 4.799039 1.102106 0.200000
v 4.804705 1.081896 -0.200000
v 4.804705 1.081896 0.200000
v 4.809341 1.060643 -0.200000
v 4.809341 1.060643 0.200000
v 4.812947 1.038347 -0.200000
v 4.812947 1.038347 0.200000
v 4.815522 1.015008 -0.200000
v 4.815522 1.015008 0.200000
v 4.817068 0.990626 -0.200000
v 4.817068 0.990626 0.200000
v 4.817583 0.965201 -0.200000
v 4.817583 0.965201 0.200000
v 4.817583 0.316850 -0.200000
v 4.817583 0.316850 0.200000
v 4.817068 0.291425 -0.200000
v 4.817068 0.291425 0.200000
v 4.815522 0.267043 -0.200000
v 4.815522 0.267043 0.200000
v 4.812947 0.243704 -0.200000
v 4.812947 0.243704 0.200000
v 4.809341 0.221408 -0.200000
v 4.809341 0.221408 0.200000
v 4.804705 0.200155 -0.200000
v 4.804705 0.200155 0.200000
v 4.799039 0.179945 -0.200000
v 4.799039 0.179945 0.200000
v 4.792342 0.160778 -0.200000
v 4.792342 0.160778 0.200000
v 4.784616 0.142654 -0.200000
v 4.784616 0.142654 0.200000
v 4.775859 0.125572 -0.200000
v 4.775859 0.125572 0.200000
v 4.766071 0.109534 -0.200000
v 4.766071 0.109534 0.200000
v 4.755254 0.094539 -0.200000
v 4.755254 0.094539 0.200000
v 4.743407 0.080586 -0.200000
v 4.743407 0.080586 0.200000
v 4.730504 0.067715 -0.200000
v 4.730504 0.067715 0.200000
v 4.716519 0.055963 -0.200000
v 4.716519 0.055963 0.200000
v 4.701454 0.045330 -0.200000
v 4.701454 0.045330 0.200000
v 4.685308 0.035816 -0.200000
v 4.685308 0.035816 0.200000
v 4.668080 0.027422 -0.200000
v 4.668080 0.027422 0.200000
v 4.649771 0.020147 -0.200000
v 4.649771 0.020147 0.200000
v 4.630382 0.013991 -0.200000
v 4.630382 0.013991 0.200000
v 4.609910 0.008954 -0.200000
v 4.609910 0.008954 0.200000
v 4.588359 0.005037 -0.200000
v 4.588359 0.005037 0.200000
v 4.565725 0.002239 -0.200000
v 4.565725 0.002238 0.200000
v 4.542011 0.000560 -0.200000
v 4.542011 0.000560 0.200000
v 4.517216 0.000000 -0.200000
v 4.517216 -0.000000 0.200000
v 4.513553 1.098901 -0.200000
v 4.513553 1.098901 0.200000
v 4.400000 1.098901 -0.200000
v 4.400000 1.098901 0.200000
v 4.400000 0.183150 -0.200000
v 4.400000 0.183150 0.200000
v 4.513553 0.183150 -0.200000
v 4.513553 0.183150 0.200000
v 4.521350 0.183341 -0.200000
v 4.521350 0.183341 0.200000
v 4.528867 0.183913 -0.200000
v 4.528867 0.183913 0.200000
v 4.536104 0.184867 -0.200000
v 4.536104 0.184867 0.200000
v 4.543061 0.186203 -0.200000
v 4.543061 0.186203 0.200000
v 4.549738 0.187920 -0.200000
v 4.549738 0.187920 0.200000
v 4.556136 0.190018 -0.200000
v 4.556136 0.190018 0.200000
v 4.562253 0.192498 -0.200000
v 4.562253 0.192498 0.200000
v 4.568091 0.195360 -0.200000
v 4.568091 0.195360 0.200000
v 4.573649 0.198603 -0.200000
v 4.573649 0.198603 0.200000
v 4.578928 0.202228 -0.200000
v 4.578928 0.202228 0.200000
v 4.583926 0.206235 -0.200000
v 4.583926 0.206235 0.200000
v 4.588645 0.210623 -0.200000
v 4.588645 0.210623 0.200000
v 4.593033 0.215494 -0.200000
v 4.593033 0.215494 0.200000
v 4.597039 0.220950 -0.200000
v 4.597039 0.220950 0.200000
v 4.600664 0.226992 -0.200000
v 4.600664 0.226992 0.200000
v 4.603908 0.233618 -0.200000
v 4.603908 0.233618 0.200000
v 4.606769 0.240830 -0.200000
v 4.606769 0.240830 0.200000
v 4.609249 0.248626 -0.200000
v 4.609249 0.248626 0.200000
v 4.611348 0.257008 -0.200000
v 4.611348 0.257008 0.200000
v 4.613065 0.265975 -0.200000
v 4.613065 0.265975 0.200000
v 4.614400 0.275527 -0.200000
v 4.614400 0.275527 0.200000
v 4.615355 0.285663 -0.200000
v 4.615355 0.285663 0.200000
v 4.615927 0.296385 -0.200000
v 4.615927 0.296385 0.200000
v 4.616117 0.307692 -0.200000
v 4.616117 0.307692 0.200000
v 4.616117 0.974359 -0.200000
v 4.616117 0.974359 0.200000
v 4.615927 0.985666 -0.200000
v 4.615927 0.985666 0.200000
v 4.615355 0.996388 -0.200000
v 4.615355 0.996388 0.200000
v 4.614400 1.006525 -0.200000
v 4.614400 1.006525 0.200000
v 4.613065 1.016077 -0.200000
v 4.613065 1.016077 0.200000
v 4.611348 1.025043 -0.200000
v 4.611348 1.025043 0.200000
v 4.609249 1.033425 -0.200000
v 4.609249 1.033425 0.200000
v 4.606769 1.041222 -0.200000
v 4.606769 1.041222 0.200000
v 4.603908 1.048433 -0.200000
v 4.603908 1.048433 0.200000
v 4.600664 1.055060 -0.200000
v 4.600664 1.055060 0.200000
v 4.597039 1.061101 -0.200000
v 4.597039 1.061101 0.200000
v 4.593033 1.066557 -0.200000
v 4.593033 1.066557 0.200000
v 4.588645 1.071429 -0.200000
v 4.588645 1.071429 0.200000
v 4.583926 1.075817 -0.200000
v 4.583926 1.075817 0.200000
v 4.578928 1.079823 -0.200000
v 4.578928 1.079823 0.200000
v 4.573649 1.083448 -0.200000
v 4.573649 1.083448 0.200000
v 4.568091 1.086691 -0.200000
v 4.568091 1.086691 0.200000
v 4.562253 1.089553 -0.200000
v 4.562253 1.089553 0.200000
v 4.556136 1.092033 -0.200000
v 4.556136 1.092033 0.200000
v 4.549738 1.094132 -0.200000
v 4.549738 1.094132 0.200000
v 4.543061 1.095849 -0.200000
v 4.543061 1.095849 0.200000
v 4.536104 1.097184 -0.200000
v 4.536104 1.097184 0.200000
v 4.528867 1.098138 -0.200000
v 4.528867 1.098138 0.200000
v 4.521350 1.098710 -0.200000
v 4.521350 1.098710 0.200000
vn -0.0000 -0.0000 1.0000
vn -0.0000 -0.0000 -1.0000
vn -1.0000 0.0089 -0.0000
vn -1.0000 -0.0071 -0.0000
vn -0.9996 -0.0295 -0.0000
vn -0.9981 -0.0620 -0.0000
vn -0.9951 -0.0985 -0.0000
vn -0.9902 -0.1396 -0.0000
vn -0.9826 -0.1859 -0.0000
vn -0.9713 -0.2380 -0.0000
vn -0.9550 -0.2968 -0.0000
vn -0.9320 -0.3625 -0.0000
vn -0.9003 -0.4353 -0.0000
vn -0.8573 -0.5148 -0.0000
vn -0.8006 -0.5992 -0.0000
vn -0.7366 -0.6763 -0.0000
vn -0.6783 -0.7347 -0.0000
vn -0.6232 -0.7821 -0.0000
vn -0.5638 -0.8259 -0.0000
vn -0.5011 -0.8654 -0.0000
vn -0.4360 -0.8999 -0.0000
vn -0.3697 -0.9292 -0.0000
vn -0.3033 -0.9529 -0.0000
vn -0.2378 -0.9713 -0.0000
vn -0.1742 -0.9847 -0.0000
vn -0.1131 -0.9936 -0.0000
vn -0.0551 -0.9985 -0.0000
vn -0.0008 -1.0000 -0.0000
vn 0.0518 -0.9987 -0.0000
vn 0.1064 -0.9943 -0.0000
vn 0.1640 -0.9865 -0.0000
vn 0.2242 -0.9745 -0.0000
vn 0.2865 -0.9581 -0.0000
vn 0.3502 -0.9367 -0.0000
vn 0.4143 -0.9101 -0.0000
vn 0.4779 -0.8784 -0.0000
vn 0.5399 -0.8417 -0.0000
vn 0.5993 -0.8005 -0.0000
vn 0.6553 -0.7554 -0.0000
vn 0.7125 -0.7017 -0.0000
vn 0.7737 -0.6336 -0.0000
vn 0.8299 -0.5579 -0.0000
vn 0.8757 -0.4829 -0.0000
vn 0.9118 -0.4106 -0.0000
vn 0.9395 -0.3424 -0.0000
vn 0.9603 -0.2791 -0.0000
vn 0.9753 -0.2208 -0.0000
vn 0.9858 -0.1677 -0.0000
vn 0.9928 -0.1194 -0.0000
vn 0.9971 -0.0757 -0.0000
vn 0.9993 -0.0362 -0.0000
vn 1.0000 -0.0087 -0.0000
vn 0.7071 -0.7071 -0.0000
vn -0.7071 -0.7071 -0.0000
vn -0.9999 0.0104 -0.0000
vn -0.9991 0.0427 -0.0000
vn -0.9961 0.0883 -0.0000
vn -0.9905 0.1373 -0.0000
vn -0.9819 0.1896 -0.0000
vn -0.9695 0.2451 -0.0000
vn -0.9528 0.3035 -0.0000
vn -0.9313 0.3643 -0.0000
vn -0.9043 0.4269 -0.0000
vn -0.8716 0.4903 -0.0000
vn -0.8329 0.5534 -0.0000
vn -0.7885 0.6150 -0.0000
vn -0.7382 0.6746 -0.0000
vn -0.6814 0.7319 -0.0000
vn -0.6193 0.7852 -0.0000
vn -0.5535 0.8329 -0.0000
vn -0.4855 0.8742 -0.0000
vn -0.4167 0.9090 -0.0000
vn -0.3486 0.9373 -0.0000
vn -0.2823 0.9593 -0.0000
vn -0.2187 0.9758 -0.0000
vn -0.1585 0.9874 -0.0000
vn -0.1019 0.9948 -0.0000
vn -0.0492 0.9988 -0.0000
vn -0.0000 1.0000 -0.0000
vn 0.0492 0.9988 -0.0000
vn 0.1019 0.9948 -0.0000
vn 0.1585 0.9874 -0.0000
vn 0.2187 0.9758 -0.0000
vn 0.2823 0.9593 -0.0000
vn 0.3486 0.9373 -0.0000
vn 0.4167 0.9090 -0.0000
vn 0.4855 0.8742 -0.0000
vn 0.5535 0.8329 -0.0000
vn 0.6193 0.7852 -0.0000
vn 0.6814 0.7319 -0.0000
vn 0.7382 0.6746 -0.0000
vn 0.7885 0.6150 -0.0000
vn 0.8329 0.5534 -0.0000
vn 0.8716 0.4903 -0.0000
vn 0.9043 0.4269 -0.0000
vn 0.9313 0.3643 -0.0000
vn 0.9528 0.3035 -0.0000
vn 0.9695 0.2451 -0.0000
vn 0.9819 0.1896 -0.0000
vn 0.9905 0.1373 -0.0000
vn 0.9961 0.0883 -0.0000
vn 0.9991 0.0427 -0.0000
vn 0.9999 0.0104 -0.0000
vn 0.9999 -0.0148 -0.0000
vn 0.9981 -0.0618 -0.0000
vn 0.9915 -0.1300 -0.0000
vn 0.9786 -0.2059 -0.0000
vn 0.9573 -0.2891 -0.0000
vn 0.9255 -0.3787 -0.0000
vn 0.8814 -0.4724 -0.0000
vn 0.8237 -0.5671 -0.0000
vn 0.7524 -0.6587 -0.0000
vn 0.6692 -0.7431 -0.0000
vn 0.5774 -0.8164 -0.0000
vn 0.4812 -0.8766 -0.0000
vn 1.0000 0.0081 -0.0000
vn 0.4411 0.8974 -0.0000
vn 0.4892 0.8722 -0.0000
vn 0.5379 0.8430 -0.0000
vn 0.5867 0.8098 -0.0000
vn 0.6351 0.7725 -0.0000
vn 0.6822 0.7312 -0.0000
vn 0.7275 0.6861 -0.0000
vn 0.7703 0.6377 -0.0000
vn 0.8099 0.5865 -0.0000
vn 0.8460 0.5332 -0.0000
vn 0.8781 0.4785 -0.0000
vn 0.9045 0.4265 -0.0000
vn 0.9243 0.3816 -0.0000
vn 0.9401 0.3408 -0.0000
vn 0.9537 0.3009 -0.0000
vn 0.9651 0.2621 -0.0000
vn 0.9745 0.2244 -0.0000
vn 0.9822 0.1881 -0.0000
vn 0.9882 0.1531 -0.0000
vn 0.9928 0.1196 -0.0000
vn 0.9962 0.0876 -0.0000
vn 0.9984 0.0570 -0.0000
vn 0.9996 0.0279 -0.0000
vn 1.0000 0.0068 -0.0000
vn 0.9999 -0.0104 -0.0000
vn 0.9991 -0.0427 -0.0000
vn 0.9961 -0.0883 -0.0000
vn 0.9905 -0.1373 -0.0000
vn 0.9819 -0.1896 -0.0000
vn 0.9695 -0.2451 -0.0000
vn 0.9528 -0.3035 -0.0000
vn 0.9313 -0.3643 -0.0000
vn 0.9043 -0.4269 -0.0000
vn 0.8716 -0.4903 -0.0000
vn 0.8329 -0.5534 -0.0000
vn 0.7885 -0.6150 -0.0000
vn 0.7382 -0.6746 -0.0000
vn 0.6814 -0.7319 -0.0000
vn 0.6193 -0.7852 -0.0000
vn 0.5535 -0.8329 -0.0000
vn 0.4855 -0.8743 -0.0000
vn 0.4167 -0.9090 -0.0000
vn 0.3486 -0.9373 -0.0000
vn 0.2823 -0.9593 -0.0000
vn 0.2187 -0.9758 -0.0000
vn 0.1585 -0.9874 -0.0000
vn 0.1019 -0.9948 -0.0000
vn 0.0492 -0.9988 -0.0000
vn -0.0000 -1.0000 -0.0000
vn -0.0492 -0.9988 -0.0000
vn -0.1019 -0.9948 -0.0000
vn -0.1585 -0.9874 -0.0000
vn -0.2187 -0.9758 -0.0000
vn -0.2823 -0.9593 -0.0000
vn -0.3486 -0.9373 -0.0000
vn -0.4167 -0.9090 -0.0000
vn -0.4855 -0.8743 -0.0000
vn -0.5535 -0.8329 -0.0000
vn -0.6193 -0.7852 -0.0000
vn -0.6814 -0.7319 -0.0000
vn -0.7382 -0.6746 -0.0000
vn -0.7885 -0.6150 -0.0000
vn -0.8329 -0.5534 -0.0000
vn -0.8716 -0.4903 -0.0000
vn -0.9043 -0.4269 -0.0000
vn -0.9313 -0.3643 -0.0000
vn -0.9528 -0.3035 -0.0000
vn -0.9695 -0.2451 -0.0000
vn -0.9819 -0.1896 -0.0000
vn -0.9905 -0.1373 -0.0000
vn -0.9961 -0.0883 -0.0000
vn -0.9991 -0.0427 -0.0000
vn -0.9999 -0.0104 -0.0000
vn -0.7071 0.7071 -0.0000
vn 0.7071 0.7071 -0.0000
vn 1.0000 0.0087 -0.0000
vn 0.9993 0.0362 -0.0000
vn 0.9971 0.0757 -0.0000
vn 0.9928 0.1194 -0.0000
vn 0.9858 0.1677 -0.0000
vn 0.9753 0.2208 -0.0000
vn 0.9603 0.2791 -0.0000
vn 0.9395 0.3424 -0.0000
vn 0.9118 0.4106 -0.0000
vn 0.8757 0.4829 -0.0000
vn 0.8299 0.5579 -0.0000
vn 0.7737 0.6336 -0.0000
vn 0.7125 0.7016 -0.0000
vn 0.6553 0.7554 -0.0000
vn 0.5993 0.8005 -0.0000
vn 0.5399 0.8417 -0.0000
vn 0.4779 0.8784 -0.0000
vn 0.4143 0.9101 -0.0000
vn 0.3502 0.9367 -0.0000
vn 0.2865 0.9581 -0.0000
vn 0.2242 0.9745 -0.0000
vn 0.1639 0.9865 -0.0000
vn 0.1064 0.9943 -0.0000
vn 0.0518 0.9987 -0.0000
vn -0.0004 1.0000 -0.0000
vn -0.0534 0.9986 -0.0000
vn -0.1097 0.9940 -0.0000
vn -0.1691 0.9856 -0.0000
vn -0.2310 0.9729 -0.0000
vn -0.2949 0.9555 -0.0000
vn -0.3600 0.9330 -0.0000
vn -0.4252 0.9051 -0.0000
vn -0.4896 0.8719 -0.0000
vn -0.5520 0.8338 -0.0000
vn -0.6115 0.7913 -0.0000
vn -0.6670 0.7450 -0.0000
vn -0.7268 0.6869 -0.0000
vn -0.7935 0.6086 -0.0000
vn -0.8528 0.5222 -0.0000
vn -0.8975 0.4409 -0.0000
vn -0.9304 0.3665 -0.0000
vn -0.9541 0.2995 -0.0000
vn -0.9708 0.2399 -0.0000
vn -0.9824 0.1870 -0.0000
vn -0.9901 0.1402 -0.0000
vn -0.9951 0.0989 -0.0000
vn -0.9981 0.0622 -0.0000
vn -0.9996 0.0295 -0.0000
vn -1.0000 0.0071 -0.0000
vn -1.0000 -0.0074 -0.0000
vn -0.9995 -0.0308 -0.0000
vn -0.9979 -0.0645 -0.0000
vn -0.9948 -0.1018 -0.0000
vn -0.9897 -0.1432 -0.0000
vn -0.9820 -0.1891 -0.0000
vn -0.9708 -0.2400 -0.0000
vn -0.9551 -0.2961 -0.0000
vn -0.9338 -0.3578 -0.0000
vn -0.9053 -0.4247 -0.0000
vn -0.8681 -0.4964 -0.0000
vn -0.8205 -0.5716 -0.0000
vn -0.7630 -0.6463 -0.0000
vn -0.6992 -0.7150 -0.0000
vn -0.6310 -0.7758 -0.0000
vn -0.5593 -0.8289 -0.0000
vn -0.4861 -0.8739 -0.0000
vn -0.4133 -0.9106 -0.0000
vn -0.3424 -0.9396 -0.0000
vn -0.2747 -0.9615 -0.0000
vn -0.2109 -0.9775 -0.0000
vn -0.1516 -0.9884 -0.0000
vn -0.0968 -0.9953 -0.0000
vn -0.0465 -0.9989 -0.0000
vn -0.0112 -0.9999 -0.0000
vn -0.0109 0.9999 -0.0000
vn -0.0450 0.9990 -0.0000
vn -0.0928 0.9957 -0.0000
vn -0.1437 0.9896 -0.0000
vn -0.1977 0.9803 -0.0000
vn -0.2545 0.9671 -0.0000
vn -0.3137 0.9495 -0.0000
vn -0.3746 0.9272 -0.0000
vn -0.4365 0.8997 -0.0000
vn -0.4986 0.8668 -0.0000
vn -0.5597 0.8287 -0.0000
vn -0.6187 0.7856 -0.0000
vn -0.6811 0.7322 -0.0000
vn -0.7491 0.6624 -0.0000
vn -0.8121 0.5835 -0.0000
vn -0.8633 0.5047 -0.0000
vn -0.9036 0.4285 -0.0000
vn -0.9343 0.3565 -0.0000
vn -0.9571 0.2897 -0.0000
vn -0.9735 0.2286 -0.0000
vn -0.9849 0.1731 -0.0000
vn -0.9924 0.1230 -0.0000
vn -0.9970 0.0778 -0.0000
vn -0.9993 0.0371 -0.0000
vn 0.0113 0.9999 -0.0000
vn 0.0466 0.9989 -0.0000
vn 0.0967 0.9953 -0.0000
vn 0.1508 0.9886 -0.0000
vn 0.2090 0.9779 -0.0000
vn 0.2709 0.9626 -0.0000
vn 0.3361 0.9418 -0.0000
vn 0.4039 0.9148 -0.0000
vn 0.4732 0.8810 -0.0000
vn 0.5426 0.8400 -0.0000
vn 0.6105 0.7920 -0.0000
vn 0.6754 0.7374 -0.0000
vn 0.7349 0.6782 -0.0000
vn 0.7873 0.6166 -0.0000
vn 0.8723 0.4889 -0.0000
vn 0.9055 0.4244 -0.0000
vn 0.9325 0.3612 -0.0000
vn 0.9539 0.3000 -0.0000
vn 0.9704 0.2416 -0.0000
vn 0.9825 0.1865 -0.0000
vn 0.9909 0.1347 -0.0000
vn 0.9963 0.0865 -0.0000
vn 0.9991 0.0418 -0.0000
vn 0.9999 0.0101 -0.0000
vn 0.9999 -0.0101 -0.0000
vn 0.9991 -0.0418 -0.0000
vn 0.9963 -0.0865 -0.0000
vn 0.9909 -0.1347 -0.0000
vn 0.9825 -0.1865 -0.0000
vn 0.9704 -0.2416 -0.0000
vn 0.9539 -0.3000 -0.0000
vn 0.9325 -0.3612 -0.0000
vn 0.9055 -0.4244 -0.0000
vn 0.8723 -0.4889 -0.0000
vn 0.7873 -0.6166 -0.0000
vn 0.7349 -0.6782 -0.0000
vn 0.6754 -0.7374 -0.0000
vn 0.6105 -0.7920 -0.0000
vn 0.5426 -0.8400 -0.0000
vn 0.4732 -0.8810 -0.0000
vn 0.4039 -0.9148 -0.0000
vn 0.3361 -0.9418 -0.0000
vn 0.2709 -0.9626 -0.0000
vn 0.2090 -0.9779 -0.0000
vn 0.1508 -0.9886 -0.0000
vn 0.0967 -0.9953 -0.0000
vn 0.0466 -0.9989 -0.0000
vn 0.0113 -0.9999 -0.0000
vn -0.0122 -0.9999 -0.0000
vn -0.0122 0.9999 -0.0000
vn -0.0502 0.9987 -0.0000
vn -0.1033 0.9946 -0.0000
vn -0.1597 0.9872 -0.0000
vn -0.2189 0.9758 -0.0000
vn -0.2805 0.9598 -0.0000
vn -0.3439 0.9390 -0.0000
vn -0.4082 0.9129 -0.0000
vn -0.4724 0.8814 -0.0000
vn -0.5354 0.8446 -0.0000
vn -0.5962 0.8029 -0.0000
vn -0.6536 0.7568 -0.0000
vn -0.7127 0.7015 -0.0000
vn -0.7755 0.6314 -0.0000
vn -0.8327 0.5538 -0.0000
vn -0.8786 0.4775 -0.0000
vn -0.9145 0.4045 -0.0000
vn -0.9418 0.3362 -0.0000
vn -0.9620 0.2731 -0.0000
vn -0.9765 0.2156 -0.0000
vn -0.9866 0.1633 -0.0000
vn -0.9932 0.1161 -0.0000
vn -0.9973 0.0735 -0.0000
vn -0.9994 0.0351 -0.0000
vn -1.0000 0.0084 -0.0000
vn -1.0000 -0.0084 -0.0000
vn -0.9994 -0.0351 -0.0000
vn -0.9973 -0.0735 -0.0000
vn -0.9932 -0.1161 -0.0000
vn -0.9866 -0.1633 -0.0000
vn -0.9765 -0.2156 -0.0000
vn -0.9620 -0.2731 -0.0000
vn -0.9418 -0.3362 -0.0000
vn -0.9145 -0.4045 -0.0000
vn -0.8786 -0.4775 -0.0000
vn -0.8327 -0.5538 -0.0000
vn -0.7755 -0.6314 -0.0000
vn -0.7127 -0.7015 -0.0000
vn -0.6536 -0.7568 -0.0000
vn -0.5962 -0.8029 -0.0000
vn -0.5354 -0.8446 -0.0000
vn -0.4724 -0.8814 -0.0000
vn -0.4082 -0.9129 -0.0000
vn -0.3439 -0.9390 -0.0000
vn -0.2805 -0.9598 -0.0000
vn -0.2189 -0.9757 -0.0000
vn -0.1597 -0.9872 -0.0000
vn -0.1033 -0.9946 -0.0000
vn -0.0502 -0.9987 -0.0000
vt 0.000000 0.000000
vt 0.514563 0.000000
vt 0.009709 0.000000
vt 0.019417 0.000000
vt 0.029126 0.000000
vt 0.038835 0.000000
vt 0.048544 0.000000
vt 0.058252 0.000000
vt 0.067961 0.000000
vt 0.077670 0.000000
vt 0.087379 0.000000
vt 0.097087 0.000000
vt 0.106796 0.000000
vt 0.116505 0.000000
vt 0.126214 0.000000
vt 0.135922 0.000000
vt 0.145631 0.000000
vt 0.155340 0.000000
vt 0.165049 0.000000
vt 0.174757 0.000000
vt 0.184466 0.000000
vt 0.194175 0.000000
vt 0.504854 0.000000
vt 1.000000 0.000000
vt 0.203883 0.000000
vt 0.524272 0.000000
vt 0.990291 0.000000
vt 0.980583 0.000000
vt 0.970874 0.000000
vt 0.961165 0.000000
vt 0.951456 0.000000
vt 0.941748 0.000000
vt 0.932039 0.000000
vt 0.922330 0.000000
vt 0.912621 0.000000
vt 0.213592 0.000000
vt 0.902913 0.000000
vt 0.893204 0.000000
vt 0.883495 0.000000
vt 0.873786 0.000000
vt 0.864078 0.000000
vt 0.223301 0.000000
vt 0.854369 0.000000
vt 0.844660 0.000000
vt 0.834951 0.000000
vt 0.233010 0.000000
vt 0.825243 0.000000
vt 0.815534 0.000000
vt 0.805825 0.000000
vt 0.242718 0.000000
vt 0.796117 0.000000
vt 0.786408 0.000000
vt 0.252427 0.000000
vt 0.776699 0.000000
vt 0.766990 0.000000
vt 0.262136 0.000000
vt 0.271845 0.000000
vt 0.757282 0.000000
vt 0.747573 0.000000
vt 0.281553 0.000000
vt 0.737864 0.000000
vt 0.728155 0.000000
vt 0.291262 0.000000
vt 0.718447 0.000000
vt 0.708738 0.000000
vt 0.699029 0.000000
vt 0.300971 0.000000
vt 0.689320 0.000000
vt 0.679612 0.000000
vt 0.669903 0.000000
vt 0.310680 0.000000
vt 0.660194 0.000000
vt 0.650485 0.000000
vt 0.640777 0.000000
vt 0.631068 0.000000
vt 0.621359 0.000000
vt 0.320388 0.000000
vt 0.611650 0.000000
vt 0.601942 0.000000
vt 0.592233 0.000000
vt 0.582524 0.000000
vt 0.572816 0.000000
vt 0.563107 0.000000
vt 0.553398 0.000000
vt 0.543689 0.000000
vt 0.533981 0.000000
vt 0.330097 0.000000
vt 0.339806 0.000000
vt 0.349515 0.000000
vt 0.359223 0.000000
vt 0.368932 0.000000
vt 0.378641 0.000000
vt 0.388350 0.000000
vt 0.398058 0.000000
vt 0.407767 0.000000
vt 0.417476 0.000000
vt 0.427184 0.000000
vt 0.436893 0.000000
vt 0.446602 0.000000
vt 0.456311 0.000000
vt 0.466019 0.000000
vt 0.475728 0.000000
vt 0.485437 0.000000
vt 0.495146 0.000000
vt 0.260417 0.000000
vt 0.267361 0.000000
vt 0.263889 0.000000
vt 0.256944 0.000000
vt 0.270833 0.000000
vt 0.253472 0.000000
vt 0.274306 0.000000
vt 0.250000 0.000000
vt 0.277778 0.000000
vt 0.246528 0.000000
vt 0.281250 0.000000
vt 0.243056 0.000000
vt 0.284722 0.000000
vt 0.239583 0.000000
vt 0.288194 0.000000
vt 0.236111 0.000000
vt 0.291667 0.000000
vt 0.232639 0.000000
vt 0.295139 0.000000
vt 0.229167 0.000000
vt 0.298611 0.000000
vt 0.225694 0.000000
vt 0.302083 0.000000
vt 0.222222 0.000000
vt 0.305556 0.000000
vt 0.218750 0.000000
vt 0.309028 0.000000
vt 0.215278 0.000000
vt 0.312500 0.000000
vt 0.211806 0.000000
vt 0.315972 0.000000
vt 0.208333 0.000000
vt 0.319444 0.000000
vt 0.204861 0.000000
vt 0.322917 0.000000
vt 0.201389 0.000000
vt 0.086806 0.000000
vt 0.326389 0.000000
vt 0.090278 0.000000
vt 0.083333 0.000000
vt 0.093750 0.000000
vt 0.079861 0.000000
vt 0.097222 0.000000
vt 0.076389 0.000000
vt 0.197917 0.000000
vt 0.329861 0.000000
vt 0.100694 0.000000
vt 0.072917 0.000000
vt 0.104167 0.000000
vt 0.069444 0.000000
vt 0.107639 0.000000
vt 0.065972 0.000000
vt 0.111111 0.000000
vt 0.062500 0.000000
vt 0.114583 0.000000
vt 0.059028 0.000000
vt 0.118056 0.000000
vt 0.055556 0.000000
vt 0.121528 0.000000
vt 0.052083 0.000000
vt 0.125000 0.000000
vt 0.048611 0.000000
vt 0.194444 0.000000
vt 0.333333 0.000000
vt 0.128472 0.000000
vt 0.045139 0.000000
vt 0.131944 0.000000
vt 0.041667 0.000000
vt 0.135417 0.000000
vt 0.038194 0.000000
vt 0.138889 0.000000
vt 0.034722 0.000000
vt 0.190972 0.000000
vt 0.336806 0.000000
vt 0.142361 0.000000
vt 0.031250 0.000000
vt 0.145833 0.000000
vt 0.027778 0.000000
vt 0.149306 0.000000
vt 0.024306 0.000000
vt 0.187500 0.000000
vt 0.340278 0.000000
vt 0.152778 0.000000
vt 0.020833 0.000000
vt 0.156250 0.000000
vt 0.017361 0.000000
vt 0.159722 0.000000
vt 0.184028 0.000000
vt 0.343750 0.000000
vt 0.163194 0.000000
vt 0.013889 0.000000
vt 0.166667 0.000000
vt 0.010417 0.000000
vt 0.180556 0.000000
vt 0.347222 0.000000
vt 0.170139 0.000000
vt 0.006944 0.000000
vt 0.173611 0.000000
vt 0.003472 0.000000
vt 0.177083 0.000000
vt 0.350694 0.000000
vt 0.354167 0.000000
vt 0.357639 0.000000
vt 0.996528 0.000000
vt 0.361111 0.000000
vt 0.993056 0.000000
vt 0.989583 0.000000
vt 0.986111 0.000000
vt 0.364583 0.000000
vt 0.982639 0.000000
vt 0.979167 0.000000
vt 0.975694 0.000000
vt 0.368056 0.000000
vt 0.972222 0.000000
vt 0.968750 0.000000
vt 0.965278 0.000000
vt 0.371528 0.000000
vt 0.961806 0.000000
vt 0.958333 0.000000
vt 0.954861 0.000000
vt 0.951389 0.000000
vt 0.947917 0.000000
vt 0.944444 0.000000
vt 0.375000 0.000000
vt 0.940972 0.000000
vt 0.937500 0.000000
vt 0.934028 0.000000
vt 0.930556 0.000000
vt 0.927083 0.000000
vt 0.923611 0.000000
vt 0.920139 0.000000
vt 0.913194 0.000000
vt 0.916667 0.000000
vt 0.378472 0.000000
vt 0.381944 0.000000
vt 0.385417 0.000000
vt 0.388889 0.000000
vt 0.392361 0.000000
vt 0.395833 0.000000
vt 0.399306 0.000000
vt 0.402778 0.000000
vt 0.406250 0.000000
vt 0.409722 0.000000
vt 0.413194 0.000000
vt 0.416667 0.000000
vt 0.420139 0.000000
vt 0.423611 0.000000
vt 0.427083 0.000000
vt 0.430556 0.000000
vt 0.909722 0.000000
vt 0.434028 0.000000
vt 0.906250 0.000000
vt 0.902778 0.000000
vt 0.437500 0.000000
vt 0.899306 0.000000
vt 0.895833 0.000000
vt 0.892361 0.000000
vt 0.888889 0.000000
vt 0.885417 0.000000
vt 0.881944 0.000000
vt 0.440972 0.000000
vt 0.878472 0.000000
vt 0.875000 0.000000
vt 0.444444 0.000000
vt 0.871528 0.000000
vt 0.868056 0.000000
vt 0.864583 0.000000
vt 0.447917 0.000000
vt 0.861111 0.000000
vt 0.451389 0.000000
vt 0.857639 0.000000
vt 0.854167 0.000000
vt 0.454861 0.000000
vt 0.850694 0.000000
vt 0.847222 0.000000
vt 0.458333 0.000000
vt 0.843750 0.000000
vt 0.461806 0.000000
vt 0.840278 0.000000
vt 0.465278 0.000000
vt 0.836806 0.000000
vt 0.468750 0.000000
vt 0.833333 0.000000
vt 0.829861 0.000000
vt 0.472222 0.000000
vt 0.826389 0.000000
vt 0.475694 0.000000
vt 0.645833 0.000000
vt 0.652778 0.000000
vt 0.649306 0.000000
vt 0.656250 0.000000
vt 0.822917 0.000000
vt 0.479167 0.000000
vt 0.819444 0.000000
vt 0.642361 0.000000
vt 0.482639 0.000000
vt 0.815972 0.000000
vt 0.659722 0.000000
vt 0.812500 0.000000
vt 0.663194 0.000000
vt 0.486111 0.000000
vt 0.638889 0.000000
vt 0.809028 0.000000
vt 0.666667 0.000000
vt 0.670139 0.000000
vt 0.805556 0.000000
vt 0.489583 0.000000
vt 0.635417 0.000000
vt 0.673611 0.000000
vt 0.802083 0.000000
vt 0.677083 0.000000
vt 0.798611 0.000000
vt 0.680556 0.000000
vt 0.493056 0.000000
vt 0.631944 0.000000
vt 0.795139 0.000000
vt 0.684028 0.000000
vt 0.791667 0.000000
vt 0.687500 0.000000
vt 0.788194 0.000000
vt 0.690972 0.000000
vt 0.496528 0.000000
vt 0.628472 0.000000
vt 0.784722 0.000000
vt 0.694444 0.000000
vt 0.781250 0.000000
vt 0.697917 0.000000
vt 0.777778 0.000000
vt 0.701389 0.000000
vt 0.774306 0.000000
vt 0.704861 0.000000
vt 0.500000 0.000000
vt 0.625000 0.000000
vt 0.770833 0.000000
vt 0.708333 0.000000
vt 0.767361 0.000000
vt 0.711806 0.000000
vt 0.763889 0.000000
vt 0.715278 0.000000
vt 0.760417 0.000000
vt 0.718750 0.000000
vt 0.756944 0.000000
vt 0.722222 0.000000
vt 0.753472 0.000000
vt 0.725694 0.000000
vt 0.750000 0.000000
vt 0.729167 0.000000
vt 0.746528 0.000000
vt 0.732639 0.000000
vt 0.503472 0.000000
vt 0.621528 0.000000
vt 0.743056 0.000000
vt 0.736111 0.000000
vt 0.739583 0.000000
vt 0.506944 0.000000
vt 0.618056 0.000000
vt 0.510417 0.000000
vt 0.614583 0.000000
vt 0.513889 0.000000
vt 0.611111 0.000000
vt 0.517361 0.000000
vt 0.607639 0.000000
vt 0.520833 0.000000
vt 0.604167 0.000000
vt 0.600694 0.000000
vt 0.524306 0.000000
vt 0.597222 0.000000
vt 0.527778 0.000000
vt 0.593750 0.000000
vt 0.531250 0.000000
vt 0.590278 0.000000
vt 0.534722 0.000000
vt 0.586806 0.000000
vt 0.538194 0.000000
vt 0.541667 0.000000
vt 0.583333 0.000000
vt 0.545139 0.000000
vt 0.579861 0.000000
vt 0.548611 0.000000
vt 0.576389 0.000000
vt 0.552083 0.000000
vt 0.572917 0.000000
vt 0.555556 0.000000
vt 0.569444 0.000000
vt 0.559028 0.000000
vt 0.565972 0.000000
vt 0.562500 0.000000
vt 0.000000 1.000000
vt 0.003460 1.000000
vt 0.003460 0.000000
vt 0.006920 1.000000
vt 0.006920 0.000000
vt 0.010381 1.000000
vt 0.010381 0.000000
vt 0.013841 1.000000
vt 0.013841 0.000000
vt 0.017301 1.000000
vt 0.017301 0.000000
vt 0.020761 1.000000
vt 0.020761 0.000000
vt 0.024221 1.000000
vt 0.024221 0.000000
vt 0.027682 1.000000
vt 0.027682 0.000000
vt 0.031142 1.000000
vt 0.031142 0.000000
vt 0.034602 1.000000
vt 0.034602 0.000000
vt 0.038062 1.000000
vt 0.038062 0.000000
vt 0.041522 1.000000
vt 0.041522 0.000000
vt 0.044983 1.000000
vt 0.044983 0.000000
vt 0.048443 1.000000
vt 0.048443 0.000000
vt 0.051903 1.000000
vt 0.051903 0.000000
vt 0.055363 1.000000
vt 0.055363 0.000000
vt 0.058824 1.000000
vt 0.058824 0.000000
vt 0.062284 1.000000
vt 0.062284 0.000000
vt 0.065744 1.000000
vt 0.065744 0.000000
vt 0.069204 1.000000
vt 0.069204 0.000000
vt 0.072664 1.000000
vt 0.072664 0.000000
vt 0.076125 1.000000
vt 0.076125 0.000000
vt 0.079585 1.000000
vt 0.079585 0.000000
vt 0.083045 1.000000
vt 0.083045 0.000000
vt 0.086505 1.000000
vt 0.086505 0.000000
vt 0.089965 1.000000
vt 0.089965 0.000000
vt 0.093426 1.000000
vt 0.093426 0.000000
vt 0.096886 1.000000
vt 0.096886 0.000000
vt 0.100346 1.000000
vt 0.100346 0.000000
vt 0.103806 1.000000
vt 0.103806 0.000000
vt 0.107266 1.000000
vt 0.107266 0.000000
vt 0.110727 1.000000
vt 0.110727 0.000000
vt 0.114187 1.000000
vt 0.114187 0.000000
vt 0.117647 1.000000
vt 0.117647 0.000000
vt 0.121107 1.000000
vt 0.121107 0.000000
vt 0.124567 1.000000
vt 0.124567 0.000000
vt 0.128028 1.000000
vt 0.128028 0.000000
vt 0.131488 1.000000
vt 0.131488 0.000000
vt 0.134948 1.000000
vt 0.134948 0.000000
vt 0.138408 1.000000
vt 0.138408 0.000000
vt 0.141869 1.000000
vt 0.141869 0.000000
vt 0.145329 1.000000
vt 0.145329 0.000000
vt 0.148789 1.000000
vt 0.148789 0.000000
vt 0.152249 1.000000
vt 0.152249 0.000000
vt 0.155709 1.000000
vt 0.155709 0.000000
vt 0.159170 1.000000
vt 0.159170 0.000000
vt 0.162630 1.000000
vt 0.162630 0.000000
vt 0.166090 1.000000
vt 0.166090 0.000000
vt 0.169550 1.000000
vt 0.169550 0.000000
vt 0.173010 1.000000
vt 0.173010 0.000000
vt 0.176471 1.000000
vt 0.176471 0.000000
vt 0.179931 1.000000
vt 0.179931 0.000000
vt 0.183391 1.000000
vt 0.183391 0.000000
vt 0.186851 1.000000
vt 0.186851 0.000000
vt 0.190311 1.000000
vt 0.190311 0.000000
vt 0.193772 1.000000
vt 0.193772 0.000000
vt 0.197232 1.000000
vt 0.197232 0.000000
vt 0.200692 1.000000
vt 0.200692 0.000000
vt 0.204152 1.000000
vt 0.204152 0.000000
vt 0.207612 1.000000
vt 0.207612 0.000000
vt 0.211073 1.000000
vt 0.211073 0.000000
vt 0.214533 1.000000
vt 0.214533 0.000000
vt 0.217993 1.000000
vt 0.217993 0.000000
vt 0.221453 1.000000
vt 0.221453 0.000000
vt 0.224913 1.000000
vt 0.224913 0.000000
vt 0.228374 1.000000
vt 0.228374 0.000000
vt 0.231834 1.000000
vt 0.231834 0.000000
vt 0.235294 1.000000
vt 0.235294 0.000000
vt 0.238754 1.000000
vt 0.238754 0.000000
vt 0.242215 1.000000
vt 0.242215 0.000000
vt 0.245675 1.000000
vt 0.245675 0.000000
vt 0.249135 1.000000
vt 0.249135 0.000000
vt 0.252595 1.000000
vt 0.252595 0.000000
vt 0.256055 1.000000
vt 0.256055 0.000000
vt 0.259516 1.000000
vt 0.259516 0.000000
vt 0.262976 1.000000
vt 0.262976 0.000000
vt 0.266436 1.000000
vt 0.266436 0.000000
vt 0.269896 1.000000
vt 0.269896 0.000000
vt 0.273356 1.000000
vt 0.273356 0.000000
vt 0.276817 1.000000
vt 0.276817 0.000000
vt 0.280277 1.000000
vt 0.280277 0.000000
vt 0.283737 1.000000
vt 0.283737 0.000000
vt 0.287197 1.000000
vt 0.287197 0.000000
vt 0.290657 1.000000
vt 0.290657 0.000000
vt 0.294118 1.000000
vt 0.294118 0.000000
vt 0.297578 1.000000
vt 0.297578 0.000000
vt 0.301038 1.000000
vt 0.301038 0.000000
vt 0.304498 1.000000
vt 0.304498 0.000000
vt 0.307958 1.000000
vt 0.307958 0.000000
vt 0.311419 1.000000
vt 0.311419 0.000000
vt 0.314879 1.000000
vt 0.314879 0.000000
vt 0.318339 1.000000
vt 0.318339 0.000000
vt 0.321799 1.000000
vt 0.321799 0.000000
vt 0.325260 1.000000
vt 0.325260 0.000000
vt 0.328720 1.000000
vt 0.328720 0.000000
vt 0.332180 1.000000
vt 0.332180 0.000000
vt 0.335640 1.000000
vt 0.335640 0.000000
vt 0.339100 1.000000
vt 0.339100 0.000000
vt 0.342561 1.000000
vt 0.342561 0.000000
vt 0.346021 1.000000
vt 0.346021 0.000000
vt 0.349481 1.000000
vt 0.349481 0.000000
vt 0.352941 1.000000
vt 0.352941 0.000000
vt 0.356401 1.000000
vt 0.356401 0.000000
vt 0.359862 1.000000
vt 0.359862 0.000000
vt 0.363322 1.000000
vt 0.363322 0.000000
vt 0.366782 1.000000
vt 0.366782 0.000000
vt 0.370242 1.000000
vt 0.370242 0.000000
vt 0.373702 1.000000
vt 0.373702 0.000000
vt 0.377163 1.000000
vt 0.377163 0.000000
vt 0.380623 1.000000
vt 0.380623 0.000000
vt 0.384083 1.000000
vt 0.384083 0.000000
vt 0.387543 1.000000
vt 0.387543 0.000000
vt 0.391003 1.000000
vt 0.391003 0.000000
vt 0.394464 1.000000
vt 0.394464 0.000000
vt 0.397924 1.000000
vt 0.397924 0.000000
vt 0.401384 1.000000
vt 0.401384 0.000000
vt 0.404844 1.000000
vt 0.404844 0.000000
vt 0.408305 1.000000
vt 0.408305 0.000000
vt 0.411765 1.000000
vt 0.411765 0.000000
vt 0.415225 1.000000
vt 0.415225 0.000000
vt 0.418685 1.000000
vt 0.418685 0.000000
vt 0.422145 1.000000
vt 0.422145 0.000000
vt 0.425606 1.000000
vt 0.425606 0.000000
vt 0.429066 1.000000
vt 0.429066 0.000000
vt 0.432526 1.000000
vt 0.432526 0.000000
vt 0.435986 1.000000
vt 0.435986 0.000000
vt 0.439446 1.000000
vt 0.439446 0.000000
vt 0.442907 1.000000
vt 0.442907 0.000000
vt 0.446367 1.000000
vt 0.446367 0.000000
vt 0.449827 1.000000
vt 0.449827 0.000000
vt 0.453287 1.000000
vt 0.453287 0.000000
vt 0.456747 1.000000
vt 0.456747 0.000000
vt 0.460208 1.000000
vt 0.460208 0.000000
vt 0.463668 1.000000
vt 0.463668 0.000000
vt 0.467128 1.000000
vt 0.467128 0.000000
vt 0.470588 1.000000
vt 0.470588 0.000000
vt 0.474048 1.000000
vt 0.474048 0.000000
vt 0.477509 1.000000
vt 0.477509 0.000000
vt 0.480969 1.000000
vt 0.480969 0.000000
vt 0.484429 1.000000
vt 0.484429 0.000000
vt 0.487889 1.000000
vt 0.487889 0.000000
vt 0.491349 1.000000
vt 0.491349 0.000000
vt 0.494810 1.000000
vt 0.494810 0.000000
vt 0.498270 1.000000
vt 0.498270 0.000000
vt 0.501730 1.000000
vt 0.501730 0.000000
vt 0.505190 1.000000
vt 0.505190 0.000000
vt 0.508651 1.000000
vt 0.508651 0.000000
vt 0.512111 1.000000
vt 0.512111 0.000000
vt 0.515571 1.000000
vt 0.515571 0.000000
vt 0.519031 1.000000
vt 0.519031 0.000000
vt 0.522491 1.000000
vt 0.522491 0.000000
vt 0.525952 1.000000
vt 0.525952 0.000000
vt 0.529412 1.000000
vt 0.529412 0.000000
vt 0.532872 1.000000
vt 0.532872 0.000000
vt 0.536332 1.000000
vt 0.536332 0.000000
vt 0.539792 1.000000
vt 0.539792 0.000000
vt 0.543253 1.000000
vt 0.543253 0.000000
vt 0.546713 1.000000
vt 0.546713 0.000000
vt 0.550173 1.000000
vt 0.550173 0.000000
vt 0.553633 1.000000
vt 0.553633 0.000000
vt 0.557093 1.000000
vt 0.557093 0.000000
vt 0.560554 1.000000
vt 0.560554 0.000000
vt 0.564014 1.000000
vt 0.564014 0.000000
vt 0.567474 1.000000
vt 0.567474 0.000000
vt 0.570934 1.000000
vt 0.570934 0.000000
vt 0.574394 1.000000
vt 0.574394 0.000000
vt 0.577855 1.000000
vt 0.577855 0.000000
vt 0.581315 1.000000
vt 0.581315 0.000000
vt 0.584775 1.000000
vt 0.584775 0.000000
vt 0.588235 1.000000
vt 0.588235 0.000000
vt 0.591695 1.000000
vt 0.591695 0.000000
vt 0.595156 1.000000
vt 0.595156 0.000000
vt 0.598616 1.000000
vt 0.598616 0.000000
vt 0.602076 1.000000
vt 0.602076 0.000000
vt 0.605536 1.000000
vt 0.605536 0.000000
vt 0.608997 1.000000
vt 0.608997 0.000000
vt 0.612457 1.000000
vt 0.612457 0.000000
vt 0.615917 1.000000
vt 0.615917 0.000000
vt 0.619377 1.000000
vt 0.619377 0.000000
vt 0.622837 1.000000
vt 0.622837 0.000000
vt 0.626298 1.000000
vt 0.626298 0.000000
vt 0.629758 1.000000
vt 0.629758 0.000000
vt 0.633218 1.000000
vt 0.633218 0.000000
vt 0.636678 1.000000
vt 0.636678 0.000000
vt 0.640138 1.000000
vt 0.640138 0.000000
vt 0.643599 1.000000
vt 0.643599 0.000000
vt 0.647059 1.000000
vt 0.647059 0.000000
vt 0.650519 1.000000
vt 0.650519 0.000000
vt 0.653979 1.000000
vt 0.653979 0.000000
vt 0.657439 1.000000
vt 0.657439 0.000000
vt 0.660900 1.000000
vt 0.660900 0.000000
vt 0.664360 1.000000
vt 0.664360 0.000000
vt 0.667820 1.000000
vt 0.667820 0.000000
vt 0.671280 1.000000
vt 0.671280 0.000000
vt 0.674740 1.000000
vt 0.674740 0.000000
vt 0.678201 1.000000
vt 0.678201 0.000000
vt 0.681661 1.000000
vt 0.681661 0.000000
vt 0.685121 1.000000
vt 0.685121 0.000000
vt 0.688581 1.000000
vt 0.688581 0.000000
vt 0.692042 1.000000
vt 0.692042 0.000000
vt 0.695502 1.000000
vt 0.695502 0.000000
vt 0.698962 1.000000
vt 0.698962 0.000000
vt 0.702422 1.000000
vt 0.702422 0.000000
vt 0.705882 1.000000
vt 0.705882 0.000000
vt 0.709343 1.000000
vt 0.709343 0.000000
vt 0.712803 1.000000
vt 0.712803 0.000000
vt 0.716263 1.000000
vt 0.716263 0.000000
vt 0.719723 1.000000
vt 0.719723 0.000000
vt 0.723183 1.000000
vt 0.723183 0.000000
vt 0.726644 1.000000
vt 0.726644 0.000000
vt 0.730104 1.000000
vt 0.730104 0.000000
vt 0.733564 1.000000
vt 0.733564 0.000000
vt 0.737024 1.000000
vt 0.737024 0.000000
vt 0.740484 1.000000
vt 0.740484 0.000000
vt 0.743945 1.000000
vt 0.743945 0.000000
vt 0.747405 1.000000
vt 0.747405 0.000000
vt 0.750865 1.000000
vt 0.750865 0.000000
vt 0.754325 1.000000
vt 0.754325 0.000000
vt 0.757785 1.000000
vt 0.757785 0.000000
vt 0.761246 1.000000
vt 0.761246 0.000000
vt 0.764706 1.000000
vt 0.764706 0.000000
vt 0.768166 1.000000
vt 0.768166 0.000000
vt 0.771626 1.000000
vt 0.771626 0.000000
vt 0.775087 1.000000
vt 0.775087 0.000000
vt 0.778547 1.000000
vt 0.778547 0.000000
vt 0.782007 1.000000
vt 0.782007 0.000000
vt 0.785467 1.000000
vt 0.785467 0.000000
vt 0.788927 1.000000
vt 0.788927 0.000000
vt 0.792388 1.000000
vt 0.792388 0.000000
vt 0.795848 1.000000
vt 0.795848 0.000000
vt 0.799308 1.000000
vt 0.799308 0.000000
vt 0.802768 1.000000
vt 0.802768 0.000000
vt 0.806228 1.000000
vt 0.806228 0.000000
vt 0.809689 1.000000
vt 0.809689 0.000000
vt 0.813149 1.000000
vt 0.813149 0.000000
vt 0.816609 1.000000
vt 0.816609 0.000000
vt 0.820069 1.000000
vt 0.820069 0.000000
vt 0.823529 1.000000
vt 0.823529 0.000000
vt 0.826990 1.000000
vt 0.826990 0.000000
vt 0.830450 1.000000
vt 0.830450 0.000000
vt 0.833910 1.000000
vt 0.833910 0.000000
vt 0.837370 1.000000
vt 0.837370 0.000000
vt 0.840830 1.000000
vt 0.840830 0.000000
vt 0.844291 1.000000
vt 0.844291 0.000000
vt 0.847751 1.000000
vt 0.847751 0.000000
vt 0.851211 1.000000
vt 0.851211 0.000000
vt 0.854671 1.000000
vt 0.854671 0.000000
vt 0.858131 1.000000
vt 0.858131 0.000000
vt 0.861592 1.000000
vt 0.861592 0.000000
vt 0.865052 1.000000
vt 0.865052 0.000000
vt 0.868512 1.000000
vt 0.868512 0.000000
vt 0.871972 1.000000
vt 0.871972 0.000000
vt 0.875433 1.000000
vt 0.875433 0.000000
vt 0.878893 1.000000
vt 0.878893 0.000000
vt 0.882353 1.000000
vt 0.882353 0.000000
vt 0.885813 1.000000
vt 0.885813 0.000000
vt 0.889273 1.000000
vt 0.889273 0.000000
vt 0.892734 1.000000
vt 0.892734 0.000000
vt 0.896194 1.000000
vt 0.896194 0.000000
vt 0.899654 1.000000
vt 0.899654 0.000000
vt 0.903114 1.000000
vt 0.903114 0.000000
vt 0.906574 1.000000
vt 0.906574 0.000000
vt 0.910035 1.000000
vt 0.910035 0.000000
vt 0.913495 1.000000
vt 0.913495 0.000000
vt 0.916955 1.000000
vt 0.916955 0.000000
vt 0.920415 1.000000
vt 0.920415 0.000000
vt 0.923875 1.000000
vt 0.923875 0.000000
vt 0.927336 1.000000
vt 0.927336 0.000000
vt 0.930796 1.000000
vt 0.930796 0.000000
vt 0.934256 1.000000
vt 0.934256 0.000000
vt 0.937716 1.000000
vt 0.937716 0.000000
vt 0.941176 1.000000
vt 0.941176 0.000000
vt 0.944637 1.000000
vt 0.944637 0.000000
vt 0.948097 1.000000
vt 0.948097 0.000000
vt 0.951557 1.000000
vt 0.951557 0.000000
vt 0.955017 1.000000
vt 0.955017 0.000000
vt 0.958477 1.000000
vt 0.958477 0.000000
vt 0.961938 1.000000
vt 0.961938 0.000000
vt 0.965398 1.000000
vt 0.965398 0.000000
vt 0.968858 1.000000
vt 0.968858 0.000000
vt 0.972318 1.000000
vt 0.972318 0.000000
vt 0.975779 1.000000
vt 0.975779 0.000000
vt 0.979239 1.000000
vt 0.979239 0.000000
vt 0.982699 1.000000
vt 0.982699 0.000000
vt 0.986159 1.000000
vt 0.986159 0.000000
vt 0.989619 1.000000
vt 0.989619 0.000000
vt 0.993080 1.000000
vt 0.993080 0.000000
vt 0.996540 1.000000
vt 0.996540 0.000000
vt 1.000000 1.000000
vt 0.019231 1.000000
vt 0.019231 0.000000
vt 0.038462 1.000000
vt 0.038462 0.000000
vt 0.057692 1.000000
vt 0.057692 0.000000
vt 0.076923 1.000000
vt 0.076923 0.000000
vt 0.096154 1.000000
vt 0.096154 0.000000
vt 0.115385 1.000000
vt 0.115385 0.000000
vt 0.134615 1.000000
vt 0.134615 0.000000
vt 0.153846 1.000000
vt 0.153846 0.000000
vt 0.173077 1.000000
vt 0.173077 0.000000
vt 0.192308 1.000000
vt 0.192308 0.000000
vt 0.211538 1.000000
vt 0.211538 0.000000
vt 0.230769 1.000000
vt 0.230769 0.000000
vt 0.250000 1.000000
vt 0.269231 1.000000
vt 0.269231 0.000000
vt 0.288462 1.000000
vt 0.288462 0.000000
vt 0.307692 1.000000
vt 0.307692 0.000000
vt 0.326923 1.000000
vt 0.326923 0.000000
vt 0.346154 1.000000
vt 0.346154 0.000000
vt 0.365385 1.000000
vt 0.365385 0.000000
vt 0.384615 1.000000
vt 0.384615 0.000000
vt 0.403846 1.000000
vt 0.403846 0.000000
vt 0.423077 1.000000
vt 0.423077 0.000000
vt 0.442308 1.000000
vt 0.442308 0.000000
vt 0.461538 1.000000
vt 0.461538 0.000000
vt 0.480769 1.000000
vt 0.480769 0.000000
vt 0.500000 1.000000
vt 0.519231 1.000000
vt 0.519231 0.000000
vt 0.538462 1.000000
vt 0.538462 0.000000
vt 0.557692 1.000000
vt 0.557692 0.000000
vt 0.576923 1.000000
vt 0.576923 0.000000
vt 0.596154 1.000000
vt 0.596154 0.000000
vt 0.615385 1.000000
vt 0.615385 0.000000
vt 0.634615 1.000000
vt 0.634615 0.000000
vt 0.653846 1.000000
vt 0.653846 0.000000
vt 0.673077 1.000000
vt 0.673077 0.000000
vt 0.692308 1.000000
vt 0.692308 0.000000
vt 0.711538 1.000000
vt 0.711538 0.000000
vt 0.730769 1.000000
vt 0.730769 0.000000
vt 0.750000 1.000000
vt 0.769231 1.000000
vt 0.769231 0.000000
vt 0.788462 1.000000
vt 0.788462 0.000000
vt 0.807692 1.000000
vt 0.807692 0.000000
vt 0.826923 1.000000
vt 0.826923 0.000000
vt 0.846154 1.000000
vt 0.846154 0.000000
vt 0.865385 1.000000
vt 0.865385 0.000000
vt 0.884615 1.000000
vt 0.884615 0.000000
vt 0.903846 1.000000
vt 0.903846 0.000000
vt 0.923077 1.000000
vt 0.923077 0.000000
vt 0.942308 1.000000
vt 0.942308 0.000000
vt 0.961538 1.000000
vt 0.961538 0.000000
vt 0.980769 1.000000
vt 0.980769 0.000000
s 0
usemtl Матеріал.003
f 181/73/28 234/74/28 182/75/28
f 234/74/28 183/76/28 182/75/28
f 234/74/28 184/77/28 183/76/28
f 234/74/28 185/78/28 184/77/28
f 234/74/28 186/79/28 185/78/28
f 234/74/28 187/80/28 186/79/28
f 234/74/28 188/81/28 187/80/28
f 234/74/28 189/82/28 188/81/28
f 234/74/28 190/83/28 189/82/28
f 234/74/28 191/84/28 190/83/28
f 234/74/28 192/85/28 191/84/28
f 234/74/28 193/86/28 192/85/28
f 234/74/28 194/87/28 193/86/28
f 234/74/28 195/88/28 194/87/28
f 234/74/28 196/89/28 195/88/28
f 234/74/28 197/90/28 196/89/28
f 234/74/28 198/91/28 197/90/28
f 234/74/28 199/92/28 198/91/28
f 234/74/28 200/93/28 199/92/28
f 234/74/28 201/94/28 200/93/28
f 234/74/28 233/95/28 201/94/28
f 233/95/28 284/96/28 201/94/28
f 284/96/28 202/97/28 201/94/28
f 181/73/28 235/98/28 234/74/28
f 283/99/28 202/97/28 284/96/28
f 282/100/28 202/97/28 283/99/28
f 281/101/28 202/97/28 282/100/28
f 280/102/28 202/97/28 281/101/28
f 279/103/28 202/97/28 280/102/28
f 278/104/28 202/97/28 279/103/28
f 277/105/28 202/97/28 278/104/28
f 276/106/28 202/97/28 277/105/28
f 275/107/28 202/97/28 276/106/28
f 275/107/28 203/108/28 202/97/28
f 274/109/28 203/108/28 275/107/28
f 273/110/28 203/108/28 274/109/28
f 272/111/28 203/108/28 273/110/28
f 271/112/28 203/108/28 272/111/28
f 270/113/28 203/108/28 271/112/28
f 270/113/28 204/114/28 203/108/28
f 269/115/28 204/114/28 270/113/28
f 268/116/28 204/114/28 269/115/28
f 267/117/28 204/114/28 268/116/28
f 267/117/28 205/118/28 204/114/28
f 266/119/28 205/118/28 267/117/28
f 265/120/28 205/118/28 266/119/28
f 264/121/28 205/118/28 265/120/28
f 264/121/28 206/122/28 205/118/28
f 263/123/28 206/122/28 264/121/28
f 262/124/28 206/122/28 263/123/28
f 262/124/28 207/125/28 206/122/28
f 261/126/28 207/125/28 262/124/28
f 260/127/28 207/125/28 261/126/28
f 260/127/28 208/128/28 207/125/28
f 260/127/28 209/129/28 208/128/28
f 259/130/28 209/129/28 260/127/28
f 258/131/28 209/129/28 259/130/28
f 258/131/28 210/132/28 209/129/28
f 257/133/28 210/132/28 258/131/28
f 256/134/28 210/132/28 257/133/28
f 256/134/28 211/135/28 210/132/28
f 255/136/28 211/135/28 256/134/28
f 254/137/28 211/135/28 255/136/28
f 253/138/28 211/135/28 254/137/28
f 253/138/28 212/139/28 211/135/28
f 252/140/28 212/139/28 253/138/28
f 251/141/28 212/139/28 252/140/28
f 250/142/28 212/139/28 251/141/28
f 250/142/28 213/143/28 212/139/28
f 249/144/28 213/143/28 250/142/28
f 248/145/28 213/143/28 249/144/28
f 247/146/28 213/143/28 248/145/28
f 246/147/28 213/143/28 247/146/28
f 245/148/28 213/143/28 246/147/28
f 245/148/28 214/149/28 213/143/28
f 244/150/28 214/149/28 245/148/28
f 243/151/28 214/149/28 244/150/28
f 242/152/28 214/149/28 243/151/28
f 241/153/28 214/149/28 242/152/28
f 240/154/28 214/149/28 241/153/28
f 239/155/28 214/149/28 240/154/28
f 238/156/28 214/149/28 239/155/28
f 237/157/28 214/149/28 238/156/28
f 236/158/28 214/149/28 237/157/28
f 181/73/28 236/158/28 235/98/28
f 181/73/28 214/149/28 236/158/28
f 181/73/28 215/159/28 214/149/28
f 181/73/28 216/160/28 215/159/28
f 181/73/28 217/161/28 216/160/28
f 181/73/28 218/162/28 217/161/28
f 181/73/28 219/163/28 218/162/28
f 181/73/28 220/164/28 219/163/28
f 181/73/28 221/165/28 220/164/28
f 181/73/28 222/166/28 221/165/28
f 181/73/28 223/167/28 222/166/28
f 181/73/28 224/168/28 223/167/28
f 181/73/28 225/169/28 224/168/28
f 181/73/28 226/170/28 225/169/28
f 181/73/28 227/171/28 226/170/28
f 181/73/28 228/172/28 227/171/28
f 181/73/28 229/173/28 228/172/28
f 181/73/28 230/174/28 229/173/28
f 181/73/28 231/175/28 230/174/28
f 181/73/28 232/176/28 231/175/28
f 360/177/28 362/178/28 361/179/28
f 359/180/28 362/178/28 360/177/28
f 359/180/28 363/181/28 362/178/28
f 358/182/28 363/181/28 359/180/28
f 358/182/28 364/183/28 363/181/28
f 357/184/28 364/183/28 358/182/28
f 357/184/28 365/185/28 364/183/28
f 356/186/28 365/185/28 357/184/28
f 356/186/28 366/187/28 365/185/28
f 355/188/28 366/187/28 356/186/28
f 355/188/28 367/189/28 366/187/28
f 354/190/28 367/189/28 355/188/28
f 354/190/28 368/191/28 367/189/28
f 353/192/28 368/191/28 354/190/28
f 353/192/28 369/193/28 368/191/28
f 352/194/28 369/193/28 353/192/28
f 352/194/28 370/195/28 369/193/28
f 351/196/28 370/195/28 352/194/28
f 351/196/28 371/197/28 370/195/28
f 350/198/28 371/197/28 351/196/28
f 350/198/28 372/199/28 371/197/28
f 349/200/28 372/199/28 350/198/28
f 349/200/28 373/201/28 372/199/28
f 348/202/28 373/201/28 349/200/28
f 348/202/28 374/203/28 373/201/28
f 347/204/28 374/203/28 348/202/28
f 347/204/28 375/205/28 374/203/28
f 346/206/28 375/205/28 347/204/28
f 346/206/28 376/207/28 375/205/28
f 345/208/28 376/207/28 346/206/28
f 345/208/28 377/209/28 376/207/28
f 344/210/28 377/209/28 345/208/28
f 344/210/28 378/211/28 377/209/28
f 343/212/28 378/211/28 344/210/28
f 343/212/28 310/213/28 378/211/28
f 310/213/28 379/214/28 378/211/28
f 343/212/28 311/215/28 310/213/28
f 309/216/28 379/214/28 310/213/28
f 343/212/28 312/217/28 311/215/28
f 308/218/28 379/214/28 309/216/28
f 343/212/28 313/219/28 312/217/28
f 307/220/28 379/214/28 308/218/28
f 342/221/28 313/219/28 343/212/28
f 307/220/28 380/222/28 379/214/28
f 342/221/28 314/223/28 313/219/28
f 306/224/28 380/222/28 307/220/28
f 342/221/28 315/225/28 314/223/28
f 305/226/28 380/222/28 306/224/28
f 342/221/28 316/227/28 315/225/28
f 304/228/28 380/222/28 305/226/28
f 342/221/28 317/229/28 316/227/28
f 303/230/28 380/222/28 304/228/28
f 342/221/28 318/231/28 317/229/28
f 302/232/28 380/222/28 303/230/28
f 342/221/28 319/233/28 318/231/28
f 301/234/28 380/222/28 302/232/28
f 342/221/28 320/235/28 319/233/28
f 300/236/28 380/222/28 301/234/28
f 342/221/28 321/237/28 320/235/28
f 299/238/28 380/222/28 300/236/28
f 341/239/28 321/237/28 342/221/28
f 299/238/28 381/240/28 380/222/28
f 341/239/28 322/241/28 321/237/28
f 298/242/28 381/240/28 299/238/28
f 341/239/28 323/243/28 322/241/28
f 297/244/28 381/240/28 298/242/28
f 341/239/28 324/245/28 323/243/28
f 296/246/28 381/240/28 297/244/28
f 341/239/28 325/247/28 324/245/28
f 295/248/28 381/240/28 296/246/28
f 340/249/28 325/247/28 341/239/28
f 295/248/28 382/250/28 381/240/28
f 340/249/28 326/251/28 325/247/28
f 294/252/28 382/250/28 295/248/28
f 340/249/28 327/253/28 326/251/28
f 293/254/28 382/250/28 294/252/28
f 340/249/28 328/255/28 327/253/28
f 292/256/28 382/250/28 293/254/28
f 339/257/28 328/255/28 340/249/28
f 292/256/28 383/258/28 382/250/28
f 339/257/28 329/259/28 328/255/28
f 291/260/28 383/258/28 292/256/28
f 339/257/28 330/261/28 329/259/28
f 290/262/28 383/258/28 291/260/28
f 339/257/28 331/263/28 330/261/28
f 338/264/28 331/263/28 339/257/28
f 290/262/28 384/265/28 383/258/28
f 338/264/28 332/266/28 331/263/28
f 289/267/28 384/265/28 290/262/28
f 338/264/28 333/268/28 332/266/28
f 288/269/28 384/265/28 289/267/28
f 337/270/28 333/268/28 338/264/28
f 288/269/28 385/271/28 384/265/28
f 337/270/28 334/272/28 333/268/28
f 287/273/28 385/271/28 288/269/28
f 337/270/28 335/274/28 334/272/28
f 286/275/28 385/271/28 287/273/28
f 336/276/28 335/274/28 337/270/28
f 286/275/28 386/277/28 385/271/28
f 285/73/28 386/277/28 286/275/28
f 285/73/28 387/278/28 386/277/28
f 285/73/28 388/279/28 387/278/28
f 573/96/28 388/279/28 285/73/28
f 572/280/28 388/279/28 573/96/28
f 572/280/28 389/281/28 388/279/28
f 571/282/28 389/281/28 572/280/28
f 570/283/28 389/281/28 571/282/28
f 569/284/28 389/281/28 570/283/28
f 569/284/28 390/285/28 389/281/28
f 568/286/28 390/285/28 569/284/28
f 567/287/28 390/285/28 568/286/28
f 566/288/28 390/285/28 567/287/28
f 566/288/28 391/289/28 390/285/28
f 565/290/28 391/289/28 566/288/28
f 564/291/28 391/289/28 565/290/28
f 563/292/28 391/289/28 564/291/28
f 563/292/28 392/293/28 391/289/28
f 562/294/28 392/293/28 563/292/28
f 561/295/28 392/293/28 562/294/28
f 560/296/28 392/293/28 561/295/28
f 559/297/28 392/293/28 560/296/28
f 558/298/28 392/293/28 559/297/28
f 557/299/28 392/293/28 558/298/28
f 557/299/28 393/300/28 392/293/28
f 556/301/28 393/300/28 557/299/28
f 555/302/28 393/300/28 556/301/28
f 554/303/28 393/300/28 555/302/28
f 553/304/28 393/300/28 554/303/28
f 552/305/28 393/300/28 553/304/28
f 551/306/28 393/300/28 552/305/28
f 550/307/28 393/300/28 551/306/28
f 548/308/28 550/307/28 549/309/28
f 548/308/28 393/300/28 550/307/28
f 548/308/28 394/310/28 393/300/28
f 548/308/28 395/311/28 394/310/28
f 548/308/28 396/312/28 395/311/28
f 548/308/28 397/313/28 396/312/28
f 548/308/28 398/314/28 397/313/28
f 548/308/28 399/315/28 398/314/28
f 548/308/28 400/316/28 399/315/28
f 548/308/28 401/317/28 400/316/28
f 548/308/28 402/318/28 401/317/28
f 548/308/28 403/319/28 402/318/28
f 548/308/28 404/320/28 403/319/28
f 548/308/28 405/321/28 404/320/28
f 548/308/28 406/322/28 405/321/28
f 548/308/28 407/323/28 406/322/28
f 548/308/28 408/324/28 407/323/28
f 548/308/28 409/325/28 408/324/28
f 548/308/28 547/326/28 409/325/28
f 547/326/28 410/327/28 409/325/28
f 546/328/28 410/327/28 547/326/28
f 545/329/28 410/327/28 546/328/28
f 545/329/28 411/330/28 410/327/28
f 544/331/28 411/330/28 545/329/28
f 543/332/28 411/330/28 544/331/28
f 542/333/28 411/330/28 543/332/28
f 541/334/28 411/330/28 542/333/28
f 540/335/28 411/330/28 541/334/28
f 539/336/28 411/330/28 540/335/28
f 539/336/28 412/337/28 411/330/28
f 538/338/28 412/337/28 539/336/28
f 537/339/28 412/337/28 538/338/28
f 537/339/28 413/340/28 412/337/28
f 536/341/28 413/340/28 537/339/28
f 535/342/28 413/340/28 536/341/28
f 534/343/28 413/340/28 535/342/28
f 534/343/28 414/344/28 413/340/28
f 533/345/28 414/344/28 534/343/28
f 533/345/28 415/346/28 414/344/28
f 532/347/28 415/346/28 533/345/28
f 531/348/28 415/346/28 532/347/28
f 531/348/28 416/349/28 415/346/28
f 530/350/28 416/349/28 531/348/28
f 529/351/28 416/349/28 530/350/28
f 529/351/28 417/352/28 416/349/28
f 528/353/28 417/352/28 529/351/28
f 528/353/28 418/354/28 417/352/28
f 527/355/28 418/354/28 528/353/28
f 527/355/28 419/356/28 418/354/28
f 526/357/28 419/356/28 527/355/28
f 526/357/28 420/358/28 419/356/28
f 525/359/28 420/358/28 526/357/28
f 524/360/28 420/358/28 525/359/28
f 524/360/28 421/361/28 420/358/28
f 523/362/28 421/361/28 524/360/28
f 523/362/28 422/363/28 421/361/28
f 471/364/28 473/365/28 472/366/28
f 471/364/28 474/367/28 473/365/28
f 522/368/28 422/363/28 523/362/28
f 522/368/28 423/369/28 422/363/28
f 521/370/28 423/369/28 522/368/28
f 470/371/28 474/367/28 471/364/28
f 521/370/28 424/372/28 423/369/28
f 520/373/28 424/372/28 521/370/28
f 470/371/28 475/374/28 474/367/28
f 519/375/28 424/372/28 520/373/28
f 470/371/28 476/376/28 475/374/28
f 519/375/28 425/377/28 424/372/28
f 469/378/28 476/376/28 470/371/28
f 518/379/28 425/377/28 519/375/28
f 469/378/28 477/380/28 476/376/28
f 469/378/28 478/381/28 477/380/28
f 517/382/28 425/377/28 518/379/28
f 517/382/28 426/383/28 425/377/28
f 468/384/28 478/381/28 469/378/28
f 468/384/28 479/385/28 478/381/28
f 516/386/28 426/383/28 517/382/28
f 468/384/28 480/387/28 479/385/28
f 515/388/28 426/383/28 516/386/28
f 468/384/28 481/389/28 480/387/28
f 515/388/28 427/390/28 426/383/28
f 467/391/28 481/389/28 468/384/28
f 514/392/28 427/390/28 515/388/28
f 467/391/28 482/393/28 481/389/28
f 513/394/28 427/390/28 514/392/28
f 467/391/28 483/395/28 482/393/28
f 512/396/28 427/390/28 513/394/28
f 467/391/28 484/397/28 483/395/28
f 512/396/28 428/398/28 427/390/28
f 466/399/28 484/397/28 467/391/28
f 511/400/28 428/398/28 512/396/28
f 466/399/28 485/401/28 484/397/28
f 510/402/28 428/398/28 511/400/28
f 466/399/28 486/403/28 485/401/28
f 509/404/28 428/398/28 510/402/28
f 466/399/28 487/405/28 486/403/28
f 508/406/28 428/398/28 509/404/28
f 466/399/28 488/407/28 487/405/28
f 508/406/28 429/408/28 428/398/28
f 465/409/28 488/407/28 466/399/28
f 507/410/28 429/408/28 508/406/28
f 465/409/28 489/411/28 488/407/28
f 506/412/28 429/408/28 507/410/28
f 465/409/28 490/413/28 489/411/28
f 505/414/28 429/408/28 506/412/28
f 465/409/28 491/415/28 490/413/28
f 504/416/28 429/408/28 505/414/28
f 465/409/28 492/417/28 491/415/28
f 503/418/28 429/408/28 504/416/28
f 465/409/28 493/419/28 492/417/28
f 502/420/28 429/408/28 503/418/28
f 465/409/28 494/421/28 493/419/28
f 501/422/28 429/408/28 502/420/28
f 465/409/28 495/423/28 494/421/28
f 500/424/28 429/408/28 501/422/28
f 465/409/28 496/425/28 495/423/28
f 500/424/28 430/426/28 429/408/28
f 464/427/28 496/425/28 465/409/28
f 499/428/28 430/426/28 500/424/28
f 464/427/28 497/429/28 496/425/28
f 498/430/28 430/426/28 499/428/28
f 464/427/28 498/430/28 497/429/28
f 464/427/28 430/426/28 498/430/28
f 464/427/28 431/431/28 430/426/28
f 463/432/28 431/431/28 464/427/28
f 463/432/28 432/433/28 431/431/28
f 462/434/28 432/433/28 463/432/28
f 462/434/28 433/435/28 432/433/28
f 461/436/28 433/435/28 462/434/28
f 461/436/28 434/437/28 433/435/28
f 460/438/28 434/437/28 461/436/28
f 460/438/28 435/439/28 434/437/28
f 459/440/28 435/439/28 460/438/28
f 458/441/28 435/439/28 459/440/28
f 458/441/28 436/442/28 435/439/28
f 457/443/28 436/442/28 458/441/28
f 457/443/28 437/444/28 436/442/28
f 456/445/28 437/444/28 457/443/28
f 456/445/28 438/446/28 437/444/28
f 455/447/28 438/446/28 456/445/28
f 455/447/28 439/448/28 438/446/28
f 454/449/28 439/448/28 455/447/28
f 454/449/28 440/450/28 439/448/28
f 454/449/28 441/451/28 440/450/28
f 453/452/28 441/451/28 454/449/28
f 453/452/28 442/453/28 441/451/28
f 452/454/28 442/453/28 453/452/28
f 452/454/28 443/455/28 442/453/28
f 451/456/28 443/455/28 452/454/28
f 451/456/28 444/457/28 443/455/28
f 450/458/28 444/457/28 451/456/28
f 450/458/28 445/459/28 444/457/28
f 449/460/28 445/459/28 450/458/28
f 449/460/28 446/461/28 445/459/28
f 448/462/28 446/461/28 449/460/28
f 448/462/28 447/463/28 446/461/28
f 574/73/29 575/75/29 627/74/29
f 627/74/29 575/75/29 576/76/29
f 627/74/29 576/76/29 577/77/29
f 627/74/29 577/77/29 578/78/29
f 627/74/29 578/78/29 579/79/29
f 627/74/29 579/79/29 580/80/29
f 627/74/29 580/80/29 581/81/29
f 627/74/29 581/81/29 582/82/29
f 627/74/29 582/82/29 583/83/29
f 627/74/29 583/83/29 584/84/29
f 627/74/29 584/84/29 585/85/29
f 627/74/29 585/85/29 586/86/29
f 627/74/29 586/86/29 587/87/29
f 627/74/29 587/87/29 588/88/29
f 627/74/29 588/88/29 589/89/29
f 627/74/29 589/89/29 590/90/29
f 627/74/29 590/90/29 591/91/29
f 627/74/29 591/91/29 592/92/29
f 627/74/29 592/92/29 593/93/29
f 627/74/29 593/93/29 594/94/29
f 627/74/29 594/94/29 626/95/29
f 626/95/29 594/94/29 677/96/29
f 677/96/29 594/94/29 595/97/29
f 574/73/29 627/74/29 628/98/29
f 676/99/29 677/96/29 595/97/29
f 675/100/29 676/99/29 595/97/29
f 674/101/29 675/100/29 595/97/29
f 673/102/29 674/101/29 595/97/29
f 672/103/29 673/102/29 595/97/29
f 671/104/29 672/103/29 595/97/29
f 670/105/29 671/104/29 595/97/29
f 669/106/29 670/105/29 595/97/29
f 668/107/29 669/106/29 595/97/29
f 668/107/29 595/97/29 596/108/29
f 667/109/29 668/107/29 596/108/29
f 666/110/29 667/109/29 596/108/29
f 665/111/29 666/110/29 596/108/29
f 664/112/29 665/111/29 596/108/29
f 663/113/29 664/112/29 596/108/29
f 663/113/29 596/108/29 597/114/29
f 662/115/29 663/113/29 597/114/29
f 661/116/29 662/115/29 597/114/29
f 660/117/29 661/116/29 597/114/29
f 660/117/29 597/114/29 598/118/29
f 659/119/29 660/117/29 598/118/29
f 658/120/29 659/119/29 598/118/29
f 657/121/29 658/120/29 598/118/29
f 657/121/29 598/118/29 599/122/29
f 656/123/29 657/121/29 599/122/29
f 655/124/29 656/123/29 599/122/29
f 655/124/29 599/122/29 600/125/29
f 654/126/29 655/124/29 600/125/29
f 653/127/29 654/126/29 600/125/29
f 653/127/29 600/125/29 601/128/29
f 653/127/29 601/128/29 602/129/29
f 652/130/29 653/127/29 602/129/29
f 651/131/29 652/130/29 602/129/29
f 651/131/29 602/129/29 603/132/29
f 650/133/29 651/131/29 603/132/29
f 649/134/29 650/133/29 603/132/29
f 649/134/29 603/132/29 604/135/29
f 648/136/29 649/134/29 604/135/29
f 647/137/29 648/136/29 604/135/29
f 646/138/29 647/137/29 604/135/29
f 646/138/29 604/135/29 605/139/29
f 645/140/29 646/138/29 605/139/29
f 644/141/29 645/140/29 605/139/29
f 643/142/29 644/141/29 605/139/29
f 643/142/29 605/139/29 606/143/29
f 642/144/29 643/142/29 606/143/29
f 641/145/29 642/144/29 606/143/29
f 640/146/29 641/145/29 606/143/29
f 639/147/29 640/146/29 606/143/29
f 638/148/29 639/147/29 606/143/29
f 638/148/29 606/143/29 607/149/29
f 637/150/29 638/148/29 607/149/29
f 636/151/29 637/150/29 607/149/29
f 635/152/29 636/151/29 607/149/29
f 634/153/29 635/152/29 607/149/29
f 633/154/29 634/153/29 607/149/29
f 632/155/29 633/154/29 607/149/29
f 631/156/29 632/155/29 607/149/29
f 630/157/29 631/156/29 607/149/29
f 629/158/29 630/157/29 607/149/29
f 574/73/29 628/98/29 629/158/29
f 574/73/29 629/158/29 607/149/29
f 574/73/29 607/149/29 608/159/29
f 574/73/29 608/159/29 609/160/29
f 574/73/29 609/160/29 610/161/29
f 574/73/29 610/161/29 611/162/29
f 574/73/29 611/162/29 612/163/29
f 574/73/29 612/163/29 613/164/29
f 574/73/29 613/164/29 614/165/29
f 574/73/29 614/165/29 615/166/29
f 574/73/29 615/166/29 616/167/29
f 574/73/29 616/167/29 617/168/29
f 574/73/29 617/168/29 618/169/29
f 574/73/29 618/169/29 619/170/29
f 574/73/29 619/170/29 620/171/29
f 574/73/29 620/171/29 621/172/29
f 574/73/29 621/172/29 622/173/29
f 574/73/29 622/173/29 623/174/29
f 574/73/29 623/174/29 624/175/29
f 574/73/29 624/175/29 625/176/29
f 753/177/29 754/179/29 755/178/29
f 752/180/29 753/177/29 755/178/29
f 752/180/29 755/178/29 756/181/29
f 751/182/29 752/180/29 756/181/29
f 751/182/29 756/181/29 757/183/29
f 750/184/29 751/182/29 757/183/29
f 750/184/29 757/183/29 758/185/29
f 749/186/29 750/184/29 758/185/29
f 749/186/29 758/185/29 759/187/29
f 748/188/29 749/186/29 759/187/29
f 748/188/29 759/187/29 760/189/29
f 747/190/29 748/188/29 760/189/29
f 747/190/29 760/189/29 761/191/29
f 746/192/29 747/190/29 761/191/29
f 746/192/29 761/191/29 762/193/29
f 745/194/29 746/192/29 762/193/29
f 745/194/29 762/193/29 763/195/29
f 744/196/29 745/194/29 763/195/29
f 744/196/29 763/195/29 764/197/29
f 743/198/29 744/196/29 764/197/29
f 743/198/29 764/197/29 765/199/29
f 742/200/29 743/198/29 765/199/29
f 742/200/29 765/199/29 766/201/29
f 741/202/29 742/200/29 766/201/29
f 741/202/29 766/201/29 767/203/29
f 740/204/29 741/202/29 767/203/29
f 740/204/29 767/203/29 768/205/29
f 739/206/29 740/204/29 768/205/29
f 739/206/29 768/205/29 769/207/29
f 738/208/29 739/206/29 769/207/29
f 738/208/29 769/207/29 770/209/29
f 737/210/29 738/208/29 770/209/29
f 737/210/29 770/209/29 771/211/29
f 736/212/29 737/210/29 771/211/29
f 736/212/29 771/211/29 703/213/29
f 703/213/29 771/211/29 772/214/29
f 736/212/29 703/213/29 704/215/29
f 702/216/29 703/213/29 772/214/29
f 736/212/29 704/215/29 705/217/29
f 701/218/29 702/216/29 772/214/29
f 736/212/29 705/217/29 706/219/29
f 700/220/29 701/218/29 772/214/29
f 735/221/29 736/212/29 706/219/29
f 700/220/29 772/214/29 773/222/29
f 735/221/29 706/219/29 707/223/29
f 699/224/29 700/220/29 773/222/29
f 735/221/29 707/223/29 708/225/29
f 698/226/29 699/224/29 773/222/29
f 735/221/29 708/225/29 709/227/29
f 697/228/29 698/226/29 773/222/29
f 735/221/29 709/227/29 710/229/29
f 696/230/29 697/228/29 773/222/29
f 735/221/29 710/229/29 711/231/29
f 695/232/29 696/230/29 773/222/29
f 735/221/29 711/231/29 712/233/29
f 694/234/29 695/232/29 773/222/29
f 735/221/29 712/233/29 713/235/29
f 693/236/29 694/234/29 773/222/29
f 735/221/29 713/235/29 714/237/29
f 692/238/29 693/236/29 773/222/29
f 734/239/29 735/221/29 714/237/29
f 692/238/29 773/222/29 774/240/29
f 734/239/29 714/237/29 715/241/29
f 691/242/29 692/238/29 774/240/29
f 734/239/29 715/241/29 716/243/29
f 690/244/29 691/242/29 774/240/29
f 734/239/29 716/243/29 717/245/29
f 689/246/29 690/244/29 774/240/29
f 734/239/29 717/245/29 718/247/29
f 688/248/29 689/246/29 774/240/29
f 733/249/29 734/239/29 718/247/29
f 688/248/29 774/240/29 775/250/29
f 733/249/29 718/247/29 719/251/29
f 687/252/29 688/248/29 775/250/29
f 733/249/29 719/251/29 720/253/29
f 686/254/29 687/252/29 775/250/29
f 733/249/29 720/253/29 721/255/29
f 685/256/29 686/254/29 775/250/29
f 732/257/29 733/249/29 721/255/29
f 685/256/29 775/250/29 776/258/29
f 732/257/29 721/255/29 722/259/29
f 684/260/29 685/256/29 776/258/29
f 732/257/29 722/259/29 723/261/29
f 683/262/29 684/260/29 776/258/29
f 732/257/29 723/261/29 724/263/29
f 731/264/29 732/257/29 724/263/29
f 683/262/29 776/258/29 777/265/29
f 731/264/29 724/263/29 725/266/29
f 682/267/29 683/262/29 777/265/29
f 731/264/29 725/266/29 726/268/29
f 681/269/29 682/267/29 777/265/29
f 730/270/29 731/264/29 726/268/29
f 681/269/29 777/265/29 778/271/29
f 730/270/29 726/268/29 727/272/29
f 680/273/29 681/269/29 778/271/29
f 730/270/29 727/272/29 728/274/29
f 679/275/29 680/273/29 778/271/29
f 729/276/29 730/270/29 728/274/29
f 679/275/29 778/271/29 779/277/29
f 678/73/29 679/275/29 779/277/29
f 678/73/29 779/277/29 780/278/29
f 678/73/29 780/278/29 781/279/29
f 966/96/29 678/73/29 781/279/29
f 965/280/29 966/96/29 781/279/29
f 965/280/29 781/279/29 782/281/29
f 964/282/29 965/280/29 782/281/29
f 963/283/29 964/282/29 782/281/29
f 962/284/29 963/283/29 782/281/29
f 962/284/29 782/281/29 783/285/29
f 961/286/29 962/284/29 783/285/29
f 960/287/29 961/286/29 783/285/29
f 959/288/29 960/287/29 783/285/29
f 959/288/29 783/285/29 784/289/29
f 958/290/29 959/288/29 784/289/29
f 957/291/29 958/290/29 784/289/29
f 956/292/29 957/291/29 784/289/29
f 956/292/29 784/289/29 785/293/29
f 955/294/29 956/292/29 785/293/29
f 954/295/29 955/294/29 785/293/29
f 953/296/29 954/295/29 785/293/29
f 952/297/29 953/296/29 785/293/29
f 951/298/29 952/297/29 785/293/29
f 950/299/29 951/298/29 785/293/29
f 950/299/29 785/293/29 786/300/29
f 949/301/29 950/299/29 786/300/29
f 948/302/29 949/301/29 786/300/29
f 947/303/29 948/302/29 786/300/29
f 946/304/29 947/303/29 786/300/29
f 945/305/29 946/304/29 786/300/29
f 944/306/29 945/305/29 786/300/29
f 943/307/29 944/306/29 786/300/29
f 941/308/29 942/309/29 943/307/29
f 941/308/29 943/307/29 786/300/29
f 941/308/29 786/300/29 787/310/29
f 941/308/29 787/310/29 788/311/29
f 941/308/29 788/311/29 789/312/29
f 941/308/29 789/312/29 790/313/29
f 941/308/29 790/313/29 791/314/29
f 941/308/29 791/314/29 792/315/29
f 941/308/29 792/315/29 793/316/29
f 941/308/29 793/316/29 794/317/29
f 941/308/29 794/317/29 795/318/29
f 941/308/29 795/318/29 796/319/29
f 941/308/29 796/319/29 797/320/29
f 941/308/29 797/320/29 798/321/29
f 941/308/29 798/321/29 799/322/29
f 941/308/29 799/322/29 800/323/29
f 941/308/29 800/323/29 801/324/29
f 941/308/29 801/324/29 802/325/29
f 941/308/29 802/325/29 940/326/29
f 940/326/29 802/325/29 803/327/29
f 939/328/29 940/326/29 803/327/29
f 938/329/29 939/328/29 803/327/29
f 938/329/29 803/327/29 804/330/29
f 937/331/29 938/329/29 804/330/29
f 936/332/29 937/331/29 804/330/29
f 935/333/29 936/332/29 804/330/29
f 934/334/29 935/333/29 804/330/29
f 933/335/29 934/334/29 804/330/29
f 932/336/29 933/335/29 804/330/29
f 932/336/29 804/330/29 805/337/29
f 931/338/29 932/336/29 805/337/29
f 930/339/29 931/338/29 805/337/29
f 930/339/29 805/337/29 806/340/29
f 929/341/29 930/339/29 806/340/29
f 928/342/29 929/341/29 806/340/29
f 927/343/29 928/342/29 806/340/29
f 927/343/29 806/340/29 807/344/29
f 926/345/29 927/343/29 807/344/29
f 926/345/29 807/344/29 808/346/29
f 925/347/29 926/345/29 808/346/29
f 924/348/29 925/347/29 808/346/29
f 924/348/29 808/346/29 809/349/29
f 923/350/29 924/348/29 809/349/29
f 922/351/29 923/350/29 809/349/29
f 922/351/29 809/349/29 810/352/29
f 921/353/29 922/351/29 810/352/29
f 921/353/29 810/352/29 811/354/29
f 920/355/29 921/353/29 811/354/29
f 920/355/29 811/354/29 812/356/29
f 919/357/29 920/355/29 812/356/29
f 919/357/29 812/356/29 813/358/29
f 918/359/29 919/357/29 813/358/29
f 917/360/29 918/359/29 813/358/29
f 917/360/29 813/358/29 814/361/29
f 916/362/29 917/360/29 814/361/29
f 916/362/29 814/361/29 815/363/29
f 864/364/29 865/366/29 866/365/29
f 864/364/29 866/365/29 867/367/29
f 915/368/29 916/362/29 815/363/29
f 915/368/29 815/363/29 816/369/29
f 914/370/29 915/368/29 816/369/29
f 863/371/29 864/364/29 867/367/29
f 914/370/29 816/369/29 817/372/29
f 913/373/29 914/370/29 817/372/29
f 863/371/29 867/367/29 868/374/29
f 912/375/29 913/373/29 817/372/29
f 863/371/29 868/374/29 869/376/29
f 912/375/29 817/372/29 818/377/29
f 862/378/29 863/371/29 869/376/29
f 911/379/29 912/375/29 818/377/29
f 862/378/29 869/376/29 870/380/29
f 862/378/29 870/380/29 871/381/29
f 910/382/29 911/379/29 818/377/29
f 910/382/29 818/377/29 819/383/29
f 861/384/29 862/378/29 871/381/29
f 861/384/29 871/381/29 872/385/29
f 909/386/29 910/382/29 819/383/29
f 861/384/29 872/385/29 873/387/29
f 908/388/29 909/386/29 819/383/29
f 861/384/29 873/387/29 874/389/29
f 908/388/29 819/383/29 820/390/29
f 860/391/29 861/384/29 874/389/29
f 907/392/29 908/388/29 820/390/29
f 860/391/29 874/389/29 875/393/29
f 906/394/29 907/392/29 820/390/29
f 860/391/29 875/393/29 876/395/29
f 905/396/29 906/394/29 820/390/29
f 860/391/29 876/395/29 877/397/29
f 905/396/29 820/390/29 821/398/29
f 859/399/29 860/391/29 877/397/29
f 904/400/29 905/396/29 821/398/29
f 859/399/29 877/397/29 878/401/29
f 903/402/29 904/400/29 821/398/29
f 859/399/29 878/401/29 879/403/29
f 902/404/29 903/402/29 821/398/29
f 859/399/29 879/403/29 880/405/29
f 901/406/29 902/404/29 821/398/29
f 859/399/29 880/405/29 881/407/29
f 901/406/29 821/398/29 822/408/29
f 858/409/29 859/399/29 881/407/29
f 900/410/29 901/406/29 822/408/29
f 858/409/29 881/407/29 882/411/29
f 899/412/29 900/410/29 822/408/29
f 858/409/29 882/411/29 883/413/29
f 898/414/29 899/412/29 822/408/29
f 858/409/29 883/413/29 884/415/29
f 897/416/29 898/414/29 822/408/29
f 858/409/29 884/415/29 885/417/29
f 896/418/29 897/416/29 822/408/29
f 858/409/29 885/417/29 886/419/29
f 895/420/29 896/418/29 822/408/29
f 858/409/29 886/419/29 887/421/29
f 894/422/29 895/420/29 822/408/29
f 858/409/29 887/421/29 888/423/29
f 893/424/29 894/422/29 822/408/29
f 858/409/29 888/423/29 889/425/29
f 893/424/29 822/408/29 823/426/29
f 857/427/29 858/409/29 889/425/29
f 892/428/29 893/424/29 823/426/29
f 857/427/29 889/425/29 890/429/29
f 891/430/29 892/428/29 823/426/29
f 857/427/29 890/429/29 891/430/29
f 857/427/29 891/430/29 823/426/29
f 857/427/29 823/426/29 824/431/29
f 856/432/29 857/427/29 824/431/29
f 856/432/29 824/431/29 825/433/29
f 855/434/29 856/432/29 825/433/29
f 855/434/29 825/433/29 826/435/29
f 854/436/29 855/434/29 826/435/29
f 854/436/29 826/435/29 827/437/29
f 853/438/29 854/436/29 827/437/29
f 853/438/29 827/437/29 828/439/29
f 852/440/29 853/438/29 828/439/29
f 851/441/29 852/440/29 828/439/29
f 851/441/29 828/439/29 829/442/29
f 850/443/29 851/441/29 829/442/29
f 850/443/29 829/442/29 830/444/29
f 849/445/29 850/443/29 830/444/29
f 849/445/29 830/444/29 831/446/29
f 848/447/29 849/445/29 831/446/29
f 848/447/29 831/446/29 832/448/29
f 847/449/29 848/447/29 832/448/29
f 847/449/29 832/448/29 833/450/29
f 847/449/29 833/450/29 834/451/29
f 846/452/29 847/449/29 834/451/29
f 846/452/29 834/451/29 835/453/29
f 845/454/29 846/452/29 835/453/29
f 845/454/29 835/453/29 836/455/29
f 844/456/29 845/454/29 836/455/29
f 844/456/29 836/455/29 837/457/29
f 843/458/29 844/456/29 837/457/29
f 843/458/29 837/457/29 838/459/29
f 842/460/29 843/458/29 838/459/29
f 842/460/29 838/459/29 839/461/29
f 841/462/29 842/460/29 839/461/29
f 841/462/29 839/461/29 840/463/29
s 1
f 968/464/30 970/465/31 969/466/31 967/73/30
f 970/465/31 972/467/32 971/468/32 969/466/31
f 972/467/32 974/469/33 973/470/33 971/468/32
f 974/469/33 976/471/34 975/472/34 973/470/33
f 976/471/34 978/473/35 977/474/35 975/472/34
f 978/473/35 980/475/36 979/476/36 977/474/35
f 980/475/36 982/477/37 981/478/37 979/476/36
f 982/477/37 984/479/38 983/480/38 981/478/37
f 984/479/38 986/481/39 985/482/39 983/480/38
f 986/481/39 988/483/40 987/484/40 985/482/39
f 988/483/40 990/485/41 989/486/41 987/484/40
f 990/485/41 992/487/42 991/488/42 989/486/41
f 992/487/42 994/489/43 993/490/43 991/488/42
f 994/489/43 996/491/44 995/492/44 993/490/43
f 996/491/44 998/493/45 997/494/45 995/492/44
f 998/493/45 1000/495/46 999/496/46 997/494/45
f 1000/495/46 1002/497/47 1001/498/47 999/496/46
f 1002/497/47 1004/499/48 1003/500/48 1001/498/47
f 1004/499/48 1006/501/49 1005/502/49 1003/500/48
f 1006/501/49 1008/503/50 1007/504/50 1005/502/49
f 1008/503/50 1010/505/51 1009/506/51 1007/504/50
f 1010/505/51 1012/507/52 1011/508/52 1009/506/51
f 1012/507/52 1014/509/53 1013/510/53 1011/508/52
f 1014/509/53 1016/511/54 1015/512/54 1013/510/53
f 1016/511/54 1018/513/55 1017/514/55 1015/512/54
f 1018/513/55 1020/515/56 1019/516/56 1017/514/55
f 1020/515/56 1022/517/57 1021/518/57 1019/516/56
f 1022/517/57 1024/519/58 1023/520/58 1021/518/57
f 1024/519/58 1026/521/59 1025/522/59 1023/520/58
f 1026/521/59 1028/523/60 1027/524/60 1025/522/59
f 1028/523/60 1030/525/61 1029/526/61 1027/524/60
f 1030/525/61 1032/527/62 1031/528/62 1029/526/61
f 1032/527/62 1034/529/63 1033/530/63 1031/528/62
f 1034/529/63 1036/531/64 1035/532/64 1033/530/63
f 1036/531/64 1038/533/65 1037/534/65 1035/532/64
f 1038/533/65 1040/535/66 1039/536/66 1037/534/65
f 1040/535/66 1042/537/67 1041/538/67 1039/536/66
f 1042/537/67 1044/539/68 1043/540/68 1041/538/67
f 1044/539/68 1046/541/69 1045/542/69 1043/540/68
f 1046/541/69 1048/543/70 1047/544/70 1045/542/69
f 1048/543/70 1050/545/71 1049/546/71 1047/544/70
f 1050/545/71 1052/547/72 1051/548/72 1049/546/71
f 1052/547/72 1054/549/73 1053/550/73 1051/548/72
f 1054/549/73 1056/551/74 1055/552/74 1053/550/73
f 1056/551/74 1058/553/75 1057/554/75 1055/552/74
f 1058/553/75 1060/555/76 1059/556/76 1057/554/75
f 1060/555/76 1062/557/77 1061/558/77 1059/556/76
f 1062/557/77 1064/559/78 1063/560/78 1061/558/77
f 1064/559/78 1066/561/79 1065/562/79 1063/560/78
f 1066/561/79 1068/563/80 1067/564/80 1065/562/79
f 1068/563/80 1070/565/81 1069/566/81 1067/564/80
f 1070/565/81 1072/567/82 1071/568/82 1069/566/81
f 1072/567/82 1074/569/83 1073/570/83 1071/568/82
f 1074/569/83 1076/571/84 1075/572/84 1073/570/83
f 1076/571/84 1078/573/85 1077/574/85 1075/572/84
f 1078/573/85 1080/575/86 1079/576/86 1077/574/85
f 1080/575/86 1082/577/87 1081/578/87 1079/576/86
f 1082/577/87 1084/579/88 1083/580/88 1081/578/87
f 1084/579/88 1086/581/89 1085/582/89 1083/580/88
f 1086/581/89 1088/583/90 1087/584/90 1085/582/89
f 1088/583/90 1090/585/91 1089/586/91 1087/584/90
f 1090/585/91 1092/587/92 1091/588/92 1089/586/91
f 1092/587/92 1094/589/93 1093/590/93 1091/588/92
f 1094/589/93 1096/591/94 1095/592/94 1093/590/93
f 1096/591/94 1098/593/95 1097/594/95 1095/592/94
f 1098/593/95 1100/595/96 1099/596/96 1097/594/95
f 1100/595/96 1102/597/97 1101/598/97 1099/596/96
f 1102/597/97 1104/599/98 1103/600/98 1101/598/97
f 1104/599/98 1106/601/99 1105/602/99 1103/600/98
f 1106/601/99 1108/603/100 1107/604/100 1105/602/99
f 1108/603/100 1110/605/101 1109/606/101 1107/604/100
f 1110/605/101 1112/607/102 1111/608/102 1109/606/101
f 1112/607/102 1114/609/103 1113/610/103 1111/608/102
f 1114/609/103 1116/611/104 1115/612/104 1113/610/103
f 1116/611/104 1118/613/105 1117/614/105 1115/612/104
f 1118/613/105 1120/615/106 1119/616/106 1117/614/105
f 1120/615/106 1122/617/107 1121/618/107 1119/616/106
f 1122/617/107 1124/619/108 1123/620/108 1121/618/107
f 1124/619/108 1126/621/109 1125/622/109 1123/620/108
f 1126/621/109 1128/623/110 1127/624/110 1125/622/109
f 1128/623/110 1130/625/111 1129/626/111 1127/624/110
f 1130/625/111 1132/627/112 1131/628/112 1129/626/111
f 1132/627/112 1134/629/113 1133/630/113 1131/628/112
f 1134/629/113 1136/631/114 1135/632/114 1133/630/113
f 1136/631/114 1138/633/115 1137/634/115 1135/632/114
f 1138/633/115 1140/635/116 1139/636/116 1137/634/115
f 1140/635/116 1142/637/117 1141/638/117 1139/636/116
f 1142/637/117 1144/639/118 1143/640/118 1141/638/117
f 1144/639/118 1146/641/119 1145/642/119 1143/640/118
f 1146/641/119 1148/643/120 1147/644/120 1145/642/119
f 1148/643/120 1150/645/121 1149/646/121 1147/644/120
f 1150/645/121 1152/647/122 1151/648/122 1149/646/121
f 1152/647/122 1154/649/123 1153/650/123 1151/648/122
f 1154/649/123 1156/651/124 1155/652/124 1153/650/123
f 1156/651/124 1158/653/125 1157/654/125 1155/652/124
f 1158/653/125 1160/655/126 1159/656/126 1157/654/125
f 1160/655/126 1162/657/127 1161/658/127 1159/656/126
f 1162/657/127 1164/659/128 1163/660/128 1161/658/127
f 1164/659/128 1166/661/129 1165/662/129 1163/660/128
f 1166/661/129 1168/663/130 1167/664/130 1165/662/129
f 1168/663/130 1170/665/131 1169/666/131 1167/664/130
f 1170/665/131 1172/667/132 1171/668/132 1169/666/131
f 1172/667/132 1174/669/133 1173/670/133 1171/668/132
f 1174/669/133 1176/671/134 1175/672/134 1173/670/133
f 1176/671/134 1178/673/135 1177/674/135 1175/672/134
f 1178/673/135 1180/675/136 1179/676/136 1177/674/135
f 1180/675/136 1182/677/137 1181/678/137 1179/676/136
f 1182/677/137 1184/679/138 1183/680/138 1181/678/137
f 1184/679/138 1186/681/139 1185/682/139 1183/680/138
f 1186/681/139 1188/683/140 1187/684/140 1185/682/139
f 1188/683/140 1190/685/141 1189/686/141 1187/684/140
f 1190/685/141 1192/687/142 1191/688/142 1189/686/141
f 1192/687/142 1194/689/143 1193/690/143 1191/688/142
f 1194/689/143 1196/691/144 1195/692/144 1193/690/143
f 1196/691/144 1198/693/145 1197/694/145 1195/692/144
f 1198/693/145 1200/695/146 1199/696/146 1197/694/145
f 1200/695/146 1202/697/147 1201/698/147 1199/696/146
f 1202/697/147 1204/699/148 1203/700/148 1201/698/147
f 1204/699/148 1206/701/149 1205/702/149 1203/700/148
f 1206/701/149 1208/703/150 1207/704/150 1205/702/149
f 1208/703/150 1210/705/151 1209/706/151 1207/704/150
f 1210/705/151 1212/707/152 1211/708/152 1209/706/151
f 1212/707/152 1214/709/153 1213/710/153 1211/708/152
f 1214/709/153 1216/711/154 1215/712/154 1213/710/153
f 1216/711/154 1218/713/155 1217/714/155 1215/712/154
f 1218/713/155 1220/715/156 1219/716/156 1217/714/155
f 1220/715/156 1222/717/157 1221/718/157 1219/716/156
f 1222/717/157 1224/719/158 1223/720/158 1221/718/157
f 1224/719/158 1226/721/159 1225/722/159 1223/720/158
f 1226/721/159 1228/723/160 1227/724/160 1225/722/159
f 1228/723/160 1230/725/161 1229/726/161 1227/724/160
f 1230/725/161 1232/727/162 1231/728/162 1229/726/161
f 1232/727/162 1234/729/163 1233/730/163 1231/728/162
f 1234/729/163 1236/731/164 1235/732/164 1233/730/163
f 1236/731/164 1238/733/165 1237/734/165 1235/732/164
f 1238/733/165 1240/735/166 1239/736/166 1237/734/165
f 1240/735/166 1242/737/167 1241/738/167 1239/736/166
f 1242/737/167 1244/739/168 1243/740/168 1241/738/167
f 1244/739/168 1246/741/169 1245/742/169 1243/740/168
f 1246/741/169 1248/743/170 1247/744/170 1245/742/169
f 1248/743/170 1250/745/171 1249/746/171 1247/744/170
f 1250/745/171 1252/747/172 1251/748/172 1249/746/171
f 1252/747/172 1254/749/173 1253/750/173 1251/748/172
f 1254/749/173 1256/751/174 1255/752/174 1253/750/173
f 1256/751/174 1258/753/175 1257/754/175 1255/752/174
f 1258/753/175 1260/755/176 1259/756/176 1257/754/175
f 1260/755/176 1262/757/177 1261/758/177 1259/756/176
f 1262/757/177 1264/759/178 1263/760/178 1261/758/177
f 1264/759/178 1266/761/179 1265/762/179 1263/760/178
f 1266/761/179 1268/763/180 1267/764/180 1265/762/179
f 1268/763/180 1270/765/181 1269/766/181 1267/764/180
f 1270/765/181 1272/767/182 1271/768/182 1269/766/181
f 1272/767/182 1274/769/183 1273/770/183 1271/768/182
f 1274/769/183 1276/771/184 1275/772/184 1273/770/183
f 1276/771/184 1278/773/185 1277/774/185 1275/772/184
f 1278/773/185 1280/775/186 1279/776/186 1277/774/185
f 1280/775/186 1282/777/187 1281/778/187 1279/776/186
f 1282/777/187 1284/779/188 1283/780/188 1281/778/187
f 1284/779/188 1286/781/189 1285/782/189 1283/780/188
f 1286/781/189 1288/783/190 1287/784/190 1285/782/189
f 1288/783/190 1290/785/191 1289/786/191 1287/784/190
f 1290/785/191 1292/787/192 1291/788/192 1289/786/191
f 1292/787/192 1294/789/193 1293/790/193 1291/788/192
f 1294/789/193 1296/791/194 1295/792/194 1293/790/193
f 1296/791/194 1298/793/195 1297/794/195 1295/792/194
f 1298/793/195 1300/795/196 1299/796/196 1297/794/195
f 1300/795/196 1302/797/197 1301/798/197 1299/796/196
f 1302/797/197 1304/799/198 1303/800/198 1301/798/197
f 1304/799/198 1306/801/199 1305/802/199 1303/800/198
f 1306/801/199 1308/803/200 1307/804/200 1305/802/199
f 1308/803/200 1310/805/201 1309/806/201 1307/804/200
f 1310/805/201 1312/807/202 1311/808/202 1309/806/201
f 1312/807/202 1314/809/203 1313/810/203 1311/808/202
f 1314/809/203 1316/811/204 1315/812/204 1313/810/203
f 1316/811/204 1318/813/205 1317/814/205 1315/812/204
f 1318/813/205 1320/815/206 1319/816/206 1317/814/205
f 1320/815/206 1322/817/207 1321/818/207 1319/816/206
f 1322/817/207 1324/819/208 1323/820/208 1321/818/207
f 1324/819/208 1326/821/209 1325/822/209 1323/820/208
f 1326/821/209 1328/823/210 1327/824/210 1325/822/209
f 1328/823/210 1330/825/211 1329/826/211 1327/824/210
f 1330/825/211 1332/827/212 1331/828/212 1329/826/211
f 1332/827/212 1334/829/213 1333/830/213 1331/828/212
f 1334/829/213 1336/831/214 1335/832/214 1333/830/213
f 1336/831/214 1338/833/215 1337/834/215 1335/832/214
f 1338/833/215 1340/835/216 1339/836/216 1337/834/215
f 1340/835/216 1342/837/217 1341/838/217 1339/836/216
f 1342/837/217 1344/839/218 1343/840/218 1341/838/217
f 1344/839/218 1346/841/219 1345/842/219 1343/840/218
f 1346/841/219 1348/843/220 1347/844/220 1345/842/219
f 1348/843/220 1350/845/221 1349/846/221 1347/844/220
f 1350/845/221 1352/847/222 1351/848/222 1349/846/221
f 1352/847/222 1354/849/223 1353/850/223 1351/848/222
f 1354/849/223 1356/851/224 1355/852/224 1353/850/223
f 1356/851/224 1358/853/225 1357/854/225 1355/852/224
f 1358/853/225 1360/855/226 1359/856/226 1357/854/225
f 1360/855/226 1362/857/227 1361/858/227 1359/856/226
f 1362/857/227 1364/859/228 1363/860/228 1361/858/227
f 1364/859/228 1366/861/229 1365/862/229 1363/860/228
f 1366/861/229 1368/863/230 1367/864/230 1365/862/229
f 1368/863/230 1370/865/231 1369/866/231 1367/864/230
f 1370/865/231 1372/867/232 1371/868/232 1369/866/231
f 1372/867/232 1374/869/233 1373/870/233 1371/868/232
f 1374/869/233 1376/871/234 1375/872/234 1373/870/233
f 1376/871/234 1378/873/235 1377/874/235 1375/872/234
f 1378/873/235 1380/875/236 1379/876/236 1377/874/235
f 1380/875/236 1382/877/237 1381/878/237 1379/876/236
f 1382/877/237 1384/879/238 1383/880/238 1381/878/237
f 1384/879/238 1386/881/239 1385/882/239 1383/880/238
f 1386/881/239 1388/883/240 1387/884/240 1385/882/239
f 1388/883/240 1390/885/241 1389/886/241 1387/884/240
f 1390/885/241 1392/887/242 1391/888/242 1389/886/241
f 1392/887/242 1394/889/243 1393/890/243 1391/888/242
f 1394/889/243 1396/891/244 1395/892/244 1393/890/243
f 1396/891/244 1398/893/245 1397/894/245 1395/892/244
f 1398/893/245 1400/895/246 1399/896/246 1397/894/245
f 1400/895/246 1402/897/247 1401/898/247 1399/896/246
f 1402/897/247 1404/899/248 1403/900/248 1401/898/247
f 1404/899/248 1406/901/249 1405/902/249 1403/900/248
f 1406/901/249 1408/903/250 1407/904/250 1405/902/249
f 1408/903/250 1410/905/251 1409/906/251 1407/904/250
f 1410/905/251 1412/907/252 1411/908/252 1409/906/251
f 1412/907/252 1414/909/253 1413/910/253 1411/908/252
f 1414/909/253 1416/911/254 1415/912/254 1413/910/253
f 1416/911/254 1418/913/255 1417/914/255 1415/912/254
f 1418/913/255 1420/915/256 1419/916/256 1417/914/255
f 1420/915/256 1422/917/257 1421/918/257 1419/916/256
f 1422/917/257 1424/919/258 1423/920/258 1421/918/257
f 1424/919/258 1426/921/259 1425/922/259 1423/920/258
f 1426/921/259 1428/923/260 1427/924/260 1425/922/259
f 1428/923/260 1430/925/261 1429/926/261 1427/924/260
f 1430/925/261 1432/927/262 1431/928/262 1429/926/261
f 1432/927/262 1434/929/263 1433/930/263 1431/928/262
f 1434/929/263 1436/931/264 1435/932/264 1433/930/263
f 1436/931/264 1438/933/265 1437/934/265 1435/932/264
f 1438/933/265 1440/935/266 1439/936/266 1437/934/265
f 1440/935/266 1442/937/267 1441/938/267 1439/936/266
f 1442/937/267 1444/939/268 1443/940/268 1441/938/267
f 1444/939/268 1446/941/269 1445/942/269 1443/940/268
f 1446/941/269 1448/943/270 1447/944/270 1445/942/269
f 1448/943/270 1450/945/271 1449/946/271 1447/944/270
f 1450/945/271 1452/947/272 1451/948/272 1449/946/271
f 1452/947/272 1454/949/273 1453/950/273 1451/948/272
f 1454/949/273 1456/951/274 1455/952/274 1453/950/273
f 1456/951/274 1458/953/275 1457/954/275 1455/952/274
f 1458/953/275 1460/955/276 1459/956/276 1457/954/275
f 1460/955/276 1462/957/277 1461/958/277 1459/956/276
f 1462/957/277 1464/959/278 1463/960/278 1461/958/277
f 1464/959/278 1466/961/279 1465/962/279 1463/960/278
f 1466/961/279 1468/963/280 1467/964/280 1465/962/279
f 1468/963/280 1470/965/281 1469/966/281 1467/964/280
f 1470/965/281 1472/967/282 1471/968/282 1469/966/281
f 1472/967/282 1474/969/283 1473/970/283 1471/968/282
f 1474/969/283 1476/971/284 1475/972/284 1473/970/283
f 1476/971/284 1478/973/285 1477/974/285 1475/972/284
f 1478/973/285 1480/975/286 1479/976/286 1477/974/285
f 1480/975/286 1482/977/287 1481/978/287 1479/976/286
f 1482/977/287 1484/979/288 1483/980/288 1481/978/287
f 1484/979/288 1486/981/289 1485/982/289 1483/980/288
f 1486/981/289 1488/983/290 1487/984/290 1485/982/289
f 1488/983/290 1490/985/291 1489/986/291 1487/984/290
f 1490/985/291 1492/987/292 1491/988/292 1489/986/291
f 1492/987/292 1494/989/81 1493/990/81 1491/988/292
f 1494/989/81 1496/991/217 1495/992/217 1493/990/81
f 1496/991/217 1498/993/293 1497/994/293 1495/992/217
f 1498/993/293 1500/995/294 1499/996/294 1497/994/293
f 1500/995/294 1502/997/295 1501/998/295 1499/996/294
f 1502/997/295 1504/999/296 1503/1000/296 1501/998/295
f 1504/999/296 1506/1001/297 1505/1002/297 1503/1000/296
f 1506/1001/297 1508/1003/298 1507/1004/298 1505/1002/297
f 1508/1003/298 1510/1005/299 1509/1006/299 1507/1004/298
f 1510/1005/299 1512/1007/300 1511/1008/300 1509/1006/299
f 1512/1007/300 1514/1009/301 1513/1010/301 1511/1008/300
f 1514/1009/301 1516/1011/302 1515/1012/302 1513/1010/301
f 1516/1011/302 1518/1013/303 1517/1014/303 1515/1012/302
f 1518/1013/303 1520/1015/304 1519/1016/304 1517/1014/303
f 1520/1015/304 1522/1017/305 1521/1018/305 1519/1016/304
f 1522/1017/305 1524/1019/306 1523/1020/306 1521/1018/305
f 1524/1019/306 1526/1021/307 1525/1022/307 1523/1020/306
f 1526/1021/307 1528/1023/308 1527/1024/308 1525/1022/307
f 1528/1023/308 1530/1025/309 1529/1026/309 1527/1024/308
f 1530/1025/309 1532/1027/310 1531/1028/310 1529/1026/309
f 1532/1027/310 1534/1029/311 1533/1030/311 1531/1028/310
f 1534/1029/311 1536/1031/312 1535/1032/312 1533/1030/311
f 1536/1031/312 1538/1033/313 1537/1034/313 1535/1032/312
f 1538/1033/313 1540/1035/314 1539/1036/314 1537/1034/313
f 1540/1035/314 1542/1037/315 1541/1038/315 1539/1036/314
f 1542/1037/315 1544/1039/316 1543/1040/316 1541/1038/315
f 1544/1039/316 968/1041/30 967/96/30 1543/1040/316
f 1546/464/81 1548/1042/217 1547/1043/217 1545/73/81
f 1548/1042/217 1550/1044/317 1549/1045/317 1547/1043/217
f 1550/1044/317 1552/1046/318 1551/1047/318 1549/1045/317
f 1552/1046/318 1554/1048/319 1553/1049/319 1551/1047/318
f 1554/1048/319 1556/1050/320 1555/1051/320 1553/1049/319
f 1556/1050/320 1558/1052/321 1557/1053/321 1555/1051/320
f 1558/1052/321 1560/1054/322 1559/1055/322 1557/1053/321
f 1560/1054/322 1562/1056/323 1561/1057/323 1559/1055/322
f 1562/1056/323 1564/1058/324 1563/1059/324 1561/1057/323
f 1564/1058/324 1566/1060/325 1565/1061/325 1563/1059/324
f 1566/1060/325 1568/1062/326 1567/1063/326 1565/1061/325
f 1568/1062/326 1570/1064/327 1569/1065/327 1567/1063/326
f 1570/1064/327 1572/1066/328 1571/184/328 1569/1065/327
f 1572/1066/328 1574/1067/329 1573/1068/329 1571/184/328
f 1574/1067/329 1576/1069/330 1575/1070/330 1573/1068/329
f 1576/1069/330 1578/1071/120 1577/1072/120 1575/1070/330
f 1578/1071/120 1580/1073/331 1579/1074/331 1577/1072/120
f 1580/1073/331 1582/1075/332 1581/1076/332 1579/1074/331
f 1582/1075/332 1584/1077/333 1583/1078/333 1581/1076/332
f 1584/1077/333 1586/1079/334 1585/1080/334 1583/1078/333
f 1586/1079/334 1588/1081/335 1587/1082/335 1585/1080/334
f 1588/1081/335 1590/1083/336 1589/1084/336 1587/1082/335
f 1590/1083/336 1592/1085/337 1591/1086/337 1589/1084/336
f 1592/1085/337 1594/1087/338 1593/1088/338 1591/1086/337
f 1594/1087/338 1596/1089/339 1595/1090/339 1593/1088/338
f 1596/1089/339 1598/1091/340 1597/408/340 1595/1090/339
f 1598/1091/340 1600/1092/341 1599/1093/341 1597/408/340
f 1600/1092/341 1602/1094/342 1601/1095/342 1599/1093/341
f 1602/1094/342 1604/1096/343 1603/1097/343 1601/1095/342
f 1604/1096/343 1606/1098/344 1605/1099/344 1603/1097/343
f 1606/1098/344 1608/1100/345 1607/1101/345 1605/1099/344
f 1608/1100/345 1610/1102/346 1609/1103/346 1607/1101/345
f 1610/1102/346 1612/1104/347 1611/1105/347 1609/1103/346
f 1612/1104/347 1614/1106/348 1613/1107/348 1611/1105/347
f 1614/1106/348 1616/1108/349 1615/1109/349 1613/1107/348
f 1616/1108/349 1618/1110/350 1617/1111/350 1615/1109/349
f 1618/1110/350 1620/1112/178 1619/1113/178 1617/1111/350
f 1620/1112/178 1622/1114/351 1621/1115/351 1619/1113/178
f 1622/1114/351 1624/1116/352 1623/422/352 1621/1115/351
f 1624/1116/352 1626/1117/353 1625/1118/353 1623/422/352
f 1626/1117/353 1628/1119/354 1627/1120/354 1625/1118/353
f 1628/1119/354 1630/1121/355 1629/1122/355 1627/1120/354
f 1630/1121/355 1632/1123/356 1631/1124/356 1629/1122/355
f 1632/1123/356 1634/1125/357 1633/1126/357 1631/1124/356
f 1634/1125/357 1636/1127/358 1635/1128/358 1633/1126/357
f 1636/1127/358 1638/1129/359 1637/1130/359 1635/1128/358
f 1638/1129/359 1640/1131/360 1639/1132/360 1637/1130/359
f 1640/1131/360 1642/1133/361 1641/1134/361 1639/1132/360
f 1642/1133/361 1644/1135/362 1643/1136/362 1641/1134/361
f 1644/1135/362 1646/1137/363 1645/1138/363 1643/1136/362
f 1646/1137/363 1648/1139/364 1647/1140/364 1645/1138/363
f 1648/1139/364 1546/1041/81 1545/96/81 1647/1140/364
f 1650/464/365 1652/1042/80 1651/1043/80 1649/73/365
f 1652/1042/80 1654/1044/218 1653/1045/218 1651/1043/80
f 1654/1044/218 1656/1046/366 1655/1047/366 1653/1045/218
f 1656/1046/366 1658/1048/367 1657/1049/367 1655/1047/366
f 1658/1048/367 1660/1050/368 1659/1051/368 1657/1049/367
f 1660/1050/368 1662/1052/369 1661/1053/369 1659/1051/368
f 1662/1052/369 1664/1054/370 1663/1055/370 1661/1053/369
f 1664/1054/370 1666/1056/371 1665/1057/371 1663/1055/370
f 1666/1056/371 1668/1058/372 1667/1059/372 1665/1057/371
f 1668/1058/372 1670/1060/373 1669/1061/373 1667/1059/372
f 1670/1060/373 1672/1062/374 1671/1063/374 1669/1061/373
f 1672/1062/374 1674/1064/375 1673/1065/375 1671/1063/374
f 1674/1064/375 1676/1066/376 1675/184/376 1673/1065/375
f 1676/1066/376 1678/1067/377 1677/1068/377 1675/184/376
f 1678/1067/377 1680/1069/378 1679/1070/378 1677/1068/377
f 1680/1069/378 1682/1071/379 1681/1072/379 1679/1070/378
f 1682/1071/379 1684/1073/380 1683/1074/380 1681/1072/379
f 1684/1073/380 1686/1075/381 1685/1076/381 1683/1074/380
f 1686/1075/381 1688/1077/382 1687/1078/382 1685/1076/381
f 1688/1077/382 1690/1079/383 1689/1080/383 1687/1078/382
f 1690/1079/383 1692/1081/384 1691/1082/384 1689/1080/383
f 1692/1081/384 1694/1083/385 1693/1084/385 1691/1082/384
f 1694/1083/385 1696/1085/386 1695/1086/386 1693/1084/385
f 1696/1085/386 1698/1087/387 1697/1088/387 1695/1086/386
f 1698/1087/387 1700/1089/388 1699/1090/388 1697/1088/387
f 1700/1089/388 1702/1091/389 1701/408/389 1699/1090/388
f 1702/1091/389 1704/1092/390 1703/1093/390 1701/408/389
f 1704/1092/390 1706/1094/391 1705/1095/391 1703/1093/390
f 1706/1094/391 1708/1096/392 1707/1097/392 1705/1095/391
f 1708/1096/392 1710/1098/393 1709/1099/393 1707/1097/392
f 1710/1098/393 1712/1100/394 1711/1101/394 1709/1099/393
f 1712/1100/394 1714/1102/395 1713/1103/395 1711/1101/394
f 1714/1102/395 1716/1104/396 1715/1105/396 1713/1103/395
f 1716/1104/396 1718/1106/397 1717/1107/397 1715/1105/396
f 1718/1106/397 1720/1108/398 1719/1109/398 1717/1107/397
f 1720/1108/398 1722/1110/399 1721/1111/399 1719/1109/398
f 1722/1110/399 1724/1112/400 1723/1113/400 1721/1111/399
f 1724/1112/400 1726/1114/401 1725/1115/401 1723/1113/400
f 1726/1114/401 1728/1116/402 1727/422/402 1725/1115/401
f 1728/1116/402 1730/1117/403 1729/1118/403 1727/422/402
f 1730/1117/403 1732/1119/404 1731/1120/404 1729/1118/403
f 1732/1119/404 1734/1121/405 1733/1122/405 1731/1120/404
f 1734/1121/405 1736/1123/406 1735/1124/406 1733/1122/405
f 1736/1123/406 1738/1125/407 1737/1126/407 1735/1124/406
f 1738/1125/407 1740/1127/408 1739/1128/408 1737/1126/407
f 1740/1127/408 1742/1129/409 1741/1130/409 1739/1128/408
f 1742/1129/409 1744/1131/410 1743/1132/410 1741/1130/409
f 1744/1131/410 1746/1133/411 1745/1134/411 1743/1132/410
f 1746/1133/411 1748/1135/412 1747/1136/412 1745/1134/411
f 1748/1135/412 1750/1137/413 1749/1138/413 1747/1136/412
f 1750/1137/413 1752/1139/414 1751/1140/414 1749/1138/413
f 1752/1139/414 1650/1041/365 1649/96/365 1751/1140/414
